master_record_number,agency,agency_tracking_number,county,city,collision_date,vehicles_involved,number_injured,number_dead,latitude,longitude,roadway_name,roadway_suffix,roadway_number,roadway_local_id,distance_from_reference,miles-feet_indicator,direction_from_reference,intersection_road_name,intersection_road_name_suffix,intersection_road_number,intersection_local_id,mile_marker,intersection_indicator,intersect_type,interchange_related_indicator,relation_to_junction,work_zone_type,construction_maintenance_zone,construction_maintenance_zone_location,fatal_case_number,officer_first_name,officer_last_name,weather_condition(s),manner_of_crash,pedestrian,bicycle,scooter,parking,hitrun,mou
101500834,METROPOLITAN NASHVILLE POLICE DEPT,20170027442,Davidson,Nashville,1/10/2017 7:20:00 AM,3,0,0,36.079600,-86.726320,HARDING PL,,,,0.00,,,NOLENSVILLE PKE,,,,0.00,Y,Four-Way,N,Intersection-Related,None,,,         ,Earl,Davis,Cloudy,Front to Rear,no,no,no,no,no,False
101500835,METROPOLITAN NASHVILLE POLICE DEPT,20170027842,Davidson,Nashville,1/10/2017 10:38:00 AM,2,0,0,36.134450,-86.726910,I24E,,,,729.00,Feet,South,I24 E ENT RAMP,,,,0.00,N,Not at Intersection, ,Non-Junction,None,,,         ,Jessie,Meadows,Clear,Front to Rear,no,no,no,no,no,False
101500849,METROPOLITAN NASHVILLE POLICE DEPT,20170027650,Davidson,Nashville,1/10/2017 8:58:00 AM,2,0,0,36.100400,-86.817870,OVERHILL DR,,,,0.00,,,GALBRAITH DR,,,,0.00,Y,Y-Intersection, ,Intersection-Related,None,,,         ,Nathan,Smith,Cloudy,Front to Rear,no,no,no,no,no,False
101500857,METROPOLITAN NASHVILLE POLICE DEPT,20170027820,Davidson,Nashville,1/10/2017 10:00:00 AM,2,0,0,36.150150,-86.857950,CHARLOTTE PKE,,,,0.00,,,WHITE BRIDGE PKE,,,,0.00,Y,Four-Way, ,Intersection-Related,None,,,         ,Douglas,Atwood,Cloudy,Front to Rear,no,no,no,no,no,False
101500873,METROPOLITAN NASHVILLE POLICE DEPT,20170027942,Davidson,Not in City Limit,1/10/2017 10:50:00 AM,1,1,0,36.070910,-87.003380,MCCRORY LN,,,,0.55,Miles,South,FAIRDALE CT,,,,0.00,N,Not at Intersection,N,Non-Junction,None,,,         ,Curtis,Rich,Cloudy,Not Collision with Motor Vehicle in Transport,no,no,no,no,no,False
101500876,METROPOLITAN NASHVILLE POLICE DEPT,20170027656,Davidson,Nashville,1/10/2017 12:00:00 AM,2,0,0,36.190810,-86.799680,VANTAGE WAY CT,,,,229.00,Feet,West,VANTAGE WAY,,,,0.00,N,Not at Intersection,N,Non-Junction,None,,,         ,Julie,Nabors,Cloudy,Front to Rear,no,no,no,no,yes,False
101500895,METROPOLITAN NASHVILLE POLICE DEPT,2017-0027345,Davidson,Nashville,1/10/2017 6:49:00 AM,2,0,0,36.120220,-86.808300,HILLSBORO PKE,,,,200.00,Feet,South,LOMBARDY AV,,,,0.00,N,Not at Intersection, ,Non-Junction,None,,,         ,Allen,Bates,Cloudy,Front to Rear,no,no,no,no,no,False
101500907,METROPOLITAN NASHVILLE POLICE DEPT,20170028037,Davidson,Nashville,1/10/2017 11:24:00 AM,2,0,0,36.137060,-86.700050,GLASTONBURY RD,,,,122.00,Feet,West,BRILEY PKWY,,,,0.00,N,Not at Intersection, ,Non-Junction,None,,,         ,MIchael,Mihajlov,Clear,Angle,no,no,no,no,no,False
101500926,METROPOLITAN NASHVILLE POLICE DEPT,20170028068,Davidson,Nashville,1/10/2017 11:41:00 AM,2,1,0,36.091250,-86.761590,SIDCO DR,,,,50.00,Feet,South,KENILWOOD DR,,,,0.00,N,Not at Intersection,N,Non-Junction,None,,,         ,Nathaniel,Myers,Cloudy,Front to Rear,no,no,no,no,no,False
101500936,METROPOLITAN NASHVILLE POLICE DEPT,20170027966,Davidson,Nashville,1/10/2017 10:55:00 AM,2,0,0,36.024300,-86.742390,EDMONDSON PKE,,,,0.00,,,BANBURY STA,,,,0.00,Y,Four-Way,N,Intersection,None,,,         ,Earl,Davis,Cloudy,Front to Rear,no,no,no,no,no,False
101500937,METROPOLITAN NASHVILLE POLICE DEPT,20170028086,Davidson,Antioch,1/10/2017 11:22:00 AM,1,0,0,36.071310,-86.589300,PADDINGTON WAY,,,,96.00,Feet,West,BENCH MARK DR,,,,0.00,N,Not at Intersection,N,Non-Junction,None,,,         ,Peter,Vaught,Clear,Not Collision with Motor Vehicle in Transport,no,no,no,no,no,False
101500953,METROPOLITAN NASHVILLE POLICE DEPT,20170027991,Davidson,Nashville,1/10/2017 11:00:00 AM,2,0,0,36.079890,-86.696130,I 24,,,,0.00,,,,,,,56.20,N,Not at Intersection,N,Non-Junction,None,,,         ,Jessie,Meadows,Clear,Angle,no,no,no,no,no,False
101500958,METROPOLITAN NASHVILLE POLICE DEPT,20170027328,Davidson,Nashville,1/10/2017 6:22:00 AM,2,1,0,36.050840,-86.775150,I 65,,,,0.00,,,,,,,74.60,N,Not at Intersection,N,Non-Junction,None,,,         ,Sean,Williams,Clear,Front to Rear,no,no,no,no,no,False
101500972,METROPOLITAN NASHVILLE POLICE DEPT,20170027955,Davidson,Nashville,1/10/2017 10:48:00 AM,7,1,0,36.198680,-86.776430,I 65,,,,0.00,,,,,,,86.80,N,Not at Intersection,N,Non-Junction,None,,,         ,John,Tyree,Clear,Front to Rear,no,no,no,no,no,False
101500974,METROPOLITAN NASHVILLE POLICE DEPT,20170027886,Davidson,Nashville,1/10/2017 10:15:00 AM,2,0,0,36.086850,-86.697080,HARDING PL,,,,333.00,Feet,West,S PERIMETER PARK DR,,,,0.00,N,Not at Intersection,N,"Driveway, Alley Access, etc",None,,,         ,Todd,Watson,Cloudy,Angle,no,no,no,no,yes,False
101500979,METROPOLITAN NASHVILLE POLICE DEPT,20170028134,Davidson,Nashville,1/10/2017 1:34:00 PM,2,0,0,36.045460,-86.712270,OLD HICKORY BLVD,,,,294.00,Feet,East,NOLENSVILLE PKE,,,,0.00,N,Not at Intersection, ,Non-Junction,None,,,         ,Jessie,Meadows,Clear,Front to Rear,no,no,no,no,no,False
101501019,METROPOLITAN NASHVILLE POLICE DEPT,20170027384,Davidson,Nashville,1/10/2017 7:20:00 AM,2,0,0,36.116140,-86.795330,I 440,,,,0.00,,,,,,,3.70,N,Not at Intersection, ,Non-Junction,None,,,         ,Nathan,Smith,Cloudy,"Sideswipe, Same Direction",no,no,no,no,no,False
101501033,METROPOLITAN NASHVILLE POLICE DEPT,20170027689,Davidson,Nashville,1/10/2017 7:23:00 AM,2,0,0,36.177620,-86.785100,2ND AVN,,,,335.00,Feet,North,MADISON ST,,,,0.00,N,Not at Intersection, ,Non-Junction,None,,,         ,Wesley,Henderson,Cloudy,"Sideswipe, Same Direction",no,no,no,no,no,False
101501043,METROPOLITAN NASHVILLE POLICE DEPT,20170027340,Davidson,Not in City Limit,1/10/2017 6:18:00 AM,3,0,0,36.324430,-86.871580,I 24,,,,0.00,,,,,,,34.75,N,Not at Intersection,N,Non-Junction,None,,,         ,Carlos,angulo,Cloudy,Front to Rear,no,no,no,no,no,False
101501044,METROPOLITAN NASHVILLE POLICE DEPT,20170027327,Davidson,Nashville,1/10/2017 6:42:00 AM,2,0,0,36.093290,-86.705690,I 24,,,,0.00,,,,,,,55.10,N,Not at Intersection,N,Non-Junction,None,,,         ,Kevin,Coleman,Clear,Front to Rear,no,no,no,no,no,False
101501046,METROPOLITAN NASHVILLE POLICE DEPT,20170028401,Davidson,Nashville,1/10/2017 1:30:00 PM,2,0,0,36.165410,-86.764190,I 24,,,,0.00,,,,,,,49.00,N,Not at Intersection, ,,None,,,         ,Christian,Martin,,,no,no,no,no,no,False
101501068,METROPOLITAN NASHVILLE POLICE DEPT,20170027437,Davidson,Nashville,1/6/2017 12:00:00 AM,1,1,0,36.102370,-86.762200,POWELL AV,,,,3.00,Feet,North,ARMORY DR EXT RAMP,,,,0.00,N,Not at Intersection,N,Non-Junction,None,,,         ,Sean,Williams,Snow,Not Collision with Motor Vehicle in Transport,no,no,no,no,no,False
101501083,METROPOLITAN NASHVILLE POLICE DEPT,2017-0028341,Davidson,Nashville,1/10/2017 12:00:00 AM,2,0,0,36.162710,-86.775710,2ND AVN,,,,221.00,Feet,South,COMMERCE ST,,,,0.00,N,Not at Intersection, ,Non-Junction,None,,,         ,Melissa,Flores,Cloudy,Unknown,no,no,no,no,yes,False
101501087,METROPOLITAN NASHVILLE POLICE DEPT,20170027349,Davidson,Not in City Limit,1/10/2017 6:50:00 AM,2,0,0,36.023190,-86.630140,I 24,,,,0.00,,,,,,,61.75,N,Not at Intersection, ,Non-Junction,None,,,         ,Jedidayah,Merriweather,Cloudy,"Sideswipe, Same Direction",no,no,no,no,no,False
101501091,METROPOLITAN NASHVILLE POLICE DEPT,20170028010,Davidson,Nashville,1/10/2017 8:45:00 AM,2,1,0,36.152240,-86.625070,BELL RD,,,,0.00,,,STEWARTS FERRY PKE,,,,0.00,Y,Four-Way,N,Intersection,None,,,         ,James,Curtis,Cloudy,Front to Rear,no,no,no,no,yes,False
101501093,METROPOLITAN NASHVILLE POLICE DEPT,20170028302,Davidson,Nashville,1/10/2017 12:54:00 PM,1,0,0,36.142360,-86.681180,I 40,,,,0.00,,,,,,,215.80,N,Not at Intersection, ,Non-Junction,None,,,         ,MIchael,Mihajlov,Clear,Not Collision with Motor Vehicle in Transport,no,no,no,no,no,False
101501103,METROPOLITAN NASHVILLE POLICE DEPT,20170028412,Davidson,Nashville,1/10/2017 1:30:00 PM,2,0,0,36.228180,-86.725530,GWYNN DR,,,,77.00,Feet,West,GALLATIN PKE,,,,0.00,N,Not at Intersection, ,Non-Junction,None,,,         ,Eric,Knight,Cloudy,"Sideswipe, Same Direction",no,no,no,no,yes,False
101501105,METROPOLITAN NASHVILLE POLICE DEPT,2017-0028452,Davidson,Nashville,1/10/2017 1:41:00 PM,2,0,0,36.082430,-86.711240,HARDING PL,,,,237.00,Feet,West,TAMPA DR,,,,0.00,N,Not at Intersection,N,Non-Junction,None,,,         ,William,Whitworth,Cloudy,"Sideswipe, Same Direction",no,no,no,no,yes,False
101501108,VANDERBILT UNIVERSITY POLICE,17-0028428,Davidson,Nashville,1/10/2017 1:00:00 PM,2,0,0,36.150520,-86.803140,HAYES ST,,,,0.00,,,,,,,0.00,,, ,Non-Junction,None,,,         ,William,Gladu,Cloudy,"Sideswipe, Same Direction",no,no,no,yes,no,Campus
101501109,BERRY HILL POLICE DEPT,17-0107,Davidson,Berry Hill,1/9/2017 1:49:00 PM,2,0,0,36.126610,-86.773470,CRAIGHEAD ST,,,,253.00,Feet,East,WHITE AV,,,,0.00,N,Not at Intersection, ,Non-Junction,None,,,         ,Ronnie,Hill,Cloudy,"Sideswipe, Same Direction",no,no,no,no,no,False
101501110,BERRY HILL POLICE DEPT,17-0125,Davidson,Berry Hill,1/10/2017 7:45:00 AM,2,0,0,36.125970,-86.769030,CRAIGHEAD ST,,,,0.00,,,,,,,0.00,,Not at Intersection, ,"Driveway, Alley Access, etc",None,,,         ,Ronnie,Hill,Cloudy,Angle,no,no,no,yes,no,False
101501140,METROPOLITAN NASHVILLE POLICE DEPT,20170028336,Davidson,Nashville,1/10/2017 1:30:00 PM,2,0,0,36.154020,-86.765180,LINDSLEY AV,,,,0.00,,,ACADEMY PL,,,,0.00,Y,Four-Way,N,Intersection,None,,,         ,FELIKS,ABRAHAMYAN,Cloudy,Angle,no,no,no,no,no,False
101501147,METROPOLITAN NASHVILLE POLICE DEPT,20170028579,Davidson,Nashville,1/10/2017 12:55:00 PM,2,0,0,36.192950,-86.616500,OLD HICKORY BLVD,,,,214.00,Feet,North,HERMITAGE MARKETPLACE PVTDR,,,,0.00,N,Not at Intersection,N,Non-Junction,None,,,         ,Mikala,Moore,Cloudy,"Sideswipe, Opposite Direction",no,no,no,yes,yes,False
101501158,METROPOLITAN NASHVILLE POLICE DEPT,2017-0027601,Davidson,Nashville,1/10/2017 8:45:00 AM,2,0,0,36.133940,-86.764840,RAINS AV,,,,38.00,Feet,North,BYRUM AV,,,,0.00,N,Not at Intersection,N,Non-Junction,None,,,         ,Shedie,Herbert III,Cloudy,"Sideswipe, Same Direction",no,no,no,no,no,False
101501171,METROPOLITAN NASHVILLE POLICE DEPT,20170028585,Davidson,Nashville,1/10/2017 1:50:00 PM,2,1,0,36.187260,-86.608320,ANDREW JACKSON PKWY,,,,161.00,Feet,North,ANDREW JACKSON WAY,,,,0.00,N,Not at Intersection,N,OtherLocation,None,,,         ,Christopher,Mackey,Cloudy,Front to Rear,no,no,no,no,yes,False
101501181,METROPOLITAN NASHVILLE POLICE DEPT,20170028635,Davidson,Nashville,1/10/2017 3:08:00 PM,2,0,0,36.046780,-86.679060,BELL RD,,,,107.00,Feet,East,BRITTANY PARK DR,,,,0.00,N,Not at Intersection, ,Non-Junction,None,,,         ,Alyson,Cook,Clear,Front to Rear,no,no,no,no,no,False
101501182,METROPOLITAN NASHVILLE POLICE DEPT,20170028028,Davidson,Nashville,1/10/2017 11:20:00 AM,1,1,0,36.050640,-86.660000,HICKORY HOLLOW PL,,,,72.00,Feet,West,HICKORY HOLLOW MALL PVTDR PL,,,,0.00,N,Not at Intersection,N,Non-Junction,None,,,         ,Jedidayah,Merriweather,Cloudy,Not Collision with Motor Vehicle in Transport,yes,no,no,yes,no,False
101501186,METROPOLITAN NASHVILLE POLICE DEPT,20170028657,Davidson,Nashville,1/10/2017 3:00:00 PM,2,0,0,36.144770,-86.711760,ELM HILL PKE,,,,217.00,Feet,West,MASSMAN DR,,,,0.00,N,Not at Intersection, ,Non-Junction,None,,,         ,John,Kelley,Cloudy,Angle,no,no,no,no,no,False
101501193,METROPOLITAN NASHVILLE POLICE DEPT,20170028681,Davidson,Nashville,1/10/2017 3:20:00 PM,2,0,0,36.160760,-86.793690,CHARLOTTE AV,,,,0.00,,,14TH AVN,,,,0.00,Y,OTHER, ,Intersection-Related,None,,,         ,Michael,Baron,Cloudy,Angle,no,no,no,no,no,False
101501202,METROPOLITAN NASHVILLE POLICE DEPT,20170028670,Davidson,Nashville,1/10/2017 3:22:00 PM,1,0,0,36.172750,-86.802870,HEIMAN ST,,,,233.00,Feet,East,16TH AVN,,,,0.00,N,Not at Intersection,Y,Non-Junction,None,,,         ,Michael,Brooks,Unknown,Not Collision with Motor Vehicle in Transport,no,no,no,no,yes,False
101501203,METROPOLITAN NASHVILLE POLICE DEPT,20170028719,Davidson,Nashville,1/10/2017 3:37:00 PM,3,0,0,36.206900,-86.792020,W TRINITY LN,,,,134.00,Feet,West,WHITES CREEK PKE,,,,0.00,N,Not at Intersection,N,Non-Junction,None,,,         ,Michael,Brooks,Cloudy,Angle,no,no,no,no,no,False
101501222,METROPOLITAN NASHVILLE POLICE DEPT,20170029028,Davidson,Nashville,1/10/2017 4:37:00 PM,2,0,0,36.121640,-86.806580,I440 E ENT RAMP,,,,0.00,Feet,East,I 440,,,,0.00,N,Not at Intersection, ,Entrance/Exit Ramp Related,None,,,         ,Tien,Nguyen,Rain,Front to Rear,no,no,no,no,no,False
101501223,THP District 3 - Nashville,317001564,Davidson,Not in City Limit,1/8/2017 11:35:00 AM,3,0,0,36.345890,-86.927730,I-24 EB 31 MM ENTRANCE RAMP,,,,0.00,Feet,East,I 24,,,,0.00,N,Not at Intersection, ,Non-Junction,None,,,         ,Jennifer,Hicks,Clear,"Sideswipe, Same Direction",no,no,no,no,no,False
101501239,METROPOLITAN NASHVILLE POLICE DEPT,20170028826,Davidson,Nashville,1/10/2017 2:30:00 PM,2,0,0,36.045370,-86.713260,NOLENSVILLE PKE,,,,0.00,,,OLD HICKORY BLVD,,,,0.00,Y,Four-Way, ,Intersection,None,,,         ,Nicholas,Berens,Cloudy,Front to Rear,no,no,no,no,no,False
101501246,METROPOLITAN NASHVILLE POLICE DEPT,20170028814,Davidson,Goodlettsville,1/10/2017 12:00:00 AM,2,0,0,36.292060,-86.720660,I 65,,,,0.00,,,,,,,94.40,N,Not at Intersection,N,Non-Junction,None,,,         ,Joel,Callies,Rain,Front to Rear,no,no,no,no,no,False
101501262,GOODLETTSVILLE POLICE DEPT,17-01334,Davidson,Goodlettsville,1/10/2017 5:25:00 PM,3,0,0,36.322360,-86.701550,CONFERENCE DR,,,,66.00,Feet,North,MUSIC CITY CENTER PVTDR,,,,0.00,N,Not at Intersection, ,Non-Junction,None,,,         ,Ashley,Akers,Rain,Front to Rear,no,no,no,no,no,False
101501266,METROPOLITAN NASHVILLE POLICE DEPT,20170029010,Davidson,Nashville,1/10/2017 5:00:00 PM,2,0,0,36.153150,-86.857350,I40 W EXT RAMP,,,,0.00,Feet,East,I 40,,,,0.00,N,Not at Intersection, ,,None,,,         ,Ethan,Usherwood,,,no,no,no,no,no,False
101501267,METROPOLITAN NASHVILLE POLICE DEPT,20170029152,Davidson,Nashville,1/10/2017 5:08:00 PM,2,0,0,36.200590,-86.740140,GALLATIN PKE,,,,199.00,Feet,North,SPAIN AV,,,,0.00,N,Not at Intersection, ,Non-Junction,None,,,         ,James,Smith,Rain,Front to Rear,no,no,no,no,no,False
101501279,METROPOLITAN NASHVILLE POLICE DEPT,20170029143,Davidson,Nashville,1/10/2017 5:38:00 PM,2,0,0,36.089650,-86.806020,HARDING PL,,,,0.00,,,BELMONT PARK TER,,,,0.00,Y,Four-Way, ,Intersection,None,,,         ,Ralph,Smith IV,Clear,Front to Rear,no,no,no,no,no,False
101501283,METROPOLITAN NASHVILLE POLICE DEPT,20170029172,Davidson,Nashville,1/10/2017 5:10:00 PM,2,0,0,36.247300,-86.743190,I65 N ENT RAMP,,,,0.00,Feet,East,I 65,,,,0.00,N,Not at Intersection, ,Non-Junction,None,,,         ,Jordan,Vrbas,Clear,"Sideswipe, Same Direction",no,no,no,no,no,False
101501292,METROPOLITAN NASHVILLE POLICE DEPT,20170029077,Davidson,Goodlettsville,1/10/2017 5:20:00 PM,2,0,0,36.286610,-86.726910,I 65,,,,0.00,,,,,,,93.90,N,Not at Intersection, ,Non-Junction,None,,,         ,Christopher,Lawson,Clear,Front to Rear,no,no,no,no,no,False
101501308,METROPOLITAN NASHVILLE POLICE DEPT,20170029121,Davidson,Not in City Limit,1/10/2017 5:33:00 PM,3,0,0,36.019340,-86.709330,NOLENSVILLE PKE,,,,33.00,Feet,North,SHANE POINT PL,,,,0.00,N,Not at Intersection,N,Non-Junction,None,,,         ,Joseph,Progar,Rain,Front to Rear,no,no,no,no,no,False
101501309,METROPOLITAN NASHVILLE POLICE DEPT,20170029194,Davidson,Nashville,1/10/2017 6:00:00 PM,2,0,0,36.110590,-86.722420,I 24,,,,0.00,,,,,,,53.65,N,Not at Intersection, ,Non-Junction,None,,,         ,Andrew,Mullen,Rain,Front to Rear,no,no,no,no,no,False
101501310,METROPOLITAN NASHVILLE POLICE DEPT,20170029270,Davidson,Nashville,1/10/2017 6:07:00 PM,2,0,0,36.045820,-86.716930,HICKORY PLZ,,,,100.00,Feet,North,OLD HICKORY BLVD,,,,0.00,N,Not at Intersection, ,Non-Junction,None,,,         ,Miguel,Garcia,Clear,Front to Rear,no,no,no,no,yes,False
101501311,METROPOLITAN NASHVILLE POLICE DEPT,20170028774,Davidson,Nashville,1/10/2017 1:07:00 PM,1,0,0,36.095160,-86.628460,KOTTAS PL,,,,160.00,Feet,East,HARBOR LIGHTS DR,,,,0.00,N,Not at Intersection, ,Non-Junction,None,,,         ,Reuben,Hewit,Clear,Not Collision with Motor Vehicle in Transport,no,no,no,no,yes,False
101501325,METROPOLITAN NASHVILLE POLICE DEPT,20170029127,Davidson,Nashville,1/10/2017 5:38:00 PM,2,1,0,36.142050,-86.627530,BELL RD,,,,366.00,Feet,North,ELM HILL PKE,,,,0.00,N,Not at Intersection,N,Non-Junction,None,,,         ,Patrick,Taylor,Clear,Front to Rear,no,no,no,no,no,False
101501331,METROPOLITAN NASHVILLE POLICE DEPT,20170029163,Davidson,Nashville,1/10/2017 5:50:00 PM,2,1,0,36.150150,-86.700200,ACORN DR,,,,0.00,,,ELM HILL PKE,,,,0.00,Y,Four-Way,Y,Intersection,None,,,         ,John,Kelley,Cloudy,Angle,no,no,no,no,no,False
101501335,METROPOLITAN NASHVILLE POLICE DEPT,20170029040,Davidson,Nashville,1/10/2017 5:09:00 PM,2,1,0,36.142270,-86.762450,2ND AVS,,,,29.00,Feet,North,HART ST,,,,0.00,N,Not at Intersection,N,Non-Junction,None,,,         ,Alyson,Cook,Clear,"Sideswipe, Same Direction",no,no,no,no,no,False
101501336,METROPOLITAN NASHVILLE POLICE DEPT,20170029179,Davidson,Nashville,1/10/2017 5:58:00 PM,2,0,0,36.184250,-86.798020,I 65,,,,0.00,,,,,,,85.30,N,Not at Intersection, ,Non-Junction,None,,,         ,Christopher,Templin,Clear,Front to Rear,no,no,no,no,no,False
101501337,METROPOLITAN NASHVILLE POLICE DEPT,20170028961,Davidson,Nashville,1/10/2017 4:45:00 PM,2,0,0,36.045660,-86.660360,I24 E EXT RAMP,,,,0.00,,,I 24,,,,0.00,Y,OTHER, ,Entrance/Exit Ramp Related,None,,,         ,Kevin,Keating,Cloudy,Front to Rear,no,no,no,no,no,False
101501338,METROPOLITAN NASHVILLE POLICE DEPT,20170029312,Davidson,Not in City Limit,1/10/2017 6:30:00 PM,1,0,0,36.344290,-86.872050,WHITES CREEK PKE,,,,1262.00,Feet,South,GREENBRIER RD,,,,0.00,N,Not at Intersection,N,Non-Junction,None,,,         ,Kayla,Castro,Cloudy,Not Collision with Motor Vehicle in Transport,no,no,no,no,no,False
101501341,METROPOLITAN NASHVILLE POLICE DEPT,20170028912,Davidson,Nashville,1/10/2017 5:15:00 PM,2,0,0,36.064040,-86.631460,HAMILTON CROSSINGS,,,,539.00,Feet,North,HAMILTON CHURCH RD,,,,0.00,N,Not at Intersection,N,Non-Junction,None,,,         ,Jessie,Meadows,Clear,"Sideswipe, Same Direction",no,no,no,yes,yes,False
101501342,METROPOLITAN NASHVILLE POLICE DEPT,20170029073,Davidson,Nashville,1/10/2017 5:55:00 PM,2,0,0,36.060410,-86.695610,COLEMONT DR,,,,60.00,Feet,South,KEELEY DR,,,,0.00,N,Not at Intersection,N,Non-Junction,None,,,         ,Jessie,Meadows,Clear,"Sideswipe, Opposite Direction",no,no,no,no,yes,False
101501343,METROPOLITAN NASHVILLE POLICE DEPT,20170029305,Davidson,Nashville,1/10/2017 6:27:00 PM,2,1,0,36.168560,-86.796720,I 40,,,,0.00,,,,,,,208.15,N,Not at Intersection,N,Non-Junction,None,,,         ,Michael,Brooks,Cloudy,"Sideswipe, Same Direction",no,no,no,no,no,False
101501344,METROPOLITAN NASHVILLE POLICE DEPT,20170028971,Davidson,Nashville,1/10/2017 4:49:00 PM,2,1,0,36.202420,-86.739150,LITTON AV,,,,0.00,,,GALLATIN PKE,,,,0.00,Y,T-Intersection,N,Intersection,None,,,         ,James,Smith,Rain,Other,no,no,no,no,no,False
101501346,METROPOLITAN NASHVILLE POLICE DEPT,2017-0029097,Davidson,Nashville,1/10/2017 5:21:00 PM,2,0,0,36.162230,-86.774360,1ST AVS,,,,0.00,,,1ST AVN,,,,0.00,Y,Four-Way, ,Intersection,None,,,         ,Michael,Schlegel,Cloudy,Front to Rear,no,no,no,no,no,False
101501347,METROPOLITAN NASHVILLE POLICE DEPT,20170029137,Davidson,Nashville,1/10/2017 5:17:00 PM,2,0,0,36.125330,-86.752350,NOLENSVILLE PKE,,,,133.00,Feet,North,ROSEDALE AV,,,,0.00,N,Not at Intersection, ,Non-Junction,None,,,         ,Alyson,Cook,Clear,Front to Rear,no,no,no,no,no,False
101501348,GOODLETTSVILLE POLICE DEPT,17-01336,Davidson,Goodlettsville,1/10/2017 6:18:00 PM,2,0,0,36.323467,-86.705905,LONG HOLLOW,PIKE,,,0.00,,,,,I65,,0.00,Y,Four-Way,Y,Intersection,None,,,         ,Shane,Farrell,Cloudy,Angle,no,no,no,no,no,False
101501363,METROPOLITAN NASHVILLE POLICE DEPT,20170029356,Davidson,Nashville,1/10/2017 6:45:00 PM,2,0,0,36.163120,-86.744550,DAVIDSON ST,,,,674.00,Feet,East,S 14TH ST,,,,0.00,N,Not at Intersection, ,Non-Junction,None,,,         ,Ryan,Howard,Rain,Angle,no,no,no,no,yes,False
101501366,METROPOLITAN NASHVILLE POLICE DEPT,20170029498,Davidson,Nashville,1/10/2017 7:17:00 PM,2,0,0,36.143580,-86.666670,DONELSON PKE,,,,470.00,Feet,North,I40 W ENT RAMP,,,,0.00,N,Not at Intersection, ,Non-Junction,None,,,         ,Mikala,Moore,Clear,"Sideswipe, Same Direction",no,no,no,no,no,False
101501369,METROPOLITAN NASHVILLE POLICE DEPT,2017-029259,Davidson,Nashville,1/10/2017 5:57:00 PM,2,0,0,36.154630,-86.779160,LAFAYETTE ST,,,,0.00,,,8TH AVS,,,,0.00,Y,Roundabout, ,Intersection,None,,,         ,Michael,Schlegel,Cloudy,"Sideswipe, Same Direction",no,no,no,no,yes,False
101501371,METROPOLITAN NASHVILLE POLICE DEPT,20170029138,Davidson,Nashville,1/10/2017 5:19:00 PM,3,0,0,36.107410,-86.743440,NOLENSVILLE PKE,,,,70.00,Feet,South,TIMMONS ST,,,,0.00,N,Not at Intersection, ,Non-Junction,None,,,         ,Alyson,Cook,Clear,Front to Rear,no,no,no,no,no,False
101501373,METROPOLITAN NASHVILLE POLICE DEPT,20170029147,Davidson,Nashville,1/10/2017 5:14:00 PM,2,0,0,36.129540,-86.903070,CHARLOTTE PKE,,,,73.00,Feet,East,DAVIDSON DR,,,,0.00,N,Not at Intersection, ,Non-Junction,None,,,         ,Walter,Gray II,Cloudy,"Sideswipe, Same Direction",no,no,no,no,no,False
101501378,METROPOLITAN NASHVILLE POLICE DEPT,2017-0028798,Davidson,Nashville,1/10/2017 4:00:00 PM,2,0,0,36.040970,-86.779230,OLD HICKORY BLVD,,,,50.00,Feet,East,STONE BROOK DR,,,,0.00,N,Not at Intersection,N,Non-Junction,None,,,         ,William,King,Cloudy,Front to Rear,no,no,no,no,no,False
101501379,METROPOLITAN NASHVILLE POLICE DEPT,20170029128,Davidson,Nashville,1/10/2017 4:30:00 PM,2,0,0,36.136000,-86.791940,WEDGEWOOD AV,,,,0.00,,,15TH AVS,,,,0.00,Y,Four-Way, ,Non-Junction,None,,,         ,Ratavious,Williams,Cloudy,"Sideswipe, Same Direction",no,no,no,no,yes,False
101501380,METROPOLITAN NASHVILLE POLICE DEPT,20170029290,Davidson,Not in City Limit,1/10/2017 6:19:00 PM,1,1,0,36.077690,-87.013920,NEWSOM STATION RD,,,,587.00,Feet,West,SETTLERS WAY,,,,0.00,N,Not at Intersection,N,Non-Junction,None,,,         ,Brandon,Pedigo,Rain,Not Collision with Motor Vehicle in Transport,no,no,no,no,no,False
101501397,METROPOLITAN NASHVILLE POLICE DEPT,20170029168,Davidson,Nashville,1/10/2017 5:52:00 PM,2,0,0,36.149690,-86.779180,8TH AVS,,,,0.00,,,DIVISION ST,,,,0.00,Y,Four-Way, ,Non-Junction,None,,,         ,Michael,Douglas,Cloudy,Front to Rear,no,no,no,no,no,False
101501405,METROPOLITAN NASHVILLE POLICE DEPT,2017-029161,Davidson,Nashville,1/10/2017 5:27:00 PM,2,0,0,36.191840,-86.781590,I 65,,,,0.00,,,,,,,86.25,N,Not at Intersection, ,Non-Junction,None,,,         ,Cory,West,Clear,"Sideswipe, Same Direction",no,no,no,no,no,False
101501406,METROPOLITAN NASHVILLE POLICE DEPT,20170029461,Davidson,Nashville,1/10/2017 7:15:00 PM,2,0,0,36.241570,-86.757190,DICKERSON PKE,,,,53.00,Feet,North,BRILEY PKWY W ENT RAMP,,,,0.00,N,Not at Intersection, ,,None,,,         ,Jerry,Pirtle,,,no,no,no,no,no,False