master_record_number,agency,agency_tracking_number,county,city,collision_date,vehicles_involved,number_injured,number_dead,latitude,longitude,roadway_name,roadway_suffix,roadway_number,roadway_local_id,distance_from_reference,miles-feet_indicator,direction_from_reference,intersection_road_name,intersection_road_name_suffix,intersection_road_number,intersection_local_id,mile_marker,intersection_indicator,intersect_type,interchange_related_indicator,relation_to_junction,work_zone_type,construction_maintenance_zone,construction_maintenance_zone_location,fatal_case_number,officer_first_name,officer_last_name,weather_condition(s),manner_of_crash,pedestrian,bicycle,scooter,parking,hitrun,mou
101501407,METROPOLITAN NASHVILLE POLICE DEPT,20170029313,Davidson,Nashville,1/10/2017 6:23:00 PM,3,1,0,36.158220,-86.828270,CLIFTON AV,,,,361.00,Feet,East,INDIANA AV,,,,0.00,N,Not at Intersection,N,Non-Junction,None,,,         ,Walter,Gray II,Cloudy,Front to Rear,no,no,no,no,no,False
101501408,VANDERBILT UNIVERSITY POLICE,17-0029432,Davidson,Nashville,1/10/2017 7:20:00 PM,2,0,0,36.142070,-86.806160,25TH AVS,,,,0.00,,,,,,,0.00,,, ,Non-Junction,None,,,         ,V,Greene,Clear,Front to Rear,no,no,no,no,no,Campus
101501419,METROPOLITAN NASHVILLE POLICE DEPT,20170029641,Davidson,Nashville,1/10/2017 6:50:00 PM,2,0,0,36.173020,-86.601090,CENTRAL PKE,,,,53.00,Feet,West,BURNING TREE DR,,,,0.00,N,Not at Intersection, ,OtherLocation,None,,,         ,Christopher,Mackey,Cloudy,Other,no,no,no,no,no,False
101501423,METROPOLITAN NASHVILLE POLICE DEPT,20170029720,Davidson,Nashville,1/10/2017 9:11:00 PM,1,0,0,36.150560,-86.861180,OBRIEN AV,,,,490.00,Feet,West,I40 E EXT RAMP,,,,0.00,N,Not at Intersection,N,Non-Junction,None,,,         ,Walter,Gray II,Cloudy,Not Collision with Motor Vehicle in Transport,no,no,no,no,no,False
101501424,VANDERBILT UNIVERSITY POLICE,17-002950,Davidson,Nashville,1/10/2017 8:11:00 PM,2,0,0,36.143050,-86.810120,JESS NEELY DR,,,,0.00,,,NATCHEZ TRC,,,,0.00,Y,Four-Way,N,Intersection,None,,,         ,Nancy,Douglas,Clear,Angle,no,no,no,no,no,Campus
101501444,METROPOLITAN NASHVILLE POLICE DEPT,20170029512,Davidson,Nashville,1/10/2017 6:00:00 PM,2,0,0,36.090100,-86.626820,BELL RD,,,,127.00,Feet,West,SMITH SPRINGS RD,,,,0.00,N,Not at Intersection, ,Non-Junction,None,,,         ,Reuben,Hewit,Unknown,Front to Rear,no,no,no,no,no,False
101501447,METROPOLITAN NASHVILLE POLICE DEPT,20170029550,Davidson,Nashville,1/10/2017 8:08:00 PM,1,2,0,36.045600,-86.658470,I24 W EXT RAMP,,,,0.00,,,I 24,,,,0.00,Y,Four-Way,N,Intersection,None,,,         ,Hillary,Sherman,Rain,Not Collision with Motor Vehicle in Transport,no,no,no,no,no,False
101501448,GOODLETTSVILLE POLICE DEPT,17-01178,Davidson,Goodlettsville,1/9/2017 4:10:00 PM,2,0,1,36.312940,-86.701520,I 65,,,,0.00,,,,,,,96.20,N,Not at Intersection,N,Non-Junction,None,,,17-0018  ,Jeffrey,Petty,Cloudy,Angle,no,no,no,no,no,False
101501451,METROPOLITAN NASHVILLE POLICE DEPT,20170029765,Davidson,Nashville,1/10/2017 9:19:00 PM,1,0,0,36.092500,-86.605900,ANDERSON RD,,,,0.00,,,LAKE SIDE CT,,,,0.00,Y,T-Intersection, ,Intersection,None,,,         ,Patrick,Taylor,Rain,Not Collision with Motor Vehicle in Transport,no,no,no,no,no,False
101501452,METROPOLITAN NASHVILLE POLICE DEPT,20170029733,Davidson,Goodlettsville,1/10/2017 9:15:00 PM,2,2,0,36.296910,-86.699160,GALLATIN PKEN,,,,0.00,,,RIVERGATE PKWY,,,,0.00,Y,Four-Way,Y,Intersection,None,,,         ,Samuel,Miller,Cloudy,Angle,no,no,no,no,no,False
101501453,METROPOLITAN NASHVILLE POLICE DEPT,20170029474,Davidson,Nashville,1/10/2017 7:47:00 PM,2,2,0,36.141720,-86.778670,CHESTNUT ST,,,,0.00,,,8TH AVS,,,,0.00,Y,Four-Way,N,Intersection,None,,,         ,Tyler,Conrads,Clear,HeadOn,no,no,no,no,yes,False
101501455,METROPOLITAN NASHVILLE POLICE DEPT,20170029782,Davidson,Nashville,1/10/2017 9:41:00 PM,1,0,0,36.098060,-86.709840,I 24,,,,0.00,,,,,,,54.70,N,Not at Intersection,N,Non-Junction,None,,,         ,Alyson,Cook,Clear,Not Collision with Motor Vehicle in Transport,no,no,no,no,no,False
101501461,METROPOLITAN NASHVILLE POLICE DEPT,20170029812,Davidson,Nashville,1/10/2017 9:40:00 PM,2,0,0,36.064920,-86.645160,RURAL HILL RD,,,,0.00,,,BRIDGECREST DR,,,,0.00,Y,T-Intersection, ,Intersection,None,,,         ,Candice,Soper,Rain,Angle,no,no,no,no,no,False
101501477,METROPOLITAN NASHVILLE POLICE DEPT,20170029809,Davidson,Nashville,1/10/2017 9:54:00 PM,2,2,0,36.204760,-86.724440,RIVERSIDE DR,,,,0.00,,,MCGAVOCK PKE,,,,0.00,Y,Four-Way,N,Intersection,None,,,         ,James,Smith,Cloudy,Other,no,no,no,no,no,False
101501491,METROPOLITAN NASHVILLE POLICE DEPT,20170029927,Davidson,Nashville,1/10/2017 10:49:00 PM,1,1,0,36.167560,-86.662970,LEBANON PKE,,,,110.00,Feet,East,DONELSON PKE,,,,0.00,N,Not at Intersection,N,Non-Junction,None,,,         ,Curtis,Fisher,Clear,Not Collision with Motor Vehicle in Transport,yes,no,no,no,no,False
101501505,METROPOLITAN NASHVILLE POLICE DEPT,20170030033,Davidson,Nashville,1/10/2017 12:00:00 AM,2,0,0,36.206130,-86.594670,FRANKFORT DR,,,,456.00,Feet,West,ALBANY DR,,,,0.00,N,Not at Intersection,N,Non-Junction,None,,,         ,Sean,Wuethrich,Unknown,Unknown,no,no,no,no,yes,False
101501508,METROPOLITAN NASHVILLE POLICE DEPT,20170029855,Davidson,Nashville,1/10/2017 10:13:00 PM,2,0,0,36.181800,-86.797160,ROSA L PARKS BLVD,,,,501.00,Feet,North,GARFIELD ST,,,,0.00,N,Not at Intersection,N,Non-Junction,None,,,         ,Raymond,Heymann,Clear,Not Collision with Motor Vehicle in Transport,no,no,no,no,no,False
101501510,METROPOLITAN NASHVILLE POLICE DEPT,20170030177,Davidson,Not in City Limit,1/11/2017 12:20:00 AM,1,1,0,36.066280,-86.944580,GENERAL GEORGE PATTON RD,,,,1568.00,Feet,East,SAWYER BROWN RD,,,,0.00,N,Not at Intersection,N,Non-Junction,None,,,         ,Jackson,Smythe,Cloudy,Not Collision with Motor Vehicle in Transport,no,no,no,no,no,False
101501521,METROPOLITAN NASHVILLE POLICE DEPT,20170029850,Davidson,Nashville,1/10/2017 10:08:00 PM,2,0,0,36.079600,-86.726320,NOLENSVILLE PKE,,,,0.00,,,HARDING PL,,,,0.00,Y,Four-Way, ,Intersection,None,,,         ,William,Hamblen,Clear,Angle,no,no,no,no,yes,False
101501522,METROPOLITAN NASHVILLE POLICE DEPT,20170030081,Davidson,Nashville,1/10/2017 11:33:00 PM,1,0,0,36.059630,-86.622810,MURFREESBORO PKE,,,,2518.00,Feet,South,HAMILTON CHURCH RD,,,,0.00,N,Not at Intersection, ,Non-Junction,None,,,         ,Daniel,Garrett,Rain,Not Collision with Motor Vehicle in Transport,no,no,no,no,no,False
101501542,METROPOLITAN NASHVILLE POLICE DEPT,20170030298,Davidson,Nashville,1/11/2017 12:55:00 AM,3,0,0,36.188640,-86.743850,SHARPE AV,,,,311.00,Feet,West,N 14TH ST,,,,0.00,N,Not at Intersection,N,Non-Junction,None,,,         ,Eric,Hall,Clear,"Sideswipe, Same Direction",no,no,no,no,no,False
101501551,METROPOLITAN NASHVILLE POLICE DEPT,20170030446,Davidson,Nashville,1/11/2017 1:50:00 AM,1,0,0,36.096830,-86.656670,MURFREESBORO PKE,,,,228.00,Feet,West,SMITH SPRINGS RD,,,,0.00,N,Not at Intersection,N,Non-Junction,None,,,         ,Jason,Hogan,Cloudy,Not Collision with Motor Vehicle in Transport,no,no,no,no,yes,False
101501557,METROPOLITAN NASHVILLE POLICE DEPT,2017-0030874,Davidson,Nashville,1/11/2017 5:18:00 AM,1,0,0,36.115920,-86.794840,I 440,,,,0.00,,,,,,,3.70,N,Not at Intersection,N,Non-Junction,None,,,         ,Steven,Wiser,Rain,Not Collision with Motor Vehicle in Transport,no,no,no,no,no,False
101501560,METROPOLITAN NASHVILLE POLICE DEPT,20170030850,Davidson,Nashville,1/11/2017 5:00:00 AM,1,0,0,36.116050,-86.792600,I 440,,,,0.00,,,,,,,3.80,N,Not at Intersection,N,Non-Junction,None,,,         ,Joshua,Billotte,Rain,Not Collision with Motor Vehicle in Transport,no,no,no,no,no,False
101501561,METROPOLITAN NASHVILLE POLICE DEPT,20170030883,Davidson,Nashville,1/11/2017 5:23:00 AM,1,0,0,36.141860,-86.677000,I40 E EXT RAMP,,,,0.00,Feet,East,I 40,,,,0.00,N,Not at Intersection,N,Non-Junction,None,,,         ,Jason,Hogan,Rain,Not Collision with Motor Vehicle in Transport,no,no,no,no,no,False
101501563,METROPOLITAN NASHVILLE POLICE DEPT,20170030889,Davidson,Nashville,1/11/2017 5:45:00 AM,1,0,0,36.153330,-86.853020,I 40,,,,0.00,,,,,,,204.25,N,Not at Intersection, ,Non-Junction,None,,,         ,Aaron,Wigginton,Rain,Not Collision with Motor Vehicle in Transport,no,no,no,no,no,False
101501567,METROPOLITAN NASHVILLE POLICE DEPT,20170030894,Davidson,Nashville,1/11/2017 5:32:00 AM,1,1,0,36.102220,-86.710360,SPACE PARK SOUTH DR,,,,1119.00,Feet,West,CORNET DR,,,,0.00,N,Not at Intersection,N,Non-Junction,None,,,         ,Erik,Dabbs,Rain,Not Collision with Motor Vehicle in Transport,no,no,no,yes,no,False
101501570,METROPOLITAN NASHVILLE POLICE DEPT,2017-0030918,Davidson,Nashville,1/11/2017 5:52:00 AM,2,0,0,36.154270,-86.792890,BROADWAY,,,,0.00,,,16TH AVN,,,,0.00,Y,Five Point Or More,N,Intersection,None,,,         ,Matthew,Moses,Rain,Front to Rear,no,no,no,no,no,False
101501575,METROPOLITAN NASHVILLE POLICE DEPT,20170013567,Davidson,Nashville,1/5/2017 11:49:00 AM,2,6,0,36.150480,-86.770350,4TH AVS,,,,0.00,,,I40 E EXT RAMP,,,,0.00,Y,Four-Way,N,Intersection,None,,,         ,Jessie,Loy,Clear,Angle,no,no,no,no,no,False
101501576,METROPOLITAN NASHVILLE POLICE DEPT,2017-0030663,Davidson,Nashville,1/11/2017 3:40:00 AM,1,0,0,36.160030,-86.868010,VERNON AV,,,,416.00,Feet,North,NASHUA AV,,,,0.00,N,Not at Intersection,N,Non-Junction,None,,,         ,Jean,McCormack,Rain,Unknown,no,no,no,yes,yes,False
101501580,METROPOLITAN NASHVILLE POLICE DEPT,2017-0030875,Davidson,Nashville,1/11/2017 5:00:00 AM,1,0,0,36.116060,-86.792130,I 440,,,,0.00,,,,,,,3.85,N,Not at Intersection,N,Non-Junction,None,,,         ,Frank,Walker,Rain,Not Collision with Motor Vehicle in Transport,no,no,no,no,no,False
101501584,METROPOLITAN NASHVILLE POLICE DEPT,20170030954,Davidson,Nashville,1/11/2017 6:06:00 AM,1,1,0,36.160980,-86.793220,I 40,,,,0.00,,,,,,,208.70,N,Not at Intersection,N,Non-Junction,None,,,         ,Eric,Westbrook,Rain,Not Collision with Motor Vehicle in Transport,no,no,no,no,no,False
101501596,METROPOLITAN NASHVILLE POLICE DEPT,20170030974,Davidson,Nashville,1/11/2017 6:37:00 AM,2,0,0,36.081100,-86.758360,HARDING PL,,,,0.00,,,TROUSDALE DR,,,,0.00,Y,Four-Way, ,,None,,,         ,Nathaniel,Myers,,,no,no,no,no,no,False
101501618,METROPOLITAN NASHVILLE POLICE DEPT,20170030958,Davidson,Nashville,1/11/2017 6:15:00 AM,3,0,0,36.106680,-86.719030,I 24,,,,0.00,,,,,,,54.00,N,Not at Intersection,N,Non-Junction,None,,,         ,Kurt,Lewton,Rain,Front to Rear,no,no,no,no,no,False
101501621,METROPOLITAN NASHVILLE POLICE DEPT,2017-0030994,Davidson,Not in City Limit,1/11/2017 6:40:00 AM,2,2,0,36.042631,-86.606860,HOBSON,PIKE,US171,,90.00,Feet,West,MURFREESBORO,PIKE,US70 S,,0.00,N,Not at Intersection,N,Non-Junction,None,,,         ,William,Whitworth,Cloudy,Front to Rear,no,no,no,no,no,False
101501628,METROPOLITAN NASHVILLE POLICE DEPT,2017-0031077,Davidson,Nashville,1/11/2017 7:43:00 AM,2,0,0,36.140550,-86.792010,HORTON AV,,,,111.00,Feet,East,VILLA PL,,,,0.00,N,Not at Intersection, ,Non-Junction,None,,,         ,Jonathan,Seidl,Cloudy,"Sideswipe, Same Direction",no,no,no,no,no,False
101501631,METROPOLITAN NASHVILLE POLICE DEPT,20170031032,Davidson,Nashville,1/11/2017 7:15:00 AM,2,0,0,36.163450,-86.783530,7TH AVN,,,,0.00,,,UNION ST,,,,0.00,Y,Four-Way, ,Intersection,None,,,         ,John,Gilpin,Rain,Angle,no,no,no,no,no,False
101501648,METROPOLITAN NASHVILLE POLICE DEPT,20170031078,Davidson,Nashville,1/11/2017 7:20:00 AM,2,0,0,36.138120,-86.833320,HARVARD AV,,,,83.00,Feet,South,WILSON BLVDN,,,,0.00,N,Not at Intersection,N,Non-Junction,None,,,         ,Brian,Myatt,Rain,"Sideswipe, Same Direction",no,no,no,no,no,False
101501649,METROPOLITAN NASHVILLE POLICE DEPT,20170031064,Davidson,Nashville,1/11/2017 7:35:00 AM,2,0,0,36.040940,-86.773420,HEALTH PARK DR,,,,39.00,Feet,North,OLD HICKORY BLVD,,,,0.00,N,Not at Intersection, ,Non-Junction,None,,,         ,Gary,Sneed,Rain,Front to Rear,no,no,no,no,no,False
101501661,METROPOLITAN NASHVILLE POLICE DEPT,20170031142,Davidson,Nashville,1/11/2017 8:03:00 AM,2,0,0,36.201680,-86.751210,ELLINGTON PKWY,,,,120.00,Feet,South,ELLINGTON PKWYS,,,,0.00,N,Not at Intersection,N,Non-Junction,None,,,         ,Richard,Conger,Rain,Front to Rear,no,no,no,no,no,False
101501664,METROPOLITAN NASHVILLE POLICE DEPT,20170031134,Davidson,Nashville,1/11/2017 7:18:00 AM,2,0,0,36.277840,-86.752900,HUNTERS LN,,,,380.00,Feet,East,YOEST DR,,,,0.00,N,Not at Intersection,N,Non-Junction,None,,,         ,Joshua,Borum,Rain,Angle,no,no,no,no,yes,False
101501665,METROPOLITAN NASHVILLE POLICE DEPT,20170031112,Davidson,Nashville,1/11/2017 7:50:00 AM,3,0,0,36.112930,-86.772220,I 65,,,,0.00,,,,,,,80.00,N,Not at Intersection, ,Non-Junction,None,,,         ,Brent,Bauer,Rain,Front to Rear,no,no,no,no,no,False
101501671,METROPOLITAN NASHVILLE POLICE DEPT,20170031126,Davidson,Nashville,1/11/2017 7:57:00 AM,2,0,0,36.203570,-86.776820,I 65,,,,0.00,,,,,,,87.10,N,Not at Intersection, ,,None,,,         ,Michael,McCord,,,no,no,no,no,no,False
101501672,METROPOLITAN NASHVILLE POLICE DEPT,17-0031006,Davidson,Nashville,1/11/2017 6:41:00 AM,2,0,0,36.165050,-86.779830,UNION ST,,,,0.00,,,4TH AVN,,,,0.00,Y,Four-Way, ,Intersection,None,,,         ,Frank,Campbell,Rain,Angle,no,no,no,no,no,False
101501684,METROPOLITAN NASHVILLE POLICE DEPT,20170031218,Davidson,Nashville,1/11/2017 8:31:00 AM,2,1,0,36.104060,-86.772660,FRANKLIN PKE,,,,183.00,Feet,North,GLEN LEVEN DR,,,,0.00,N,Not at Intersection,N,"Driveway, Alley Access, etc",None,,,         ,Justin,Pinkelton,Rain,Angle,no,no,no,no,no,False
101501685,METROPOLITAN NASHVILLE POLICE DEPT,20170031058,Davidson,Nashville,1/11/2017 7:25:00 AM,2,1,0,36.101030,-86.923310,OLD HICKORY BLVD,,,,1391.00,Feet,North,BELLE VALLEY DR,,,,0.00,N,Not at Intersection,N,"Driveway, Alley Access, etc",None,,,         ,Mary,Williams,Rain,Angle,no,no,no,no,no,False
101501689,METROPOLITAN NASHVILLE POLICE DEPT,20170031067,Davidson,Nashville,1/11/2017 7:30:00 AM,1,0,0,36.167020,-86.869650,BRILEY PKWYS,,,,457.00,Feet,South,BRILEY PKWYN,,,,0.00,N,Not at Intersection,N,Non-Junction,None,,,         ,Gregory,McDaniel,Rain,Not Collision with Motor Vehicle in Transport,no,no,no,no,no,False
101501700,METROPOLITAN NASHVILLE POLICE DEPT,20170030985,Davidson,Nashville,1/11/2017 6:46:00 AM,2,1,0,36.188630,-86.822670,CLARKSVILLE PKE,,,,152.00,Feet,East,ROSA L PARKS BLVD,,,,0.00,N,Not at Intersection,N,OtherLocation,None,,,         ,Joshua,Baker,Rain,HeadOn,no,no,no,no,no,False
101501701,METROPOLITAN NASHVILLE POLICE DEPT,20170031104,Davidson,Nashville,1/11/2017 12:00:00 AM,2,0,0,36.162490,-86.793570,I 40,,,,0.00,,,,,,,208.60,N,Not at Intersection, ,Non-Junction,None,,,         ,FELIKS,ABRAHAMYAN,Rain,Front to Rear,no,no,no,no,no,False
101501703,METROPOLITAN NASHVILLE POLICE DEPT,20170031228,Davidson,Nashville,1/11/2017 8:30:00 AM,2,0,0,36.080370,-86.645510,MURFREESBORO PKE,,,,419.00,Feet,North,SCOTT VALLEY DR,,,,0.00,N,Not at Intersection, ,Non-Junction,None,,,         ,Scott,Toney,Rain,Front to Rear,no,no,no,no,no,False
101501704,METROPOLITAN NASHVILLE POLICE DEPT,2017-0031164,Davidson,Nashville,1/11/2017 7:40:00 AM,2,0,0,36.090020,-86.626920,BELL RD,,,,168.00,Feet,West,SMITH SPRINGS RD,,,,0.00,N,Not at Intersection,N,Non-Junction,None,,,         ,William,Whitworth,Cloudy,"Sideswipe, Same Direction",no,no,no,no,yes,False
101501709,METROPOLITAN NASHVILLE POLICE DEPT,20170030981,Davidson,Nashville,1/11/2017 6:30:00 AM,1,1,0,36.185820,-86.841510,COUNTY HOSPITAL RD,,,,714.00,Feet,North,HYDES FERRY RD,,,,0.00,N,Not at Intersection,N,Non-Junction,None,,,         ,Jonathon,Sheppard,Rain,Not Collision with Motor Vehicle in Transport,no,no,no,no,no,False
101501719,METROPOLITAN NASHVILLE POLICE DEPT,20170031339,Davidson,Nashville,1/11/2017 8:40:00 AM,3,0,0,36.133560,-86.819100,I 440,,,,0.00,,,,,,,1.70,N,Not at Intersection,N,Non-Junction,None,,,         ,Brent,Bauer,Rain,Front to Rear,no,no,no,no,yes,False
101501723,METROPOLITAN NASHVILLE POLICE DEPT,20170031404,Davidson,Nashville,1/11/2017 9:41:00 AM,2,1,0,36.202430,-86.776850,I 65,,,,0.00,,,,,,,87.00,N,Not at Intersection,Y,Non-Junction,None,,,         ,Michael,McCord,Rain,Front to Rear,no,no,no,no,no,False
101501727,METROPOLITAN NASHVILLE POLICE DEPT,20170031420,Davidson,Nashville,1/11/2017 9:30:00 AM,2,0,0,36.152590,-86.846020,49TH AVN,,,,190.00,Feet,North,CHARLOTTE AV,,,,0.00,N,Not at Intersection, ,Non-Junction,None,,,         ,Gregory,McDaniel,Rain,"Sideswipe, Same Direction",no,no,no,no,no,False
101501730,METROPOLITAN NASHVILLE POLICE DEPT,20170031334,Davidson,Nashville,1/11/2017 6:57:00 AM,1,0,0,36.088840,-86.822420,TODDINGTON DR,,,,745.00,Feet,South,HARDING PL,,,,0.00,N,Not at Intersection,N,Non-Junction,None,,,         ,Kevin,Crawford,Rain,Not Collision with Motor Vehicle in Transport,no,no,no,no,yes,False
101501738,METROPOLITAN NASHVILLE POLICE DEPT,20170031381,Davidson,Nashville,1/11/2017 9:00:00 AM,2,0,0,36.079350,-86.696090,I 24,,,,0.00,,,,,,,56.25,N,Not at Intersection, ,Non-Junction,None,,,         ,Thomas,White,Rain,"Sideswipe, Same Direction",no,no,no,no,no,False
101501746,METROPOLITAN NASHVILLE POLICE DEPT,20170031270,Davidson,Nashville,1/11/2017 8:50:00 AM,2,0,0,36.124990,-86.752200,NOLENSVILLE PKE,,,,0.00,,,ROSEDALE AV,,,,0.00,Y,T-Intersection,N,Intersection,None,,,         ,Todd,Watson,Rain,Angle,no,no,no,no,no,False
101501750,BERRY HILL POLICE DEPT,17-0084,Davidson,Berry Hill,1/7/2017 2:05:00 PM,2,0,0,36.120090,-86.775010,FRANKLIN PKE,,,,0.00,,,GALE LN,,,,0.00,Y,T-Intersection, ,Intersection-Related,None,,,         ,Larry,Carter,Clear,Angle,no,no,no,no,no,False
101501755,METROPOLITAN NASHVILLE POLICE DEPT,2017-31554,Davidson,Nashville,1/11/2017 9:24:00 AM,2,0,0,36.129210,-86.802630,ASHWOOD AV,,,,0.00,,,21ST AVS,,,,0.00,Y,T-Intersection, ,,None,,,         ,Jonathan,Seidl,,,no,no,no,no,no,False
101501756,METROPOLITAN NASHVILLE POLICE DEPT,20170031273,Davidson,Nashville,1/11/2017 8:52:00 AM,2,1,0,36.069290,-86.690850,I24 E EXT RAMP,,,,353.00,Feet,East,I 24,,,,0.00,N,Not at Intersection,Y,Entrance/Exit Ramp Related,None,,,         ,Roy,McElwee,Rain,Front to Rear,no,no,no,no,no,False
101501757,METROPOLITAN NASHVILLE POLICE DEPT,20170031042,Davidson,Not in City Limit,1/11/2017 7:17:00 AM,1,0,0,36.318880,-86.841840,I 24,,,,0.00,,,,,,,36.60,N,Not at Intersection,N,Non-Junction,None,,,         ,Royce,McLester,Rain,Not Collision with Motor Vehicle in Transport,no,no,no,no,no,False
101501759,METROPOLITAN NASHVILLE POLICE DEPT,20170031301,Davidson,Nashville,1/11/2017 8:56:00 AM,2,0,0,36.204630,-86.765930,MERIDIAN ST,,,,22.00,Feet,North,EDWIN ST,,,,0.00,N,Not at Intersection,N,Non-Junction,None,,,         ,Richard,Conger,Rain,Angle,no,no,no,no,no,False
101501761,METROPOLITAN NASHVILLE POLICE DEPT,20170031037,Davidson,Nashville,1/11/2017 7:00:00 AM,2,0,0,36.095210,-86.707250,I 24,,,,0.00,,,,,,,55.00,N,Not at Intersection, ,Non-Junction,None,,,         ,Rickie,Corman,Rain,Front to Rear,no,no,no,no,no,False
101501776,METROPOLITAN NASHVILLE POLICE DEPT,20170031302,Davidson,Nashville,1/11/2017 8:55:00 AM,2,0,0,36.081100,-86.758360,HARDING PL,,,,0.00,,,TROUSDALE DR,,,,0.00,Y,Four-Way, ,Intersection,None,,,         ,Shedie,Herbert III,Rain,"Sideswipe, Same Direction",no,no,no,no,yes,False
101501780,METROPOLITAN NASHVILLE POLICE DEPT,20170031618,Davidson,Nashville,1/11/2017 10:41:00 AM,2,0,0,36.153790,-86.794410,WEST END AV,,,,0.00,,,17TH AVN,,,,0.00,Y,Four-Way, ,,Construction Zone,,,         ,Darrell,Osment,,,no,no,no,no,no,False
101501781,METROPOLITAN NASHVILLE POLICE DEPT,20170031533,Davidson,Nashville,1/11/2017 9:41:00 AM,2,0,0,36.144660,-86.744040,FESSLERS LN,,,,0.00,,,ELM HILL PKE,,,,0.00,Y,Four-Way, ,Intersection-Related,None,,,         ,Ralph,Harvey,,"Sideswipe, Same Direction",no,no,no,no,yes,False
101501782,VANDERBILT UNIVERSITY POLICE,17-0029636,Davidson,Nashville,1/10/2017 8:20:00 PM,2,0,0,36.145140,-86.807040,25TH AVS,,,,308.00,Feet,East,KENSINGTON PL,,,,0.00,N,Not at Intersection, ,,None,,,         ,Anthony,Jones,,,no,no,no,yes,no,Campus
101501792,METROPOLITAN NASHVILLE POLICE DEPT,20170031133,Davidson,Nashville,1/11/2017 7:56:00 AM,3,0,0,36.240340,-86.768540,BRILEY PKWYE,,,,254.00,Feet,South,DOVERSIDE DR,,,,0.00,N,Not at Intersection,N,Non-Junction,None,,,         ,Faye,Denson,Rain,Angle,no,no,no,no,no,False
101501806,METROPOLITAN NASHVILLE POLICE DEPT,20170031290,Davidson,Nashville,1/11/2017 8:59:00 AM,2,0,0,36.065560,-86.680110,ANTIOCH PKE,,,,0.00,,,REEVES RD,,,,0.00,Y,T-Intersection,N,Intersection,None,,,         ,Brian,Lamb,Rain,Angle,no,no,no,no,yes,False
101501810,METROPOLITAN NASHVILLE POLICE DEPT,20170031306,Davidson,Nashville,1/11/2017 9:00:00 AM,2,0,0,36.175520,-86.767010,ELLINGTON PKWYS,,,,250.00,Feet,South,SPRING ST,,,,0.00,N,Not at Intersection, ,,None,,,         ,Jeremy,Stricklin,,,no,no,no,no,no,False
101501827,METROPOLITAN NASHVILLE POLICE DEPT,2017-0031571,Davidson,Nashville,1/11/2017 10:44:00 AM,2,0,0,36.174860,-86.614230,DODSON CHAPEL RD,,,,50.00,Feet,North,CENTRAL PKE,,,,0.00,N,Not at Intersection, ,Non-Junction,None,,,         ,William,Whitworth,Cloudy,Front to Rear,no,no,no,no,no,False
101501847,METROPOLITAN NASHVILLE POLICE DEPT,20170031384,Davidson,Nashville,1/11/2017 9:35:00 AM,3,2,0,36.106210,-86.673060,MURFREESBORO PKE,,,,0.00,,,DONELSON PKE,,,,0.00,Y,Four-Way,N,Intersection,None,,,         ,Terry,Denton,Rain,Angle,no,no,no,no,no,False
101501852,METROPOLITAN NASHVILLE POLICE DEPT,20170031642,Davidson,Nashville,1/11/2017 11:00:00 AM,2,0,0,36.183590,-86.748470,GALLATIN AV,,,,88.00,Feet,South,EASTLAND AV,,,,0.00,N,Not at Intersection,N,Non-Junction,None,,,         ,Eric,Knight,Cloudy,"Sideswipe, Same Direction",no,no,no,no,no,False
101501868,METROPOLITAN NASHVILLE POLICE DEPT,20170031869,Davidson,Madison,1/11/2017 12:25:00 PM,2,1,0,36.296570,-86.690890,PAULA DR,,,,22.00,Feet,East,SHEPHERD HILLS DR,,,,0.00,N,Not at Intersection,N,Non-Junction,None,,,         ,Michael,Agee,Rain,Angle,no,no,no,no,no,False
101501909,METROPOLITAN NASHVILLE POLICE DEPT,20170032036,Davidson,Nashville,1/11/2017 1:18:00 PM,3,0,0,36.127930,-86.794520,BELMONT BLVD,,,,50.00,Feet,North,LINDEN AV,,,,0.00,N,Not at Intersection, ,Non-Junction,None,,,         ,Timothy,Miller,Cloudy,Front to Rear,no,no,no,no,no,False
101501947,METROPOLITAN NASHVILLE POLICE DEPT,2017-0032095,Davidson,Nashville,1/11/2017 1:34:00 PM,2,0,0,36.154480,-86.779420,8TH AVS,,,,0.00,,,LAFAYETTE ST,,,,0.00,Y,Roundabout, ,Intersection,None,,,         ,Melissa,Flores,Clear,Front to Rear,no,no,no,no,yes,False
101501984,METROPOLITAN NASHVILLE POLICE DEPT,20170031516,Davidson,Nashville,1/11/2017 10:25:00 AM,1,0,0,36.072640,-86.769520,I 65,,,,0.00,,,,,,,77.10,N,Not at Intersection,N,Non-Junction,None,,,         ,Phillip,Murphy,Rain,Not Collision with Motor Vehicle in Transport,no,no,no,no,no,False
101501985,METROPOLITAN NASHVILLE POLICE DEPT,20170032046,Davidson,Nashville,1/11/2017 1:20:00 PM,2,0,0,36.154920,-86.813750,CHARLOTTE AV,,,,461.00,Feet,West,FELICIA ST,,,,0.00,N,Not at Intersection,N,Non-Junction,None,,,         ,Kendra,Cowper,Clear,Front to Rear,no,no,no,no,no,False