master_record_number,agency,agency_tracking_number,county,city,collision_date,vehicles_involved,number_injured,number_dead,latitude,longitude,roadway_name,roadway_suffix,roadway_number,roadway_local_id,distance_from_reference,miles-feet_indicator,direction_from_reference,intersection_road_name,intersection_road_name_suffix,intersection_road_number,intersection_local_id,mile_marker,intersection_indicator,intersect_type,interchange_related_indicator,relation_to_junction,work_zone_type,construction_maintenance_zone,construction_maintenance_zone_location,fatal_case_number,officer_first_name,officer_last_name,weather_condition(s),manner_of_crash,pedestrian,bicycle,scooter,parking,hitrun,mou
101501988,METROPOLITAN NASHVILLE POLICE DEPT,2017-0032153,Davidson,Nashville,1/11/2017 1:58:00 PM,2,0,0,36.150040,-86.791920,MUSIC SQE,,,,0.00,,,ROY ACUFF PL,,,,0.00,Y,T-Intersection, ,Non-Junction,None,,,         ,Jonathan,Seidl,Cloudy,"Sideswipe, Same Direction",no,no,no,no,yes,False
101502012,METROPOLITAN NASHVILLE POLICE DEPT,20170031639,Davidson,Nashville,1/11/2017 10:51:00 AM,2,0,0,36.152070,-86.795300,BROADWAY,,,,0.00,,,18TH AVS,,,,0.00,Y,T-Intersection, ,,None,,,         ,Phillip,Murphy,,,no,no,no,no,no,False
101502024,METROPOLITAN NASHVILLE POLICE DEPT,20170032279,Davidson,Nashville,1/11/2017 1:42:00 PM,1,0,0,36.230390,-86.764740,EWING DR,,,,334.00,Feet,East,RICH ACRES DR,,,,0.00,N,Not at Intersection, ,,None,,,         ,Jonathan,Hadley,,,no,no,no,no,no,False
101502038,METROPOLITAN NASHVILLE POLICE DEPT,2017-0031991,Davidson,Nashville,1/11/2017 1:00:00 PM,2,0,0,36.089590,-86.688520,EZELL PKE,,,,0.00,,,HARDING PL,,,,0.00,Y,Four-Way,N,Intersection,None,,,         ,William,Whitworth,Cloudy,Front to Rear,no,no,no,no,no,False
101502039,METROPOLITAN NASHVILLE POLICE DEPT,2017-0032223,Davidson,Nashville,1/11/2017 2:28:00 PM,2,1,0,36.069540,-86.686910,I24 W EXT RAMP,,,,0.00,Feet,East,HAYWOOD LN,,,,0.00,N,Not at Intersection,Y,Entrance/Exit Ramp Related,None,,,         ,William,Whitworth,Cloudy,Front to Rear,no,no,no,no,no,False
101502043,METROPOLITAN NASHVILLE POLICE DEPT,20170031699,Davidson,Nashville,1/11/2017 10:56:00 AM,2,0,0,36.135600,-86.799630,ACKLEN AV,,,,0.00,,,20TH AVS,,,,0.00,Y,Four-Way, ,Intersection-Related,None,,,         ,Phillip,Murphy,Cloudy,Angle,no,no,no,no,no,False
101502048,METROPOLITAN NASHVILLE POLICE DEPT,20170029854,Davidson,Nashville,1/10/2017 10:18:00 PM,1,0,0,36.145980,-86.758440,TRIMBLE ST,,,,0.00,,,,,,,0.00,,,N,Non-Junction,None,,,         ,John,Daugherty,Cloudy,Not Collision with Motor Vehicle in Transport,no,no,no,no,yes,False
101502053,METROPOLITAN NASHVILLE POLICE DEPT,20170032373,Davidson,Nashville,1/11/2017 3:25:00 PM,2,0,0,36.109490,-86.728000,EAST THOMPSON LN,,,,21.00,Feet,North,BRILEY PKWYN,,,,0.00,N,Not at Intersection,N,Non-Junction,None,,,         ,Marcus,Darden,Clear,Front to Rear,no,no,no,no,no,False
101502063,METROPOLITAN NASHVILLE POLICE DEPT,20170032364,Davidson,Nashville,1/11/2017 3:24:00 PM,2,0,0,36.150980,-86.794360,18TH AVS,,,,100.00,Feet,South,DIVISION ST,,,,0.00,N,Not at Intersection,N,"Driveway, Alley Access, etc",None,,,         ,Charles,Griffin,Cloudy,Angle,no,no,no,no,no,False
101502072,METROPOLITAN NASHVILLE POLICE DEPT,20170032486,Davidson,Nashville,1/11/2017 3:52:00 PM,2,0,0,36.243890,-86.756580,SKYLINE MEMORIAL CT,,,,0.00,,,DICKERSON PKE,,,,0.00,Y,Four-Way, ,Intersection,None,,,         ,Rodney,Phipps,Cloudy,Angle,no,no,no,no,no,False
101502083,METROPOLITAN NASHVILLE POLICE DEPT,20170032188,Davidson,Nashville,1/11/2017 2:12:00 PM,1,0,0,36.154080,-86.838540,I 40,,,,0.00,,,BRILEY PKWY N ENT RAMP,,,,0.00,Y,Y-Intersection,N,Entrance/Exit Ramp Related,None,,,         ,Gregory,McDaniel,Cloudy,Not Collision with Motor Vehicle in Transport,no,no,no,no,no,False
101502084,METROPOLITAN NASHVILLE POLICE DEPT,20170032585,Davidson,Nashville,1/11/2017 4:00:00 PM,2,0,0,36.081100,-86.758360,HARDING PL,,,,0.00,,,TROUSDALE DR,,,,0.00,Y,Four-Way,N,Intersection-Related,None,,,         ,Tien,Nguyen,Cloudy,"Sideswipe, Same Direction",no,no,no,no,yes,False
101502095,METROPOLITAN NASHVILLE POLICE DEPT,2017-0032361,Davidson,Nashville,1/11/2017 3:09:00 PM,2,1,0,36.172050,-86.592100,CENTRAL PKE,,,,133.00,Feet,West,VALLEY GROVE DR,,,,0.00,N,Not at Intersection,N,Non-Junction,None,,,         ,Sandra,Talavera,Cloudy,Front to Rear,no,no,no,no,no,False
101502098,METROPOLITAN NASHVILLE POLICE DEPT,20170032655,Davidson,Nashville,1/11/2017 4:49:00 PM,2,1,0,36.109790,-86.770130,I 65,,,,0.00,,,,,,,79.70,N,Not at Intersection,N,Non-Junction,None,,,         ,Charles,Griffin,Cloudy,Front to Rear,no,no,no,no,no,False
101502099,METROPOLITAN NASHVILLE POLICE DEPT,20170032696,Davidson,Nashville,1/11/2017 4:54:00 PM,2,0,0,36.116700,-86.668180,DONELSON PKE,,,,0.00,,,HANGAR LN,,,,0.00,Y,T-Intersection, ,,None,,,         ,Michael,Apsey,,,no,no,no,no,no,False
101502101,METROPOLITAN NASHVILLE POLICE DEPT,20170032429,Davidson,Antioch,1/11/2017 2:40:00 PM,1,0,0,36.071540,-86.590360,MT VIEW RD,,,,144.00,Feet,West,SEASONS DR,,,,0.00,N,Not at Intersection,N,Non-Junction,None,,,         ,Victoria,Cunningham,Cloudy,Not Collision with Motor Vehicle in Transport,no,no,no,no,no,False
101502110,GOODLETTSVILLE POLICE DEPT,17-01476,Davidson,Goodlettsville,1/11/2017 5:20:00 PM,2,0,0,36.323010,-86.713370,N MAIN ST,,,,0.00,Feet,,W CEDAR ST,,,,0.00,Y,T-Intersection,N,Non-Junction,None,,,         ,Rico,Jones,Clear,Angle,no,no,no,no,yes,False
101502115,METROPOLITAN NASHVILLE POLICE DEPT,20170032723,Davidson,Nashville,1/11/2017 4:48:00 PM,2,0,0,36.076890,-86.726040,EDMONDSON PKE,,,,159.00,Feet,West,WALLACE RD,,,,0.00,N,Not at Intersection,N,Non-Junction,None,,,         ,Jacob,Masteller,Clear,Angle,no,no,no,no,yes,False
101502116,METROPOLITAN NASHVILLE POLICE DEPT,20170032727,Davidson,Not in City Limit,1/11/2017 5:13:00 PM,3,0,0,36.264070,-86.690210,STATE RT 45,,,,24.00,Feet,West,MYATT DR,,,,0.00,N,Not at Intersection, ,Non-Junction,None,,,         ,Bradley,Campbell,Clear,Front to Rear,no,no,no,no,no,False
101502123,METROPOLITAN NASHVILLE POLICE DEPT,20170032674,Davidson,Nashville,1/11/2017 4:55:00 PM,2,1,0,0.000000,0.000000,RIVER ROAD PK,,,,0.00,,,RIVER ROAD,,,,0.00,Y,Y-Intersection,N,Intersection,None,,,         ,Jeremy,Huffine,Clear,Angle,no,no,no,no,no,False
101502124,METROPOLITAN NASHVILLE POLICE DEPT,20170032818,Davidson,Nashville,1/11/2017 5:51:00 PM,2,0,0,36.119580,-86.808750,STOKES LN,,,,0.00,,,HILLSBORO PKE,,,,0.00,Y,T-Intersection, ,Intersection-Related,None,,,         ,Tien,Nguyen,Clear,Angle,no,no,no,no,no,False
101502126,METROPOLITAN NASHVILLE POLICE DEPT,20170032814,Davidson,Not in City Limit,1/11/2017 5:48:00 PM,2,1,0,36.048460,-86.940110,TRACE CREEK DR,,,,0.00,,,HIGHWAY 100,,,,0.00,Y,OTHER,Y,Non-Junction,None,,,         ,Benjamin,Spees,Clear,Front to Rear,no,no,no,no,no,False
101502129,METROPOLITAN NASHVILLE POLICE DEPT,20170032800,Davidson,Nashville,1/11/2017 5:36:00 PM,2,0,0,36.164800,-86.794040,I 40,,,,0.00,,,,,,,208.45,N,Not at Intersection, ,Non-Junction,None,,,         ,Phillip,Box,Cloudy,"Sideswipe, Same Direction",no,no,no,no,no,False
101502135,METROPOLITAN NASHVILLE POLICE DEPT,20170032803,Davidson,Nashville,1/11/2017 5:49:00 PM,2,0,0,36.150450,-86.856690,CHARLOTTE PKE,,,,200.00,Feet,East,ORLANDO AV,,,,0.00,N,Not at Intersection,N,Non-Junction,None,,,         ,Shaun,Heath,Cloudy,Angle,no,no,no,no,no,False
101502141,METROPOLITAN NASHVILLE POLICE DEPT,20170032884,Davidson,Nashville,1/11/2017 6:03:00 PM,2,1,0,36.090330,-86.626500,BELL RD,,,,0.00,,,SMITH SPRINGS RD,,,,0.00,Y,Four-Way,N,Intersection-Related,None,,,         ,Michael,Apsey,Clear,Angle,no,no,no,no,yes,False
101502142,METROPOLITAN NASHVILLE POLICE DEPT,20170032915,Davidson,Nashville,1/11/2017 6:09:00 PM,2,0,0,36.182270,-86.607960,OLD HICKORY BLVD,,,,0.00,,,ANDREW JACKSON WAY,,,,0.00,Y,Four-Way,N,Intersection,None,,,         ,Noah,Melton,Clear,Front to Rear,no,no,no,no,no,False
101502144,METROPOLITAN NASHVILLE POLICE DEPT,20170032925,Davidson,Nashville,1/11/2017 12:00:00 AM,2,0,0,36.153310,-86.750490,HERMITAGE AV,,,,93.00,Feet,West,STANLEY ST,,,,0.00,N,Not at Intersection, ,Non-Junction,None,,,         ,Craig,Gentry,Clear,"Sideswipe, Same Direction",no,no,no,no,no,False
101502160,METROPOLITAN NASHVILLE POLICE DEPT,20170032773,Davidson,Nashville,1/11/2017 5:24:00 PM,3,1,0,36.161890,-86.775170,2ND AVS,,,,0.00,,,2ND AVN,,,,0.00,Y,Four-Way,N,Intersection,None,,,         ,Kendra,Cowper,Clear,Front to Rear,no,no,no,no,no,False
101502161,METROPOLITAN NASHVILLE POLICE DEPT,20170032893,Davidson,Nashville,1/11/2017 6:14:00 PM,1,2,0,36.163210,-86.819670,28TH AVN,,,,384.00,Feet,South,ALBION ST,,,,0.00,N,Not at Intersection,N,Non-Junction,None,,,         ,Michael,Brooks,Clear,Not Collision with Motor Vehicle in Transport,no,no,no,no,no,False
101502165,METROPOLITAN NASHVILLE POLICE DEPT,20170032894,Davidson,Nashville,1/11/2017 5:17:00 PM,2,0,0,36.045730,-86.709120,OLD HICKORY BLVD,,,,795.00,Feet,West,HICKORY VALLEY CONDOS PVTDR,,,,0.00,N,Not at Intersection, ,Non-Junction,None,,,         ,Larry,Preuett,Clear,Angle,no,no,no,no,no,False
101502168,METROPOLITAN NASHVILLE POLICE DEPT,20170032640,Davidson,Nashville,1/11/2017 4:47:00 PM,3,1,0,36.045750,-86.708880,OLD HICKORY BLVD,,,,726.00,Feet,West,HICKORY VALLEY CONDOS PVTDR,,,,0.00,N,Not at Intersection,N,Non-Junction,None,,,         ,Darryl,Williams,Cloudy,HeadOn,no,no,no,no,no,False
101502170,METROPOLITAN NASHVILLE POLICE DEPT,20170032912,Davidson,Nashville,1/11/2017 6:21:00 PM,2,0,0,36.069840,-86.693890,EZELL RD,,,,91.00,Feet,North,HAYWOOD LN,,,,0.00,N,Not at Intersection, ,"Driveway, Alley Access, etc",None,,,         ,Kevin,Keating,Clear,Angle,no,no,no,no,no,False
101502177,METROPOLITAN NASHVILLE POLICE DEPT,20170032807,Davidson,Nashville,1/11/2017 5:44:00 PM,4,0,0,36.134020,-86.722560,MURFREESBORO PKE,,,,0.00,,,PLUS PARK BLVD,,,,0.00,Y,T-Intersection,N,Non-Junction,None,,,         ,Jaby,Djabbarov,Clear,"Sideswipe, Same Direction",no,no,no,no,yes,False
101502178,METROPOLITAN NASHVILLE POLICE DEPT,20170032985,Davidson,Nashville,1/11/2017 6:40:00 PM,2,0,0,36.075920,-86.660040,UNA ANTIOCH PKE,,,,15.00,Feet,West,TREETOP DR,,,,0.00,N,Not at Intersection,N,Non-Junction,None,,,         ,Richard,Olive,Cloudy,Front to Rear,no,no,no,no,no,False
101502188,METROPOLITAN NASHVILLE POLICE DEPT,20170033155,Davidson,Nashville,1/11/2017 7:45:00 PM,2,0,0,36.085360,-86.702240,I24 E EXT RAMP,,,,0.00,,,I 24,,,,0.00,Y,Y-Intersection, ,Entrance/Exit Ramp Related,None,,,         ,Kevin,Keating,Clear,Front to Rear,no,no,no,no,no,False
101502195,METROPOLITAN NASHVILLE POLICE DEPT,20170033193,Davidson,Not in City Limit,1/11/2017 6:40:00 PM,2,0,0,36.078280,-86.949940,HIGHWAY 70S,,,,273.00,Feet,East,BELLEVUE CTR PVTDR,,,,0.00,N,Not at Intersection, ,,None,,,         ,Benjamin,Spees,,,no,no,no,no,no,False
101502202,METROPOLITAN NASHVILLE POLICE DEPT,20170033109,Davidson,Nashville,1/11/2017 7:09:00 PM,3,0,0,36.153840,-86.756080,HERMITAGE AV,,,,0.00,,,FAIRFIELD AV,,,,0.00,Y,Four-Way,N,Intersection,None,,,         ,John,Daugherty,Clear,Angle,no,no,no,no,no,False
101502203,METROPOLITAN NASHVILLE POLICE DEPT,20170033159,Davidson,Nashville,1/11/2017 7:49:00 PM,2,0,0,36.088650,-86.830530,STANFORD DR,,,,0.00,,,HILLSBORO PKE,,,,0.00,Y,T-Intersection,N,Intersection,None,,,         ,Charles,Griffin,Cloudy,Front to Rear,no,no,no,no,no,False
101502208,METROPOLITAN NASHVILLE POLICE DEPT,20170032987,Davidson,Nashville,1/11/2017 4:42:00 PM,2,0,0,0.000000,0.000000,I 40 E EXIT RAMP,,,,0.00,,,MCCRORY LN,,,,0.00,Y,OTHER, ,Entrance/Exit Ramp Related,None,,,         ,Jeremy,Huffine,Clear,Front to Rear,no,no,no,no,no,False
101502224,THP District 3 - Nashville,317002053,Davidson,Nashville,1/9/2017 12:00:00 AM,2,0,0,36.146560,-86.812620,POSTON AV,,,,81.00,Feet,West,CENTENNIAL PARK PVTDR,,,,0.00,N,Not at Intersection, ,Non-Junction,None,,,         ,Bryan,White,Unknown,Unknown,no,no,no,no,yes,Campus
101502228,METROPOLITAN NASHVILLE POLICE DEPT,20170032907,Davidson,Nashville,1/11/2017 6:10:00 PM,2,2,0,36.188480,-86.864900,COUNTY HOSPITAL RD,,,,65.00,Feet,East,BRILEY PKWY S ENT RAMP,,,,0.00,N,Not at Intersection,N,Non-Junction,None,,,         ,Kevin,Reynolds,Clear,Front to Rear,no,no,no,no,no,False
101502240,METROPOLITAN NASHVILLE POLICE DEPT,20170032711,Davidson,Not in City Limit,1/11/2017 5:09:00 PM,3,0,0,36.274780,-86.735470,I 65,,,,0.00,,,,,,,93.00,N,Not at Intersection,N,Non-Junction,None,,,         ,Samuel,Miller,Cloudy,Front to Rear,no,no,no,no,yes,False
101502241,METROPOLITAN NASHVILLE POLICE DEPT,20170033013,Davidson,Nashville,1/11/2017 6:30:00 PM,3,0,0,36.253510,-86.773200,WESTCHESTER DR,,,,50.00,Feet,West,MEADOW CT,,,,0.00,N,Not at Intersection,N,Non-Junction,None,,,         ,Samuel,Miller,Cloudy,Angle,no,no,no,no,yes,False
101502257,METROPOLITAN NASHVILLE POLICE DEPT,20170033125,Davidson,Nashville,1/11/2017 7:30:00 PM,3,1,0,36.139510,-86.700310,KAREN DR,,,,0.00,,,BRILEY PKWY,,,,0.00,Y,Four-Way,N,Intersection,None,,,         ,Thomas,Barnes,Clear,Front to Rear,no,no,no,no,no,False
101502258,METROPOLITAN NASHVILLE POLICE DEPT,20170030891,Davidson,Nashville,1/11/2017 5:30:00 AM,2,0,0,36.164040,-86.793770,I 40,,,,0.00,,,,,,,208.50,N,Not at Intersection, ,Non-Junction,None,,,         ,Travis,Baxter,Rain,"Sideswipe, Same Direction",no,no,no,no,yes,False
101502265,METROPOLITAN NASHVILLE POLICE DEPT,20170033287,Davidson,Not in City Limit,1/11/2017 8:32:00 PM,2,2,0,36.263210,-86.757280,DICKERSON PKE,,,,0.00,,,WESTCHESTER DR,,,,0.00,Y,Four-Way,Y,Intersection,None,,,         ,Samuel,Miller,Cloudy,Angle,no,no,no,no,yes,False
101502266,METROPOLITAN NASHVILLE POLICE DEPT,20170032997,Davidson,Nashville,1/11/2017 6:41:00 PM,2,0,0,36.141740,-86.818600,ACKLEN PARK DR,,,,10.00,Feet,West,HILLCREST PL,,,,0.00,N,Not at Intersection,N,Non-Junction,None,,,         ,Tien,Nguyen,Cloudy,Other,no,no,no,no,no,False
101502291,METROPOLITAN NASHVILLE POLICE DEPT,20170032801,Davidson,Nashville,1/11/2017 5:45:00 PM,2,0,0,36.120970,-86.727600,DODGE DR,,,,241.00,Feet,South,STIRTON RD,,,,0.00,N,Not at Intersection,N,Non-Junction,None,,,         ,Marcus,Darden,Clear,"Sideswipe, Opposite Direction",no,no,no,no,no,False
101502308,METROPOLITAN NASHVILLE POLICE DEPT,20170033303,Davidson,Nashville,1/11/2017 8:30:00 PM,1,1,0,36.246220,-86.779210,BRICK CHURCH PKE,,,,32.00,Feet,North,CHESAPEAKE DR,,,,0.00,N,Not at Intersection,N,Non-Junction,None,,,         ,Jerry,Pirtle,Cloudy,Not Collision with Motor Vehicle in Transport,no,no,no,no,no,False
101502312,METROPOLITAN NASHVILLE POLICE DEPT,20170033490,Davidson,Nashville,1/11/2017 9:40:00 PM,2,0,0,36.104610,-86.716360,I 24,,,,0.00,,,,,,,54.20,N,Not at Intersection,N,Non-Junction,None,,,         ,Jeffrey,Livingston,Clear,Front to Rear,no,no,no,no,yes,False
101502326,METROPOLITAN NASHVILLE POLICE DEPT,20170033256,Davidson,Nashville,1/11/2017 8:24:00 PM,2,2,0,36.129160,-86.788940,12TH AVS,,,,10.00,Feet,South,LAWRENCE AV,,,,0.00,N,Not at Intersection,N,Non-Junction,None,,,         ,Tien,Nguyen,Cloudy,HeadOn,no,no,no,no,no,False
101502328,METROPOLITAN NASHVILLE POLICE DEPT,20170033672,Davidson,Not in City Limit,1/11/2017 10:35:00 PM,2,0,0,36.048390,-86.952910,OLD HARDING PKE,,,,0.00,,,TEMPLE RD,,,,0.00,Y,T-Intersection,N,Intersection,None,,,         ,Jackson,Smythe,Cloudy,"Sideswipe, Opposite Direction",no,no,no,no,yes,False
101502349,METROPOLITAN NASHVILLE POLICE DEPT,20170033806,Davidson,Nashville,1/11/2017 11:48:00 PM,2,1,0,36.044400,-86.647050,CROSSINGS BLVD,,,,0.00,,,CROSSINGS PL,,,,0.00,Y,T-Intersection,N,Intersection,None,,,         ,David,Moser,Clear,Angle,no,no,no,no,yes,False
101502362,METROPOLITAN NASHVILLE POLICE DEPT,20170033682,Davidson,Nashville,1/11/2017 10:50:00 PM,1,2,0,36.101880,-86.745390,DRAKE AV,,,,0.00,,,,,,,0.00,,Four-Way,N,Non-Junction,None,,,         ,Joshua,Dickall,Cloudy,Not Collision with Motor Vehicle in Transport,no,no,no,no,yes,False
101502372,METROPOLITAN NASHVILLE POLICE DEPT,20170034359,Davidson,Nashville,1/12/2017 3:24:00 AM,1,1,0,36.046610,-86.678300,BELL RD,,,,340.00,Feet,East,BRITTANY PARK DR,,,,0.00,N,Not at Intersection,N,Non-Junction,None,,,         ,Kevin,Breeding,Rain,Not Collision with Motor Vehicle in Transport,no,no,no,no,no,False
101502420,METROPOLITAN NASHVILLE POLICE DEPT,20170034637,Davidson,Nashville,1/12/2017 5:43:00 AM,1,1,0,36.186430,-86.758140,ELLINGTON PKWYS,,,,113.00,Feet,West,ELLINGTON PKWYN,,,,0.00,N,Not at Intersection,Y,Non-Junction,None,,,         ,Derrick,Toney,Cloudy,Not Collision with Motor Vehicle in Transport,no,no,no,no,no,False
101502450,METROPOLITAN NASHVILLE POLICE DEPT,20170034724,Davidson,Nashville,1/12/2017 6:40:00 AM,2,1,0,36.073960,-86.734970,BLACKMAN RD,,,,0.00,Feet,,OVERCREST DR,,,,0.00,Y,T-Intersection,N,Intersection,None,,,         ,Nathaniel,Myers,Cloudy,HeadOn,no,no,no,no,no,False
101502464,METROPOLITAN NASHVILLE POLICE DEPT,20170016260,Davidson,Nashville,1/6/2017 7:19:00 AM,2,0,0,36.072700,-86.646120,RICE RD,,,,251.00,Feet,East,EDGE O LAKE DR,,,,0.00,N,Not at Intersection, ,Non-Junction,None,,,         ,Robert,Erickson,Snow,Front to Rear,no,no,no,no,no,False
101502465,METROPOLITAN NASHVILLE POLICE DEPT,20170034775,Davidson,Nashville,1/12/2017 7:08:00 AM,2,0,0,36.029410,-86.637090,I 24,,,,0.00,,,,,,,61.10,N,Not at Intersection, ,Non-Junction,None,,,         ,Robert,Erickson,Rain,Front to Rear,no,no,no,no,no,False
101502473,GOODLETTSVILLE POLICE DEPT,17-01543,Davidson,Goodlettsville,1/12/2017 6:15:00 AM,2,0,0,36.326070,-86.700710,LONG HOLLOW PKE,,,,70.00,Feet,South,NORTHCREEK BLVD,,,,0.00,N,Not at Intersection, ,Non-Junction,None,,,         ,Brian,Hajdu,Cloudy,"Sideswipe, Same Direction",no,no,no,no,no,False
101502480,METROPOLITAN NASHVILLE POLICE DEPT,20170034698,Davidson,Nashville,1/12/2017 6:20:00 AM,4,1,0,36.202990,-86.776850,I 65,,,,0.00,,,,,,,87.10,N,Not at Intersection,N,Non-Junction,None,,,         ,Geoffrey,Daugherty,Clear,Front to Rear,no,no,no,no,no,False
101502481,METROPOLITAN NASHVILLE POLICE DEPT,20170034733,Davidson,Nashville,1/12/2017 6:48:00 AM,2,1,0,36.266520,-86.742970,OLD HICKORY BLVDW,,,,293.00,Feet,East,LINCOLN PK,,,,0.00,N,Not at Intersection,N,Non-Junction,None,,,         ,Joshua,Borum,Cloudy,Front to Rear,no,no,no,no,yes,False
101502484,METROPOLITAN NASHVILLE POLICE DEPT,20170034740,Davidson,Nashville,1/12/2017 7:04:00 AM,2,0,0,36.185980,-86.798210,I65 S EXT RAMP,,,,0.00,,,I 65,,,,0.00,Y,Four-Way, ,Non-Junction,None,,,         ,Isaac,Wood,Cloudy,Front to Rear,no,no,no,no,no,False
101502490,METROPOLITAN NASHVILLE POLICE DEPT,2017-0034636,Davidson,Antioch,1/12/2017 12:00:00 AM,2,2,0,36.047840,-86.612050,MURFREESBORO PKE,,,,0.00,,,MOUNTAIN SPRINGS RD,,,,0.00,Y,Four-Way,N,Intersection,None,,,         ,Sandra,Fly,Rain,Angle,no,no,no,no,no,False
101502491,METROPOLITAN NASHVILLE POLICE DEPT,20170034756,Davidson,Nashville,1/12/2017 6:43:00 AM,2,1,0,36.207660,-86.777000,I65 S ENT RAMP,,,,0.00,,,I 65,,,,0.00,Y,OTHER,Y,Entrance/Exit Ramp Related,None,,,         ,Michael,McCord,Cloudy,Front to Rear,no,no,no,no,no,False
101502497,METROPOLITAN NASHVILLE POLICE DEPT,20170034777,Davidson,Nashville,1/12/2017 6:23:00 AM,2,0,0,36.168420,-86.687960,LEBANON PKE,,,,0.00,,,BRILEY PKWY N ENT RAMP,,,,0.00,Y,Four-Way, ,,None,,,         ,Cody,O'Quinn,,,no,no,no,no,no,False
101502510,METROPOLITAN NASHVILLE POLICE DEPT,20170034835,Davidson,Nashville,1/12/2017 7:22:00 AM,2,0,0,36.078520,-86.770060,LAMBERT DR,,,,129.00,Feet,East,BRINDLEY DR,,,,0.00,N,Not at Intersection, ,"Driveway, Alley Access, etc",None,,,         ,Justin,Pinkelton,Cloudy,Angle,no,no,no,no,no,False
101502514,GOODLETTSVILLE POLICE DEPT,17-01547,Davidson,Goodlettsville,1/12/2017 7:20:00 AM,2,1,0,36.294370,-86.717940,I 65,,,,0.00,,,,,,,94.60,N,Not at Intersection,N,Non-Junction,None,,,         ,Charles,Hauskin,Clear,Front to Rear,no,no,no,no,no,False
101502517,METROPOLITAN NASHVILLE POLICE DEPT,20170034800,Davidson,Nashville,1/12/2017 7:25:00 AM,2,0,0,36.138460,-86.726810,I 24,,,,0.00,,,,,,,52.40,N,Not at Intersection,N,Non-Junction,None,,,         ,Todd,Watson,Cloudy,Front to Rear,no,no,no,no,no,False
101502525,METROPOLITAN NASHVILLE POLICE DEPT,20170034747,Davidson,Nashville,1/12/2017 7:01:00 AM,2,0,0,36.187800,-86.737710,SHARPE AV,,,,33.00,Feet,East,CHAPEL AV,,,,0.00,N,Not at Intersection,N,Non-Junction,None,,,         ,Erik,Nash,Cloudy,Front to Rear,no,no,no,no,no,False
101502534,METROPOLITAN NASHVILLE POLICE DEPT,20170034791,Davidson,Nashville,1/12/2017 6:15:00 AM,2,0,0,36.047170,-86.655520,HICKORY HOLLOW PKWY,,,,183.00,Feet,South,BELL RD,,,,0.00,N,Not at Intersection,N,Non-Junction,None,,,         ,Jason,Dudley,Cloudy,Angle,no,no,no,no,yes,False
101502553,METROPOLITAN NASHVILLE POLICE DEPT,2017-0034877,Davidson,Nashville,1/12/2017 7:06:00 AM,2,0,0,36.044440,-86.661550,CANE RIDGE RD,,,,31.00,Feet,North,BELL RD,,,,0.00,N,Not at Intersection, ,Non-Junction,None,,,         ,Stanley,Collins,Cloudy,Angle,no,no,no,no,no,False
101502560,METROPOLITAN NASHVILLE POLICE DEPT,20170034736,Davidson,Nashville,1/12/2017 7:01:00 AM,2,1,0,36.149370,-86.782270,I 40,,,,0.00,,,,,,,209.70,N,Not at Intersection,N,Non-Junction,None,,,         ,FELIKS,ABRAHAMYAN,Cloudy,Front to Rear,no,no,no,no,no,False
101502565,METROPOLITAN NASHVILLE POLICE DEPT,20170034926,Davidson,Nashville,1/12/2017 8:19:00 AM,3,0,0,36.038360,-86.802960,OLD HICKORY BLVD,,,,79.00,Feet,East,BRIGHT HOUR FARM PVTDR,,,,0.00,N,Not at Intersection,N,Non-Junction,None,,,         ,Je-Marc,Sears,Cloudy,Front to Rear,no,no,no,no,no,False
101502576,METROPOLITAN NASHVILLE POLICE DEPT,20170034893,Davidson,Nashville,1/12/2017 8:00:00 AM,2,0,0,36.211000,-86.838930,NORTHSIDE STATION PVTDR,,,,0.00,,,CLARKSVILLE PKE,,,,0.00,Y,Four-Way,N,Intersection,None,,,         ,Chad,Wilkinson,Cloudy,"Sideswipe, Same Direction",no,no,no,no,no,False
101502578,METROPOLITAN NASHVILLE POLICE DEPT,20170035163,Davidson,Nashville,1/12/2017 9:00:00 AM,1,0,0,36.116020,-86.789580,I 440,,,,0.00,,,,,,,4.00,N,Not at Intersection,N,Non-Junction,None,,,         ,Citlaly,Juarez,Cloudy,Not Collision with Motor Vehicle in Transport,no,no,no,no,no,False
101502589,METROPOLITAN NASHVILLE POLICE DEPT,20170034869,Davidson,Nashville,1/12/2017 8:00:00 AM,2,0,0,36.150790,-86.785410,I40 W EXT RAMP,,,,0.00,Feet,East,I 40,,,,0.00,N,Not at Intersection, ,Non-Junction,None,,,         ,William,Gibbs,Cloudy,Front to Rear,no,no,no,no,no,False
101502590,METROPOLITAN NASHVILLE POLICE DEPT,20170035023,Davidson,Nashville,1/12/2017 8:46:00 AM,3,0,0,36.143140,-86.736760,I 40,,,,0.00,,,,,,,212.70,N,Not at Intersection, ,Non-Junction,None,,,         ,Cody,O'Quinn,Cloudy,Front to Rear,no,no,no,no,yes,False
101502594,METROPOLITAN NASHVILLE POLICE DEPT,20170035157,Davidson,Nashville,1/12/2017 9:39:00 AM,2,0,0,36.142010,-86.712390,I 40,,,,0.00,,,,,,,214.10,N,Not at Intersection, ,Non-Junction,None,,,         ,Larry,Benz,Cloudy,Front to Rear,no,no,no,no,no,False
101502601,METROPOLITAN NASHVILLE POLICE DEPT,20170034685,Davidson,Nashville,1/12/2017 6:12:00 AM,2,1,0,36.140440,-86.728690,I 24,,,,0.00,,,,,,,51.55,N,Not at Intersection,N,Non-Junction,None,,,         ,Kevin,Coleman,Clear,Front to Rear,no,no,no,no,no,False