master_record_number,agency,agency_tracking_number,county,city,collision_date,vehicles_involved,number_injured,number_dead,latitude,longitude,roadway_name,roadway_suffix,roadway_number,roadway_local_id,distance_from_reference,miles-feet_indicator,direction_from_reference,intersection_road_name,intersection_road_name_suffix,intersection_road_number,intersection_local_id,mile_marker,intersection_indicator,intersect_type,interchange_related_indicator,relation_to_junction,work_zone_type,construction_maintenance_zone,construction_maintenance_zone_location,fatal_case_number,officer_first_name,officer_last_name,weather_condition(s),manner_of_crash,pedestrian,bicycle,scooter,parking,hitrun,mou
101530446,METROPOLITAN NASHVILLE POLICE DEPT,20170061887,Davidson,Nashville,1/20/2017 7:40:00 PM,2,1,0,36.170820,-86.601560,I40 W ENT RAMP,,,,0.00,,,I 40,,,,0.00,Y,T-Intersection,N,Entrance/Exit Ramp Related,None,,,         ,Kimberly,Annson,Clear,"Sideswipe, Opposite Direction",no,no,no,no,no,False
101530450,METROPOLITAN NASHVILLE POLICE DEPT,20170061563,Davidson,Not in City Limit,1/20/2017 5:30:00 PM,2,0,0,36.263240,-86.690910,E OLD HICKORY BLVD,,,,0.00,,,,,,,0.00,,,N,Non-Junction,None,,,         ,Samuel,Miller,Cloudy,Angle,no,no,no,yes,yes,False
101530452,METROPOLITAN NASHVILLE POLICE DEPT,20170061833,Davidson,Nashville,1/20/2017 7:41:00 PM,3,2,0,36.134870,-86.824480,WEST END AV,,,,0.00,Feet,East,BOWLING AV,,,,0.00,N,Not at Intersection,N,Non-Junction,None,,,         ,Walter,Gray II,Clear,Front to Rear,no,no,no,no,no,False
101530489,METROPOLITAN NASHVILLE POLICE DEPT,20170061680,Davidson,Nashville,1/20/2017 5:47:00 PM,2,0,0,36.247290,-86.720790,GALLATIN PKES,,,,248.00,Feet,North,BERKLEY DR,,,,0.00,N,Not at Intersection, ,Non-Junction,None,,,         ,Samuel,Miller,Clear,Angle,no,no,no,no,no,False
101530505,METROPOLITAN NASHVILLE POLICE DEPT,20170062079,Davidson,Nashville,1/20/2017 9:10:00 PM,1,0,0,36.146270,-86.662850,AIRPORT CENTER DR,,,,263.00,Feet,North,ROYAL PKWY,,,,0.00,N,Not at Intersection,N,Non-Junction,None,,,         ,Jonathan,Cavezza,Clear,Not Collision with Motor Vehicle in Transport,no,no,no,no,no,False
101530514,METROPOLITAN NASHVILLE POLICE DEPT,20170062141,Davidson,Nashville,1/20/2017 9:12:00 PM,3,1,0,36.205740,-86.628590,BONNAFIELD DR,,,,419.00,Feet,South,BONNAVUE DR,,,,0.00,N,Not at Intersection,N,Non-Junction,None,,,         ,Noah,Melton,Clear,HeadOn,no,no,no,no,no,False
101530526,METROPOLITAN NASHVILLE POLICE DEPT,20170062229,Davidson,Nashville,1/20/2017 9:58:00 PM,2,0,0,36.062320,-86.904630,HIGHWAY 100,,,,0.00,,,OLD HICKORY BLVD,,,,0.00,Y,T-Intersection, ,Intersection,None,,,         ,Walter,Gray II,Clear,Angle,no,no,no,no,no,False
101530616,METROPOLITAN NASHVILLE POLICE DEPT,20170062331,Davidson,Nashville,1/20/2017 10:30:00 PM,2,0,0,36.164210,-86.776680,2ND AVN,,,,149.00,Feet,South,CHURCH ST,,,,0.00,N,Not at Intersection, ,Non-Junction,None,,,         ,Hunter,Fikes,Clear,"Sideswipe, Same Direction",no,no,no,no,no,False
101530646,GOODLETTSVILLE POLICE DEPT,17-02757,Davidson,Goodlettsville,1/21/2017 1:20:00 AM,1,0,0,36.305440,-86.703730,MEADOW LARK LN,,,,53.00,Feet,East,RIVERGATE PKWY PVTDR,,,,0.00,N,Not at Intersection,N,Non-Junction,None,,,         ,Jeffery,Hunter,Cloudy,Not Collision with Motor Vehicle in Transport,no,no,no,no,no,False
101530669,METROPOLITAN NASHVILLE POLICE DEPT,20170062365,Davidson,Nashville,1/20/2017 10:25:00 PM,2,0,0,36.162900,-86.776860,3RD AVN,,,,0.00,,,COMMERCE ST,,,,0.00,Y,Four-Way,N,Intersection,None,,,         ,Damon,Hutcheson,Cloudy,Rear to Side,no,no,no,no,yes,False
101530674,METROPOLITAN NASHVILLE POLICE DEPT,20170062928,Davidson,Nashville,1/21/2017 3:01:00 AM,1,0,0,36.196720,-86.776140,I 65,,,,0.00,,,,,,,86.65,N,Not at Intersection,N,Non-Junction,None,,,         ,James,Murphy,Clear,Not Collision with Motor Vehicle in Transport,no,no,no,no,no,False
101530681,METROPOLITAN NASHVILLE POLICE DEPT,20170063063,Davidson,Not in City Limit,1/21/2017 12:00:00 AM,1,0,0,36.343420,-86.791580,GREER RD,,,,0.00,,,,,,,0.00,,,N,Non-Junction,None,,,         ,Patrick,McGinnis,Cloudy,Not Collision with Motor Vehicle in Transport,no,no,no,no,yes,False
101530695,METROPOLITAN NASHVILLE POLICE DEPT,20170062945,Davidson,Nashville,1/21/2017 3:10:00 AM,1,1,0,36.128510,-86.900830,I 40,,,,0.00,,,,,,,200.90,N,Not at Intersection,N,Non-Junction,None,,,         ,Albert,Wilson,Clear,Not Collision with Motor Vehicle in Transport,no,no,no,no,no,False
101530735,METROPOLITAN NASHVILLE POLICE DEPT,20170063204,Davidson,Nashville,1/21/2017 6:55:00 AM,2,1,0,36.188350,-86.629130,LEBANON PKE,,,,71.00,Feet,East,HICKORY HILL LN,,,,0.00,N,Not at Intersection,N,Non-Junction,None,,,         ,Gregory,Lindstrom,Cloudy,Angle,no,no,no,no,yes,False
101530757,METROPOLITAN NASHVILLE POLICE DEPT,20170063378,Davidson,Nashville,1/21/2017 8:53:00 AM,2,0,0,36.217080,-86.696380,OPRYLAND DR,,,,0.00,,,MUSIC VALLEY DR,,,,0.00,Y,Four-Way,N,Intersection,None,,,         ,Michael,Dance,Cloudy,Angle,no,no,no,no,no,False
101530772,BERRY HILL POLICE DEPT,17-0245,Davidson,Berry Hill,1/19/2017 12:00:00 AM,2,0,0,36.120480,-86.767330,BERRY RD,,,,74.00,Feet,East,BERRYWOOD DR,,,,0.00,N,Not at Intersection, ,,None,,,         ,Ray,Ferguson,,,no,no,no,yes,no,False
101530801,THP District 3 - Nashville,317003625,Davidson,Nashville,1/20/2017 4:18:00 PM,2,0,0,36.081860,-86.764060,I 65,,,,0.00,,,,,,,77.80,N,Not at Intersection,N,Non-Junction,None,,,         ,Andrew,Perez,Cloudy,Front to Rear,no,no,no,no,no,False
101530816,METROPOLITAN NASHVILLE POLICE DEPT,20170063577,Davidson,Nashville,1/21/2017 12:00:00 AM,1,1,0,36.188180,-86.816790,25TH AVN,,,,59.00,Feet,South,DOWLAN ST,,,,0.00,N,Not at Intersection,N,Non-Junction,None,,,         ,Julie,Nabors,Clear,Not Collision with Motor Vehicle in Transport,no,no,no,no,yes,False
101530838,METROPOLITAN NASHVILLE POLICE DEPT,20170063693,Davidson,Nashville,1/21/2017 9:30:00 AM,1,0,0,36.204190,-86.851840,ASHLAND CITY HWY,,,,448.00,Feet,North,CLINTONDALE DR,,,,0.00,N,Not at Intersection, ,Non-Junction,None,,,         ,Brandon,Evans,Clear,Not Collision with Motor Vehicle in Transport,no,no,no,yes,yes,False
101530911,METROPOLITAN NASHVILLE POLICE DEPT,20170063611,Davidson,Nashville,1/21/2017 10:54:00 AM,3,2,0,36.167580,-86.762280,SHELBY AV,,,,19.00,Feet,West,S 5TH ST,,,,0.00,N,Not at Intersection,N,Non-Junction,None,,,         ,Tony,Folad,Cloudy,Angle,no,no,no,no,no,False
101530919,VANDERBILT UNIVERSITY POLICE,17-0060853,Davidson,Nashville,1/20/2017 9:38:00 AM,2,0,0,36.108100,-86.763190,POWELL AV,,,,1573.00,Feet,East,OLD POWELL AV,,,,0.00,N,Not at Intersection,N,Non-Junction,None,,,         ,Roger,Tidwell,Cloudy,Unknown,no,no,no,yes,yes,OHO
101530920,METROPOLITAN NASHVILLE POLICE DEPT,20170063752,Davidson,Nashville,1/21/2017 12:23:00 PM,1,1,0,36.175820,-86.757570,MAIN ST,,,,0.00,,,NEILL AV,,,,0.00,Y,T-Intersection,Y,Intersection-Related,None,,,         ,Michael,Thompson,Clear,Not Collision with Motor Vehicle in Transport,yes,no,no,no,no,False
101530951,BERRY HILL POLICE DEPT,17-0247,Davidson,Berry Hill,1/20/2017 1:00:00 PM,2,0,0,36.120140,-86.768790,BERRY RD,,,,0.00,,,GREYSTONE RD,,,,0.00,Y,Four-Way, ,,None,,,         ,Ray,Ferguson,,,no,no,no,no,no,False
101530954,METROPOLITAN NASHVILLE POLICE DEPT,20170063802,Davidson,Nashville,1/21/2017 12:40:00 PM,2,0,0,36.153150,-86.765080,I 40,,,,0.00,,,,,,,210.70,N,Not at Intersection, ,Non-Junction,None,,,         ,William,Gibbs,Clear,Front to Rear,no,no,no,no,no,False
101530974,METROPOLITAN NASHVILLE POLICE DEPT,20170063711,Davidson,Nashville,1/21/2017 12:00:00 AM,2,1,0,36.164230,-86.777730,CHURCH ST,,,,0.00,,,3RD AVN,,,,0.00,Y,Four-Way,N,Intersection,None,,,         ,Daniel,Russett,Clear,Front to Rear,yes,no,no,no,no,False
101530982,METROPOLITAN NASHVILLE POLICE DEPT,20170063790,Davidson,Nashville,1/21/2017 12:42:00 PM,2,0,0,36.241050,-86.757310,DICKERSON PKE,,,,79.00,Feet,South,BRILEY PKWYE,,,,0.00,N,Not at Intersection,N,Non-Junction,None,,,         ,DuJuan,Kendrick,Clear,Front to Rear,no,no,no,no,yes,False
101531006,METROPOLITAN NASHVILLE POLICE DEPT,20170063781,Davidson,Nashville,1/21/2017 12:40:00 PM,7,1,0,36.129310,-86.711700,PHILFRE CT,,,,0.00,,,,,,,0.00,,Not at Intersection,N,OtherLocation,None,,,         ,Richard,Hyatt,Clear,Angle,no,no,no,yes,no,False
101531008,METROPOLITAN NASHVILLE POLICE DEPT,20170063775,Davidson,Nashville,1/21/2017 12:38:00 PM,2,0,0,36.131880,-86.895530,CHARLOTTE PKE,,,,0.00,,,I40 E ENT RAMP,,,,0.00,Y,Four-Way,N,Non-Junction,None,,,         ,Christopher,Taylor,Clear,Angle,no,no,no,no,no,False
101531041,GOODLETTSVILLE POLICE DEPT,17-02782,Davidson,Goodlettsville,1/21/2017 10:35:00 AM,2,1,0,36.309480,-86.695660,VIETNAM VETERANS BLVDS,,,,0.00,,,CONFERENCE DR,,,,0.00,Y,T-Intersection,N,Intersection-Related,None,,,         ,Charles,Hauskin,Clear,Front to Rear,no,no,no,no,no,False
101531043,METROPOLITAN NASHVILLE POLICE DEPT,20170064001,Davidson,Nashville,1/21/2017 12:00:00 PM,2,0,0,36.149110,-86.807370,24TH AVN,,,,187.00,Feet,North,ELLISTON PL,,,,0.00,N,Not at Intersection, ,Non-Junction,None,,,         ,Charles,Griffin,Clear,Unknown,no,no,no,no,yes,Campus
101531045,METROPOLITAN NASHVILLE POLICE DEPT,20170063948,Davidson,Nashville,1/21/2017 2:43:00 PM,2,0,0,36.208640,-86.738760,IVERSON AV,,,,387.00,Feet,East,W KIRKLAND AV,,,,0.00,N,Not at Intersection, ,Non-Junction,None,,,         ,Christopher,Valdez,Cloudy,Rear to Side,no,no,no,no,no,False
101531048,METROPOLITAN NASHVILLE POLICE DEPT,20170063957,Davidson,Nashville,1/21/2017 2:00:00 PM,2,0,0,36.221100,-86.805050,REVELS DR,,,,94.00,Feet,East,PHYLLIS WHEATLEY HOMES PVTDR,,,,0.00,N,Not at Intersection,N,Non-Junction,None,,,         ,Kevin,Reynolds,Clear,Front to Rear,no,no,no,yes,yes,False
101531050,METROPOLITAN NASHVILLE POLICE DEPT,20170064020,Davidson,Nashville,1/21/2017 3:15:00 PM,1,0,0,36.111790,-86.710650,BRILEY PKWYS,,,,315.00,Feet,West,BRILEY PKWYN,,,,0.00,N,Not at Intersection,N,Non-Junction,None,,,         ,Andrew,Swint,Clear,Not Collision with Motor Vehicle in Transport,no,no,no,no,no,False
101531051,METROPOLITAN NASHVILLE POLICE DEPT,20170063899,Davidson,Nashville,1/21/2017 1:57:00 PM,1,1,0,36.123760,-86.716650,EAST THOMPSON LN,,,,593.00,Feet,North,LAWNDALE DR,,,,0.00,N,Not at Intersection,N,Non-Junction,None,,,         ,Lee,Davis,Clear,Not Collision with Motor Vehicle in Transport,no,no,no,no,no,False
101531060,METROPOLITAN NASHVILLE POLICE DEPT,20170063985,Davidson,Nashville,1/21/2017 2:20:00 PM,2,0,0,36.182600,-86.735330,EASTLAND AV,,,,104.00,Feet,East,CHAPEL AV,,,,0.00,N,Not at Intersection, ,,None,,,         ,Gunes,Akyildiz,,,no,no,no,no,no,False
101531089,METROPOLITAN NASHVILLE POLICE DEPT,20170063958,Davidson,Nashville,1/21/2017 1:35:00 PM,2,0,0,36.167040,-86.663450,DONELSON PKE,,,,0.00,,,,,,,0.00,,, ,,None,,,         ,Brian,Smith,,,no,no,no,no,no,False
101531110,GOODLETTSVILLE POLICE DEPT,17-02815,Davidson,Goodlettsville,1/21/2017 3:42:00 PM,2,0,0,36.309460,-86.695620,VIETNAM VETERANS BLVD SB EXT R,,,,0.00,,,CONFERENCE DR,,,,0.00,Y,T-Intersection, ,Entrance/Exit Ramp Related,None,,,         ,James,Wells,Clear,Front to Rear,no,no,no,no,no,False
101531113,METROPOLITAN NASHVILLE POLICE DEPT,20170064087,Davidson,Nashville,1/21/2017 3:04:00 PM,2,0,0,36.054990,-86.759550,TROUSDALE DR,,,,0.00,,,BRENTVIEW HILLS DR,,,,0.00,Y,Four-Way,N,Intersection,None,,,         ,Charles,Griffin,Clear,Angle,no,no,no,no,no,False
101531145,METROPOLITAN NASHVILLE POLICE DEPT,20170064122,Davidson,Nashville,1/21/2017 1:00:00 PM,3,0,0,36.025490,-86.712380,LENOX VILLAGE DR,,,,197.00,Feet,East,NOLENSVILLE PKE,,,,0.00,N,Not at Intersection,N,Non-Junction,None,,,         ,Andrew,Swint,Clear,Front to Rear,no,no,no,no,yes,False
101531165,METROPOLITAN NASHVILLE POLICE DEPT,20170064120,Davidson,Nashville,1/21/2017 12:00:00 AM,1,0,0,36.068630,-86.693900,APACHE TRL,,,,43.00,Feet,North,HAYWOOD SQUARE PVTDR,,,,0.00,N,Not at Intersection, ,Non-Junction,None,,,         ,Richard,Olive,Clear,Not Collision with Motor Vehicle in Transport,no,no,no,no,yes,False
101531169,VANDERBILT UNIVERSITY POLICE,17-0064053,Davidson,Nashville,1/21/2017 3:15:00 PM,2,0,0,36.139900,-86.803220,PIERCE AV,,,,220.00,Feet,North,CHILDRENS WAY,,,,0.00,N,Not at Intersection, ,Non-Junction,None,,,         ,Gregory,Blocker,Clear,"Sideswipe, Opposite Direction",no,no,no,yes,no,Campus
101531170,METROPOLITAN NASHVILLE POLICE DEPT,20170064274,Davidson,Nashville,1/21/2017 4:38:00 PM,2,0,0,36.042220,-86.770670,SEVEN SPRINGS WAY PVTDR,,,,636.00,Feet,North,OLD HICKORY BLVD,,,,0.00,N,Not at Intersection, ,Non-Junction,None,,,         ,Charles,Griffin,Clear,Other,no,no,no,yes,yes,False
101531182,METROPOLITAN NASHVILLE POLICE DEPT,20170064223,Davidson,Nashville,1/21/2017 4:45:00 PM,2,0,0,36.092040,-86.735560,NOLENSVILLE PKE,,,,270.00,Feet,North,YELTON CT,,,,0.00,N,Not at Intersection, ,Non-Junction,None,,,         ,Nicholas,Berens,Clear,Angle,no,no,no,no,no,False
101531183,METROPOLITAN NASHVILLE POLICE DEPT,20170064320,Davidson,Old Hickory,1/21/2017 5:27:00 PM,2,0,0,36.255840,-86.654000,ROBINSON RD,,,,0.00,Feet,,MERRITT ST,,,,0.00,Y,Four-Way,N,Intersection,None,,,         ,Noah,Melton,Clear,Front to Rear,no,no,no,no,yes,False
101531197,METROPOLITAN NASHVILLE POLICE DEPT,20170064271,Davidson,Not in City Limit,1/21/2017 4:50:00 PM,2,0,0,36.080800,-86.955060,I40 E ENT RAMP,,,,0.00,Feet,East,I 40,,,,0.00,N,Not at Intersection, ,,None,,,         ,Benjamin,Spees,,,no,no,no,no,no,False
101531199,METROPOLITAN NASHVILLE POLICE DEPT,20170064374,Davidson,Nashville,1/21/2017 5:55:00 PM,1,3,0,36.124050,-86.789740,SWEETBRIAR AV,,,,0.00,,,12TH AVS,,,,0.00,Y,T-Intersection,N,Intersection,None,,,         ,Charles,Griffin,Clear,Not Collision with Motor Vehicle in Transport,yes,no,no,no,no,False
101531201,METROPOLITAN NASHVILLE POLICE DEPT,20170064239,Davidson,Nashville,1/21/2017 4:36:00 PM,2,0,0,36.169050,-86.772240,S 1ST ST,,,,0.00,Feet,East,WOODLAND ST,,,,0.00,N,Not at Intersection, ,OtherLocation,None,,,         ,Kendra,Cowper,Clear,Front to Rear,no,no,no,no,no,False
101531208,METROPOLITAN NASHVILLE POLICE DEPT,20170064286,Davidson,Nashville,1/21/2017 3:17:00 PM,2,1,0,36.074480,-86.920940,OLD HICKORY BLVD,,,,0.00,,,HIGHWAY 70S,,,,0.00,Y,Four-Way,N,Intersection,None,,,         ,Ethan,Usherwood,Clear,HeadOn,no,no,no,no,no,False
101531243,METROPOLITAN NASHVILLE POLICE DEPT,20170064598,Davidson,Nashville,1/21/2017 7:34:00 PM,2,0,0,36.047060,-86.861760,OLD HICKORY BLVD,,,,301.00,Feet,East,HILLSBORO PKE,,,,0.00,N,Not at Intersection, ,Non-Junction,None,,,         ,Charles,Griffin,Clear,Front to Rear,no,no,no,no,no,False
101531249,METROPOLITAN NASHVILLE POLICE DEPT,20170064191,Davidson,Goodlettsville,1/21/2017 4:36:00 PM,2,1,0,36.302140,-86.692720,TWIN HILLS DR,,,,0.00,,,RIVERGATE MALL PVTDR,,,,0.00,Y,Four-Way,Y,Intersection,None,,,         ,Christopher,Littles,Clear,Angle,no,no,no,no,no,False
101531250,METROPOLITAN NASHVILLE POLICE DEPT,20170064539,Davidson,Not in City Limit,1/21/2017 7:12:00 PM,2,1,0,36.263230,-86.713570,OLD HICKORY BLVDW,,,,500.00,Feet,West,STATE RT 45,,,,0.00,N,Not at Intersection,N,Non-Junction,None,,,         ,Christopher,Littles,Cloudy,Not Collision with Motor Vehicle in Transport,yes,no,no,no,yes,False
101531258,METROPOLITAN NASHVILLE POLICE DEPT,20170064438,Davidson,Nashville,1/21/2017 6:00:00 PM,2,1,0,36.040690,-86.779760,OLD HICKORY BLVD,,,,137.00,Feet,West,STONE BROOK DR,,,,0.00,N,Not at Intersection,N,Non-Junction,None,,,         ,Akira,McSwain,Clear,Front to Rear,no,no,no,no,no,False
101531260,METROPOLITAN NASHVILLE POLICE DEPT,20170064403,Davidson,Goodlettsville,1/21/2017 12:00:00 AM,1,1,0,36.296470,-86.699560,GALLATIN PKEN,,,,200.00,Feet,South,RIVERGATE PKWY,,,,0.00,N,Not at Intersection,N,Non-Junction,None,,,         ,Joel,Callies,Clear,Not Collision with Motor Vehicle in Transport,yes,no,no,no,no,False
101531289,METROPOLITAN NASHVILLE POLICE DEPT,20170064425,Davidson,Nashville,1/21/2017 6:22:00 PM,2,0,0,36.082020,-86.727070,NOLENSVILLE PKE,,,,222.00,Feet,South,WELSHWOOD DR,,,,0.00,N,Not at Intersection,N,Non-Junction,None,,,         ,Edin,Plancic,Clear,Angle,no,no,no,no,no,False
101531309,METROPOLITAN NASHVILLE POLICE DEPT,20170064125,Davidson,Goodlettsville,1/21/2017 2:44:00 PM,2,0,0,36.292000,-86.720740,I 65,,,,0.00,,,,,,,94.40,N,Not at Intersection, ,Non-Junction,None,,,         ,Harold,Willmore IV,Clear,Not Collision with Motor Vehicle in Transport,no,no,no,no,no,False
101531320,METROPOLITAN NASHVILLE POLICE DEPT,2017-0064218,Davidson,Nashville,1/21/2017 4:37:00 PM,2,0,0,36.232290,-86.624730,SHUTE LN,,,,0.00,,,OLD HICKORY BLVD,,,,0.00,Y,T-Intersection, ,,None,,,         ,Sandra,Talavera,,,no,no,no,no,no,False
101531334,METROPOLITAN NASHVILLE POLICE DEPT,20170064854,Davidson,Nashville,1/21/2017 9:06:00 PM,3,2,0,36.182700,-86.748840,STRATTON AV,,,,0.00,,,GALLATIN AV,,,,0.00,Y,Four-Way,N,Intersection-Related,None,,,         ,Steven,Frazier Jr.,Clear,Front to Rear,no,no,no,no,no,False
101531366,METROPOLITAN NASHVILLE POLICE DEPT,20170064472,Davidson,Nashville,1/21/2017 5:30:00 PM,2,0,0,36.134280,-86.779090,WEDGEWOOD AV,,,,0.00,,,8TH AVS,,,,0.00,Y,Four-Way, ,Intersection,None,,,         ,Eric,Thomas,Clear,Angle,no,no,no,no,no,False
101531367,METROPOLITAN NASHVILLE POLICE DEPT,20170064986,Davidson,Nashville,1/21/2017 9:50:00 PM,2,3,0,36.059440,-86.641160,BELL RD,,,,57.00,Feet,South,CAMBRIDGE APTS PVTDR,,,,0.00,N,Not at Intersection,N,Non-Junction,None,,,         ,Benny,Pittman,Clear,Angle,no,no,no,no,no,False
101531375,METROPOLITAN NASHVILLE POLICE DEPT,20170065080,Davidson,Nashville,1/21/2017 10:50:00 PM,2,0,0,36.161880,-86.776190,3RD AVN,,,,140.00,Feet,North,BROADWAY,,,,0.00,N,Not at Intersection, ,Non-Junction,None,,,         ,Ryan,Caulfield,Clear,"Sideswipe, Same Direction",no,no,no,no,no,False
101531383,METROPOLITAN NASHVILLE POLICE DEPT,20170065035,Davidson,Nashville,1/21/2017 10:09:00 PM,2,1,0,36.138840,-86.800590,CAPERS AV,,,,0.00,,,21ST AVS,,,,0.00,Y,T-Intersection,N,Intersection,None,,,         ,Charles,Griffin,Clear,Angle,no,no,no,no,no,Campus
101531384,METROPOLITAN NASHVILLE POLICE DEPT,20170065125,Davidson,Nashville,1/21/2017 10:51:00 PM,1,0,0,36.053840,-86.667460,HICKORY HOLLOW PKWY,,,,1463.00,Feet,East,MT VIEW RD,,,,0.00,N,Not at Intersection,N,Non-Junction,None,,,         ,Daniel,Garrett,Clear,Not Collision with Motor Vehicle in Transport,no,no,no,no,no,False
101531387,METROPOLITAN NASHVILLE POLICE DEPT,20170064789,Davidson,Nashville,1/21/2017 8:00:00 PM,2,0,0,36.162040,-86.776290,3RD AVE N,,,,189.00,Feet,North,US HWY 70,,,,0.00,N,Not at Intersection, ,Non-Junction,None,,,         ,Jessica,Johnson,Clear,Unknown,no,no,no,yes,yes,False
101531392,METROPOLITAN NASHVILLE POLICE DEPT,20170065087,Davidson,Nashville,1/21/2017 12:00:00 AM,1,0,0,36.140750,-86.732330,I 40,,,,0.00,,,,,,,213.00,N,Not at Intersection,N,Non-Junction,None,,,         ,Alfredo,Arevalo,Clear,Not Collision with Motor Vehicle in Transport,no,no,no,no,no,False
101531419,METROPOLITAN NASHVILLE POLICE DEPT,20170065105,Davidson,Nashville,1/21/2017 10:56:00 PM,2,1,0,36.156070,-86.782750,10TH AVS,,,,0.00,,,DEMONBREUN ST,,,,0.00,Y,Four-Way,N,Intersection,None,,,         ,Kevin,Ott,Clear,Front to Rear,no,no,no,no,yes,False
101531426,METROPOLITAN NASHVILLE POLICE DEPT,20170065149,Davidson,Nashville,1/21/2017 11:21:00 PM,2,1,0,36.229380,-86.759280,BROADMOOR DR,,,,0.00,Feet,East,DICKERSON PKE,,,,0.00,N,Not at Intersection,N,OtherLocation,None,,,         ,Harris,Smith,Clear,HeadOn,no,no,no,no,no,False
101531436,METROPOLITAN NASHVILLE POLICE DEPT,20170065220,Davidson,Nashville,1/21/2017 6:50:00 PM,2,0,0,36.214820,-86.597680,ANDREW JACKSON PKWY,,,,108.00,Feet,South,LEBANON PKE,,,,0.00,N,Not at Intersection, ,Non-Junction,None,,,         ,Sean,Wuethrich,Clear,Angle,no,no,no,no,no,False
101531453,METROPOLITAN NASHVILLE POLICE DEPT,20170065430,Davidson,Nashville,1/22/2017 1:41:00 AM,2,0,0,36.129920,-86.714190,MILLWOOD DR,,,,224.00,Feet,North,MURFREESBORO PKE,,,,0.00,N,Not at Intersection,N,Non-Junction,None,,,         ,Daniel,Caruth,Clear,Unknown,no,no,no,yes,yes,False
101531455,METROPOLITAN NASHVILLE POLICE DEPT,20170065264,Davidson,Nashville,1/21/2017 10:55:00 PM,2,1,0,36.198440,-86.620270,LEBANON PKE,,,,0.00,,,OLD HICKORY BLVD,,,,0.00,Y,Four-Way,Y,Intersection,None,,,         ,Brett,Johns,Clear,Front to Rear,no,no,no,no,yes,False
101531461,METROPOLITAN NASHVILLE POLICE DEPT,20170065339,Davidson,Nashville,1/22/2017 1:04:00 AM,1,0,0,36.126080,-86.728060,I440 W ENT RAMP,,,,0.00,Feet,East,I 440,,,,0.00,N,Not at Intersection,Y,Entrance/Exit Ramp Related,None,,,         ,Kevin,Breeding,Clear,Not Collision with Motor Vehicle in Transport,no,no,no,no,yes,False
101531467,METROPOLITAN NASHVILLE POLICE DEPT,20170065492,Davidson,Not in City Limit,1/22/2017 2:19:00 AM,1,0,0,36.287850,-86.808870,I 24,,,,0.00,,,,,,,39.65,N,Not at Intersection,N,Non-Junction,None,,,         ,Myriah,Iles,Clear,Not Collision with Motor Vehicle in Transport,no,no,no,no,no,False
101531469,METROPOLITAN NASHVILLE POLICE DEPT,20170065098,Davidson,Nashville,1/21/2017 10:53:00 PM,1,1,0,36.074580,-86.920610,HIGHWAY 70S,,,,105.00,Feet,East,OLD HICKORY BLVD,,,,0.00,N,Not at Intersection,N,Non-Junction,None,,,         ,Ryan,McManman,Clear,Not Collision with Motor Vehicle in Transport,yes,no,no,no,yes,False
101531472,METROPOLITAN NASHVILLE POLICE DEPT,20170065609,Davidson,Nashville,1/22/2017 3:29:00 AM,2,0,0,36.161410,-86.776270,BROADWAY,,,,101.00,Feet,West,3RD AVN,,,,0.00,N,Not at Intersection, ,Non-Junction,None,,,         ,Kevin,Ott,Clear,"Sideswipe, Same Direction",no,no,no,no,no,False
101531478,METROPOLITAN NASHVILLE POLICE DEPT,20170065536,Davidson,Nashville,1/22/2017 2:52:00 AM,2,2,0,36.079490,-86.644600,EDGE O LAKE DR,,,,0.00,,,MURFREESBORO PKE,,,,0.00,Y,Four-Way,Y,Intersection,None,,,         ,Erik,Dabbs,Cloudy,Not Collision with Motor Vehicle in Transport,no,no,no,no,no,False
101531479,METROPOLITAN NASHVILLE POLICE DEPT,20170065504,Davidson,Nashville,1/22/2017 12:00:00 AM,1,1,0,36.255430,-86.705090,NEELYS BEND RD,,,,0.00,,,,,,,0.00,,,N,Non-Junction,None,,,         ,Patrick,McGinnis,Clear,Not Collision with Motor Vehicle in Transport,yes,no,no,no,yes,False
101531481,METROPOLITAN NASHVILLE POLICE DEPT,20170065235,Davidson,Nashville,1/22/2017 12:11:00 AM,2,1,0,36.055010,-86.642410,BELL RD,,,,0.00,,,ZELIDA AV,,,,0.00,Y,Four-Way,N,Intersection,None,,,         ,William,Coy,Clear,"Sideswipe, Opposite Direction",no,no,no,no,no,False
101531483,METROPOLITAN NASHVILLE POLICE DEPT,20170065207,Davidson,Nashville,1/21/2017 11:44:00 PM,2,0,0,36.157650,-86.773410,KOREAN VETERANS BLVD,,,,0.00,,,3RD AVS,,,,0.00,Y,Four-Way,N,Non-Junction,None,,,         ,Hunter,Fikes,Clear,Angle,no,no,no,no,no,False
101531487,METROPOLITAN NASHVILLE POLICE DEPT,20170065473,Davidson,Nashville,1/22/2017 2:10:00 AM,2,0,0,36.208720,-86.770200,GRIZZARD AV,,,,810.00,Feet,West,DICKERSON PKE,,,,0.00,N,Not at Intersection,N,Non-Junction,None,,,         ,Steven,Henry Jr.,Clear,Front to Rear,no,no,no,no,yes,False
101531497,METROPOLITAN NASHVILLE POLICE DEPT,20170065199,Davidson,Nashville,1/21/2017 11:40:00 PM,3,0,0,36.156580,-86.787480,12TH AVS,,,,0.00,Feet,,BROADWAY,,,,0.00,Y,Four-Way, ,Intersection,None,,,         ,Damon,Hutcheson,Cloudy,Front to Rear,no,no,no,no,no,False