master_record_number,agency,agency_tracking_number,county,city,collision_date,vehicles_involved,number_injured,number_dead,latitude,longitude,roadway_name,roadway_suffix,roadway_number,roadway_local_id,distance_from_reference,miles-feet_indicator,direction_from_reference,intersection_road_name,intersection_road_name_suffix,intersection_road_number,intersection_local_id,mile_marker,intersection_indicator,intersect_type,interchange_related_indicator,relation_to_junction,work_zone_type,construction_maintenance_zone,construction_maintenance_zone_location,fatal_case_number,officer_first_name,officer_last_name,weather_condition(s),manner_of_crash,pedestrian,bicycle,scooter,parking,hitrun,mou
101533418,METROPOLITAN NASHVILLE POLICE DEPT,20170073412,Davidson,Nashville,1/24/2017 3:06:00 PM,2,0,0,36.072000,-86.691570,I 24,,,,0.00,,,,,,,56.80,N,Not at Intersection,N,Non-Junction,None,,,         ,Kevin,Keating,Clear,"Sideswipe, Same Direction",no,no,no,no,yes,False
101533429,METROPOLITAN NASHVILLE POLICE DEPT,20170073090,Davidson,Nashville,1/24/2017 1:16:00 PM,1,0,0,36.252450,-86.830920,LLOYD RD,,,,298.00,Feet,West,BUENA VISTA PKE,,,,0.00,N,Not at Intersection,N,Non-Junction,None,,,         ,Brandon,Evans,Clear,Not Collision with Motor Vehicle in Transport,no,no,no,no,yes,False
101533432,METROPOLITAN NASHVILLE POLICE DEPT,20170073399,Davidson,Nashville,1/24/2017 2:58:00 PM,1,0,0,36.148320,-86.663820,PATRIOT WAY,,,,112.00,Feet,North,ELM HILL PKE,,,,0.00,N,Not at Intersection, ,Non-Junction,None,,,         ,Wesley,Young,Clear,Not Collision with Motor Vehicle in Transport,no,no,no,no,no,False
101533435,GOODLETTSVILLE POLICE DEPT,17-03172,Davidson,Goodlettsville,1/24/2017 2:55:00 PM,2,1,0,36.309470,-86.695650,VIETNAM VETERANS BLVD SB EXT R,,,,0.00,Feet,East,CONFERENCE DR,,,,0.00,N,Not at Intersection,Y,Entrance/Exit Ramp Related,None,,,         ,Jeremy,Baker,Clear,Front to Rear,no,no,no,no,no,False
101533442,METROPOLITAN NASHVILLE POLICE DEPT,20170073467,Davidson,Nashville,1/24/2017 3:20:00 PM,2,2,0,36.195690,-86.627930,JACKSONIAN DR,,,,21.00,Feet,South,BONNACREEK DR,,,,0.00,N,Not at Intersection,N,OtherLocation,None,,,         ,Christopher,Mackey,Clear,Other,no,no,no,no,no,False
101533451,METROPOLITAN NASHVILLE POLICE DEPT,20170073444,Davidson,Nashville,1/24/2017 2:39:00 PM,2,0,0,36.046550,-86.660850,I 24,,,,0.00,,,,,,,59.30,N,Not at Intersection, ,Non-Junction,None,,,         ,Alyson,Cook,Clear,Front to Rear,no,no,no,no,no,False
101533461,METROPOLITAN NASHVILLE POLICE DEPT,20170073409,Davidson,Nashville,1/24/2017 2:46:00 PM,2,0,0,36.164790,-86.763640,I 24,,,,0.00,,,,,,,49.10,N,Not at Intersection,N,Non-Junction,None,,,         ,Pedro,Rivera Chaparro,Clear,Front to Rear,no,no,no,no,no,False
101533485,METROPOLITAN NASHVILLE POLICE DEPT,20170073697,Davidson,Nashville,1/24/2017 3:28:00 PM,2,0,0,36.154370,-86.759780,I 40,,,,0.00,,,,,,,211.00,N,Not at Intersection,N,Non-Junction,None,,,         ,Jonathan,Cavezza,Clear,Front to Rear,no,no,no,no,yes,False
101533486,METROPOLITAN NASHVILLE POLICE DEPT,20170073410,Davidson,Nashville,1/24/2017 3:07:00 PM,2,0,0,36.044880,-86.713200,NOLENSVILLE PKE,,,,230.00,Feet,North,BRENTWOOD EAST DR,,,,0.00,N,Not at Intersection, ,,None,,,         ,Charles,Griffin,,,no,no,no,no,no,False
101533493,METROPOLITAN NASHVILLE POLICE DEPT,20170073579,Davidson,Nashville,1/24/2017 3:50:00 PM,2,0,0,36.048400,-86.743630,BRENTWOOD PL,,,,0.00,,,EDMONDSON PKE,,,,0.00,Y,T-Intersection,N,Intersection,None,,,         ,Miguel,Garcia,Clear,Angle,no,no,no,no,no,False
101533514,METROPOLITAN NASHVILLE POLICE DEPT,2017-0066452,Davidson,Nashville,1/22/2017 2:00:00 PM,1,0,1,36.114980,-86.923060,OLD HICKORY BLVD,,,,215.00,Feet,North,TIDWELL RD,,,,0.00,N,Not at Intersection,N,Non-Junction,None,,,17-0047  ,John,Roberson,Cloudy,Not Collision with Motor Vehicle in Transport,no,no,no,no,no,False
101533520,METROPOLITAN NASHVILLE POLICE DEPT,20170073670,Davidson,Nashville,1/24/2017 4:12:00 PM,2,0,0,36.151050,-86.769510,I 40,,,,0.00,,,,,,,210.45,N,Not at Intersection, ,Non-Junction,None,,,         ,Ralph,Smith IV,Clear,Front to Rear,no,no,no,no,no,False
101533536,METROPOLITAN NASHVILLE POLICE DEPT,20170073745,Davidson,Nashville,1/24/2017 4:22:00 PM,2,0,0,36.214060,-86.779380,BRICK CHURCH PKE,,,,0.00,,,SOUTHERLAND DR,,,,0.00,Y,T-Intersection,N,Non-Junction,None,,,         ,Michael,Brooks,Clear,Angle,no,no,no,no,no,False
101533537,METROPOLITAN NASHVILLE POLICE DEPT,20170073658,Davidson,Nashville,1/24/2017 4:05:00 PM,2,0,0,36.152800,-86.822520,I 440,,,,0.00,,,,,,,1.65,N,Not at Intersection, ,Non-Junction,None,,,         ,Eric,Burford,Clear,Front to Rear,no,no,no,no,no,False
101533539,METROPOLITAN NASHVILLE POLICE DEPT,20170073705,Davidson,Nashville,1/24/2017 4:21:00 PM,2,0,0,36.129940,-86.798540,BLAIR BLVD,,,,100.00,Feet,East,19TH AVS,,,,0.00,N,Not at Intersection,N,Non-Junction,None,,,         ,Nicholas,Smith,Clear,"Sideswipe, Same Direction",no,no,no,no,no,False
101533540,METROPOLITAN NASHVILLE POLICE DEPT,20170073665,Davidson,Nashville,1/24/2017 4:11:00 PM,2,0,0,36.082360,-86.761600,SIDCO DR,,,,100.00,Feet,North,HARDING PL,,,,0.00,N,Not at Intersection, ,Non-Junction,None,,,         ,Patrick,Martin,Clear,Angle,no,no,no,no,no,False
101533541,METROPOLITAN NASHVILLE POLICE DEPT,20170073769,Davidson,Nashville,1/24/2017 4:26:00 PM,2,0,0,36.157980,-86.772640,KOREAN VETERANS BLVD,,,,0.00,,,2ND AVS,,,,0.00,Y,Four-Way,N,Intersection-Related,None,,,         ,Pedro,Rivera Chaparro,Clear,"Sideswipe, Same Direction",no,no,no,no,yes,False
101533542,METROPOLITAN NASHVILLE POLICE DEPT,20170073651,Davidson,Nashville,1/24/2017 4:06:00 PM,2,0,0,36.254670,-86.701780,NEELYS BEND RD,,,,65.00,Feet,East,LANIER DR,,,,0.00,N,Not at Intersection,N,Non-Junction,None,,,         ,Samuel,Miller,Clear,Front to Rear,no,no,no,no,yes,False
101533549,METROPOLITAN NASHVILLE POLICE DEPT,20170073083,Davidson,Nashville,1/24/2017 1:44:00 PM,2,0,0,36.072330,-86.691770,I 24,,,,0.00,,,,,,,56.75,N,Not at Intersection,N,Non-Junction,None,,,         ,Jessie,Meadows,Clear,"Sideswipe, Same Direction",no,no,no,no,yes,False
101533550,METROPOLITAN NASHVILLE POLICE DEPT,20170073223,Davidson,Nashville,1/24/2017 2:25:00 PM,4,1,0,36.066910,-86.686790,I 24,,,,0.00,,,,,,,57.25,N,Not at Intersection,N,Non-Junction,None,,,         ,Jessie,Meadows,Clear,"Sideswipe, Same Direction",no,no,no,no,no,False
101533552,METROPOLITAN NASHVILLE POLICE DEPT,20170073921,Davidson,Nashville,1/24/2017 5:10:00 PM,2,0,0,36.088370,-86.731830,NOLENSVILLE PKE,,,,723.00,Feet,North,ELYSIAN FIELDS CT,,,,0.00,N,Not at Intersection, ,Non-Junction,None,,,         ,Miguel,Garcia,Clear,"Sideswipe, Same Direction",no,no,no,no,yes,False
101533554,METROPOLITAN NASHVILLE POLICE DEPT,20170073445,Davidson,Nashville,1/24/2017 3:20:00 PM,2,0,0,36.135240,-86.823690,WEST END AV,,,,50.00,Feet,West,ELMINGTON AV,,,,0.00,N,Not at Intersection,N,Non-Junction,None,,,         ,Walter,Gray II,Clear,"Sideswipe, Same Direction",no,no,no,no,yes,False
101533564,METROPOLITAN NASHVILLE POLICE DEPT,20170073727,Davidson,Nashville,1/24/2017 4:15:00 PM,2,0,0,36.041220,-86.770960,SEVEN SPRINGS WAY PVTDR,,,,230.00,Feet,North,OLD HICKORY BLVD,,,,0.00,N,Not at Intersection, ,,None,,,         ,Charles,Griffin,,,no,no,no,no,no,False
101533565,BERRY HILL POLICE DEPT,17-0282,Davidson,Berry Hill,1/24/2017 12:00:00 AM,2,0,0,36.128590,-86.777890,FRANKLIN PKE,,,,0.00,,,8TH AVS,,,,0.00,Y,Four-Way, ,Intersection,None,,,         ,John,Gleixner,Clear,Front to Rear,no,no,no,no,yes,False
101533572,METROPOLITAN NASHVILLE POLICE DEPT,20170055562,Davidson,Nashville,1/18/2017 8:54:00 PM,1,0,1,36.044960,-86.666450,BELL RD,,,,195.00,Feet,East,CEDAR POINTE PKWY,,,,0.00,N,Not at Intersection,N,"Driveway, Alley Access, etc",None,,,17-0033  ,Christopher,Augustin,Cloudy,Not Collision with Motor Vehicle in Transport,yes,no,no,no,no,False
101533573,METROPOLITAN NASHVILLE POLICE DEPT,20170073595,Davidson,Nashville,1/24/2017 4:50:00 PM,2,0,0,36.095630,-86.733150,SABRE DR,,,,48.00,Feet,North,WHEELER AV,,,,0.00,N,Not at Intersection,N,Non-Junction,None,,,         ,Jessie,Meadows,Clear,"Sideswipe, Same Direction",no,no,no,no,no,False
101533574,METROPOLITAN NASHVILLE POLICE DEPT,20170074005,Davidson,Nashville,1/24/2017 5:44:00 PM,2,1,0,36.124080,-86.751680,NOLENSVILLE PKE,,,,0.00,,,I440 W EXT RAMP,,,,0.00,Y,OTHER,N,Intersection,None,,,         ,Charles,Griffin,Clear,Front to Rear,no,no,no,no,yes,False
101533577,METROPOLITAN NASHVILLE POLICE DEPT,20170073669,Davidson,Nashville,1/24/2017 4:14:00 PM,2,0,0,36.148460,-86.764730,1ST AVS,,,,324.00,Feet,North,MILDRED SHUTE AV,,,,0.00,N,Not at Intersection,N,Non-Junction,None,,,         ,Alyson,Cook,Clear,"Sideswipe, Same Direction",no,no,no,no,no,False
101533610,METROPOLITAN NASHVILLE POLICE DEPT,20170074183,Davidson,Antioch,1/24/2017 5:56:00 PM,1,0,0,36.040380,-86.600730,OLD HICKORY BLVD,,,,741.00,Feet,East,MURFREESBORO PKE,,,,0.00,N,Not at Intersection, ,Non-Junction,None,,,         ,Larry,Preuett,Clear,Not Collision with Motor Vehicle in Transport,no,no,no,no,no,False
101533611,METROPOLITAN NASHVILLE POLICE DEPT,20170074239,Davidson,Not in City Limit,1/24/2017 6:32:00 PM,1,0,0,36.013820,-87.028650,HIGHWAY 96,,,,1482.00,Feet,South,HIGHWAY 100,,,,0.00,N,Not at Intersection, ,Non-Junction,None,,,         ,Adam,Reese,Clear,Not Collision with Motor Vehicle in Transport,no,no,no,no,no,False
101533614,METROPOLITAN NASHVILLE POLICE DEPT,20170073618,Davidson,Nashville,1/24/2017 3:41:00 PM,2,0,0,36.149820,-86.859400,CHARLOTTE PKE,,,,0.00,,,MIDLAND AV,,,,0.00,Y,T-Intersection, ,Intersection,None,,,         ,Walter,Gray II,Clear,Angle,no,no,no,no,no,False
101533615,METROPOLITAN NASHVILLE POLICE DEPT,20170073973,Davidson,Nashville,1/24/2017 5:34:00 PM,2,0,0,36.137510,-86.727510,I 24,,,,0.00,,,,,,,51.35,N,Not at Intersection, ,Non-Junction,None,,,         ,Alyson,Cook,Clear,"Sideswipe, Same Direction",no,no,no,no,no,False
101533616,VANDERBILT UNIVERSITY POLICE,17-0073825,Davidson,Nashville,1/24/2017 4:13:00 PM,2,0,0,36.142350,-86.806370,25TH AVS,,,,0.00,,,,,,,0.00,,, ,,None,,,         ,Robert,Skucy,,,no,no,no,yes,no,Campus
101533620,METROPOLITAN NASHVILLE POLICE DEPT,20170074201,Davidson,Nashville,1/24/2017 6:09:00 PM,2,0,0,36.164960,-86.614160,I 40,,,,0.00,,,,,,,220.05,N,Not at Intersection, ,OtherLocation,None,,,         ,Christopher,Mackey,Clear,Other,no,no,no,no,no,False
101533630,VANDERBILT UNIVERSITY POLICE,2017-0073560,Davidson,Nashville,1/24/2017 3:43:00 PM,1,1,0,36.140080,-86.805150,PIERCE AV,,,,0.00,,,24TH AVS,,,,0.00,Y,Four-Way,N,Non-Junction,None,,,         ,V,Greene,Clear,Not Collision with Motor Vehicle in Transport,yes,no,no,no,no,Campus
101533635,METROPOLITAN NASHVILLE POLICE DEPT,20170073916,Davidson,Nashville,1/24/2017 4:20:00 PM,2,0,0,36.124900,-86.847760,HARDING PKE,,,,50.00,Feet,West,WHITE BRIDGE PKE,,,,0.00,N,Not at Intersection, ,,None,,,         ,Walter,Gray II,,,no,no,no,no,no,False
101533636,METROPOLITAN NASHVILLE POLICE DEPT,20170074097,Davidson,Nashville,1/24/2017 5:45:00 PM,3,1,0,36.107470,-86.768930,I 65,,,,0.00,,,,,,,79.55,N,Not at Intersection,N,Non-Junction,None,,,         ,Nicholas,Berens,Clear,Front to Rear,no,no,no,no,no,False
101533643,METROPOLITAN NASHVILLE POLICE DEPT,20170074193,Davidson,Nashville,1/24/2017 5:05:00 PM,2,0,0,36.141260,-86.817960,ACKLEN PARK DR,,,,0.00,,,PARK DR,,,,0.00,Y,Four-Way, ,Intersection,None,,,         ,Eric,Burford,Clear,Angle,no,no,no,no,no,False
101533644,METROPOLITAN NASHVILLE POLICE DEPT,20170073837,Davidson,Nashville,1/24/2017 4:48:00 PM,2,0,0,36.167700,-86.765460,I 24,,,,0.00,,,,,,,48.85,N,Not at Intersection, ,Non-Junction,None,,,         ,Michael,Moss,Clear,Front to Rear,no,no,no,no,no,False
101533645,METROPOLITAN NASHVILLE POLICE DEPT,20170074028,Davidson,Nashville,1/24/2017 5:05:00 PM,2,0,0,36.144290,-86.695230,I 40,,,,0.00,,,,,,,215.00,N,Not at Intersection,N,Non-Junction,None,,,         ,Jonathan,Cavezza,Clear,Front to Rear,no,no,no,no,no,False
101533649,METROPOLITAN NASHVILLE POLICE DEPT,20170074251,Davidson,Not in City Limit,1/24/2017 6:36:00 PM,2,0,0,36.263750,-86.687130,ARCHWOOD DR,,,,22.00,Feet,South,STATE RT 45,,,,0.00,N,Not at Intersection, ,Non-Junction,None,,,         ,Samuel,Miller,Clear,Angle,no,no,no,no,no,False
101533663,METROPOLITAN NASHVILLE POLICE DEPT,20170074164,Davidson,Nashville,1/24/2017 6:15:00 PM,2,1,0,36.153960,-86.772620,4TH AVS,,,,274.00,Feet,North,ELM ST,,,,0.00,N,Not at Intersection,N,Non-Junction,None,,,         ,Pedro,Rivera Chaparro,Clear,"Sideswipe, Same Direction",no,no,no,no,no,False
101533665,THP District 3 - Nashville,317004376,Davidson,Nashville,1/24/2017 5:15:00 PM,2,0,0,36.189550,-86.897870,COCKRILL BEND BLVD,,,,0.00,Feet,West,CENTENNIAL BLVD,,,,0.00,N,Not at Intersection, ,Non-Junction,None,,,         ,Sara,Vaughn,Clear,"Sideswipe, Same Direction",no,no,no,yes,no,False
101533667,METROPOLITAN NASHVILLE POLICE DEPT,20170074151,Davidson,Nashville,1/24/2017 6:09:00 PM,2,0,0,36.154030,-86.839040,I 40,,,,0.00,,,,,,,205.00,N,Not at Intersection, ,Non-Junction,None,,,         ,Walter,Gray II,Clear,Front to Rear,no,no,no,no,no,False
101533669,METROPOLITAN NASHVILLE POLICE DEPT,20170074245,Davidson,Nashville,1/24/2017 6:38:00 PM,2,2,0,36.077470,-86.773100,FRANKLIN PKE,,,,0.00,,,TYNE BLVD,,,,0.00,Y,T-Intersection,N,Intersection,None,,,         ,Charles,Griffin,Clear,Angle,no,no,no,no,no,False
101533670,METROPOLITAN NASHVILLE POLICE DEPT,20170074315,Davidson,Nashville,1/24/2017 6:39:00 PM,2,1,0,36.168200,-86.689790,LEBANON PKE,,,,110.00,Feet,East,BRILEY PKWY S ENT RAMP,,,,0.00,N,Not at Intersection,N,Non-Junction,None,,,         ,Jonathan,Cavezza,Clear,Front to Rear,no,no,no,no,yes,False
101533684,METROPOLITAN NASHVILLE POLICE DEPT,20170074384,Davidson,Nashville,1/24/2017 7:00:00 PM,2,0,0,36.151350,-86.751100,I 40,,,,0.00,,,,,,,211.55,N,Not at Intersection, ,Non-Junction,None,,,         ,John,Kelley,Clear,"Sideswipe, Same Direction",no,no,no,no,no,False
101533685,METROPOLITAN NASHVILLE POLICE DEPT,20170074355,Davidson,Nashville,1/24/2017 6:15:00 PM,2,1,0,36.104800,-86.814600,RICHARD JONES RD,,,,0.00,,,HILLSBORO PKE,,,,0.00,Y,Four-Way,N,Non-Junction,None,,,         ,Will,Amundson,Clear,Front to Rear,no,no,no,no,no,False
101533687,METROPOLITAN NASHVILLE POLICE DEPT,20170074240,Davidson,Nashville,1/24/2017 5:55:00 PM,2,0,0,36.147930,-86.777160,I65 S ENT RAMP,,,,0.00,,,I 40,,,,0.00,Y,OTHER, ,,None,,,         ,Jonathan,Frith,,,no,no,no,no,no,False
101533688,METROPOLITAN NASHVILLE POLICE DEPT,20170074457,Davidson,Not in City Limit,1/24/2017 7:55:00 PM,1,0,0,36.082180,-86.954690,I 40,,,,0.00,,,,,,,196.45,N,Not at Intersection,N,Non-Junction,None,,,         ,Walter,Gray II,Clear,Not Collision with Motor Vehicle in Transport,no,no,no,no,no,False
101533690,METROPOLITAN NASHVILLE POLICE DEPT,20170074425,Davidson,Nashville,1/21/2017 11:30:00 AM,2,0,0,36.089380,-86.635580,NASHBORO BLVD,,,,0.00,,,,,,,0.00,,,N,Non-Junction,None,,,         ,Kevin,Keating,Unknown,Unknown,no,no,no,no,yes,False
101533716,METROPOLITAN NASHVILLE POLICE DEPT,20170074448,Davidson,Nashville,1/24/2017 7:20:00 PM,2,0,0,36.151770,-86.795640,BROADWAY,,,,149.00,Feet,South,18TH AVS,,,,0.00,N,Not at Intersection, ,Non-Junction,None,,,         ,Charles,Griffin,Clear,"Sideswipe, Same Direction",no,no,no,no,yes,False
101533726,VANDERBILT UNIVERSITY POLICE,2017-0043235,Davidson,Nashville,1/14/2017 8:00:00 PM,1,0,0,36.146360,-86.807430,25TH AVS,,,,0.00,,,,,,,0.00,,, ,Non-Junction,None,,,         ,Stephen,Adams,Rain,Not Collision with Motor Vehicle in Transport,no,no,no,yes,no,Campus
101533727,VANDERBILT UNIVERSITY POLICE,17-0074126,Davidson,Nashville,1/24/2017 7:30:00 PM,2,0,0,36.139930,-86.800630,21ST AVS,,,,0.00,,,,,,,0.00,,,N,Non-Junction,None,,,         ,Stephen,Adams,Clear,Rear to Rear,no,no,no,yes,no,Campus
101533739,METROPOLITAN NASHVILLE POLICE DEPT,20170073920,Davidson,Nashville,1/24/2017 4:50:00 PM,2,0,0,36.127270,-86.753350,NOLENSVILLE PKE,,,,151.00,Feet,North,VIVELLE AV,,,,0.00,N,Not at Intersection, ,,None,,,         ,William,Taylor,,,no,no,no,no,no,False
101533765,METROPOLITAN NASHVILLE POLICE DEPT,20170074324,Davidson,Nashville,1/24/2017 7:00:00 PM,1,0,0,36.229690,-86.841720,BRILEY PKWYW,,,,599.00,Feet,West,BRILEY PKWYE,,,,0.00,N,Not at Intersection, ,Non-Junction,None,,,         ,Johan,Kinberg,Clear,Not Collision with Motor Vehicle in Transport,no,no,no,no,no,False
101533785,METROPOLITAN NASHVILLE POLICE DEPT,20170074615,Davidson,Nashville,1/24/2017 8:40:00 PM,2,0,0,36.110590,-86.718090,BRILEY PKWYS,,,,241.00,Feet,East,BRILEY PKWYN,,,,0.00,N,Not at Intersection,N,Non-Junction,None,,,         ,Benjamin,Froehlich,Clear,Front to Rear,no,no,no,no,no,False
101533828,METROPOLITAN NASHVILLE POLICE DEPT,20170073743,Davidson,Nashville,1/24/2017 3:40:00 PM,2,1,0,36.076760,-86.726340,EDMONDSON PKE,,,,261.00,Feet,West,WALLACE RD,,,,0.00,N,Not at Intersection,N,Non-Junction,None,,,         ,Eric,Thomas,Clear,Front to Rear,no,no,no,no,no,False
101533842,METROPOLITAN NASHVILLE POLICE DEPT,20170074859,Davidson,Nashville,1/24/2017 10:04:00 PM,2,0,0,36.136580,-86.795150,WEDGEWOOD AV,,,,0.00,,,MAGNOLIA BLVD,,,,0.00,Y,Four-Way,N,Intersection,None,,,         ,Charles,Griffin,Clear,Angle,no,no,no,no,no,False
101533860,METROPOLITAN NASHVILLE POLICE DEPT,20170075010,Davidson,Nashville,1/24/2017 11:00:00 PM,2,0,0,36.165840,-86.766700,SHELBY AV,,,,275.00,Feet,West,I24 E ENT RAMP,,,,0.00,N,Not at Intersection, ,Non-Junction,None,,,         ,Melvin,Foster,Clear,Front to Rear,no,no,no,no,no,False
101533897,METROPOLITAN NASHVILLE POLICE DEPT,20170075373,Davidson,Nashville,1/25/2017 1:08:00 AM,2,0,0,36.139350,-86.819100,ORLEANS DR,,,,0.00,,,WEST END AV,,,,0.00,Y,Four-Way, ,Intersection-Related,None,,,         ,Brian,Birch,Clear,"Sideswipe, Opposite Direction",no,no,no,no,no,False
101533900,METROPOLITAN NASHVILLE POLICE DEPT,20170074956,Davidson,Nashville,1/24/2017 10:49:00 PM,1,0,0,36.167040,-86.764120,I24 W ENT RAMP,,,,0.00,,,I 24,,,,0.00,Y,OTHER, ,,None,,,         ,Ian,Herlein,,,no,no,no,no,no,False
101533916,METROPOLITAN NASHVILLE POLICE DEPT,20170075560,Davidson,Nashville,1/25/2017 2:12:00 AM,1,0,0,36.041380,-86.605210,MURFREESBORO PKE,,,,670.00,Feet,South,HOBSON PKE,,,,0.00,N,Not at Intersection, ,Non-Junction,None,,,         ,David,Moser,Clear,Not Collision with Motor Vehicle in Transport,no,no,no,no,no,False
101533946,METROPOLITAN NASHVILLE POLICE DEPT,20170076062,Davidson,Not in City Limit,1/25/2017 5:32:00 AM,1,1,0,36.263180,-86.713090,OLD HICKORY BLVDW,,,,0.00,,,OLD TIME VILLAGE PVTDR,,,,0.00,Y,Four-Way,N,Non-Junction,None,,,         ,Nicholas,Diamond,Clear,Not Collision with Motor Vehicle in Transport,yes,no,no,no,no,False
101533954,VANDERBILT UNIVERSITY POLICE,17-0073165,Davidson,Nashville,1/24/2017 5:45:00 AM,1,0,0,36.150330,-86.774450,6TH AVS,,,,0.00,,,,,,,0.00,,, ,,None,,,         ,Linda,Jennings,,,no,no,no,yes,no,False
101533977,METROPOLITAN NASHVILLE POLICE DEPT,20170076209,Davidson,Nashville,1/25/2017 6:57:00 AM,2,0,0,36.169470,-86.581490,I 40,,,,0.00,,,,,,,221.90,N,Not at Intersection, ,,None,,,         ,James,Curtis,,,no,no,no,no,no,False
101533987,Nashville Airport Police,17-00274,Davidson,Nashville,1/25/2017 6:30:00 AM,2,0,0,0.000000,0.000000,TERMINAL DRIVE,DR,SR1,1,1.00,Miles,West,DONELSON PIKE,PIKE,SR255,255,0.00,N,Not at Intersection, ,Non-Junction,None,,,         ,Jerry,Lovell,Clear,"Sideswipe, Same Direction",no,no,no,no,no,False
101534003,METROPOLITAN NASHVILLE POLICE DEPT,2017-0076249,Davidson,Nashville,1/25/2017 7:24:00 AM,2,0,0,36.169440,-86.580870,I 40,,,,0.00,,,,,,,221.95,N,Not at Intersection,N,Non-Junction,None,,,         ,Michael,Baker,Clear,Front to Rear,no,no,no,no,no,False
101534018,METROPOLITAN NASHVILLE POLICE DEPT,2017-0076325,Davidson,Nashville,1/25/2017 7:49:00 AM,2,0,0,36.045360,-86.661640,CANE RIDGE RD,,,,215.00,Feet,North,BELL RD,,,,0.00,N,Not at Intersection,N,Non-Junction,None,,,         ,Stanley,Collins,Cloudy,Other,no,no,no,yes,yes,False
101534023,METROPOLITAN NASHVILLE POLICE DEPT,20170076200,Davidson,Not in City Limit,1/25/2017 6:30:00 AM,2,0,0,36.308060,-86.821810,I 24,,,,0.00,,,,,,,38.00,N,Not at Intersection,N,Non-Junction,None,,,         ,Jonathon,Sheppard,Cloudy,Front to Rear,no,no,no,no,no,False
101534038,METROPOLITAN NASHVILLE POLICE DEPT,20170076499,Davidson,Nashville,1/25/2017 8:50:00 AM,3,0,0,36.052930,-86.775160,I 65,,,,0.00,,,,,,,74.75,N,Not at Intersection, ,Non-Junction,None,,,         ,Nathan,Kemp,Clear,Front to Rear,no,no,no,no,no,False
101534040,METROPOLITAN NASHVILLE POLICE DEPT,20170076417,Davidson,Old Hickory,1/25/2017 8:20:00 AM,1,0,0,36.272720,-86.666510,HILLMAN PL,,,,563.00,Feet,South,SWINGING BRIDGE RD,,,,0.00,N,Not at Intersection, ,,None,,,         ,James,Curtis,,,no,no,no,no,no,False
101534042,METROPOLITAN NASHVILLE POLICE DEPT,20170076412,Davidson,Nashville,1/25/2017 7:30:00 AM,1,0,0,36.153840,-86.864250,MAXON AV,,,,118.00,Feet,West,ELAINE AV,,,,0.00,N,Not at Intersection,N,Non-Junction,None,,,         ,Douglas,Atwood,Cloudy,Not Collision with Motor Vehicle in Transport,no,no,no,no,no,False
101534048,METROPOLITAN NASHVILLE POLICE DEPT,20170076329,Davidson,Nashville,1/25/2017 7:50:00 AM,1,1,0,36.161350,-86.799910,JO JOHNSTON AVE,,,,0.00,,,17TH AVE N,,,,0.00,Y,OTHER,N,OtherLocation,None,,,         ,Andrae,Starling,Clear,Not Collision with Motor Vehicle in Transport,yes,no,no,yes,no,False
101534060,METROPOLITAN NASHVILLE POLICE DEPT,20170076593,Davidson,Nashville,1/25/2017 9:26:00 AM,2,0,0,36.159710,-86.796010,CHARLOTTE AV,,,,53.00,Feet,East,MCMILLIN ST,,,,0.00,N,Not at Intersection,N,Non-Junction,None,,,         ,Nathan,Kemp,Clear,"Sideswipe, Same Direction",no,no,no,no,yes,False
101534062,METROPOLITAN NASHVILLE POLICE DEPT,20170076203,Davidson,Nashville,1/25/2017 7:00:00 AM,1,0,0,36.170610,-86.878510,COCKRILL BEND BLVD,,,,360.00,Feet,West,WESTBELT DR,,,,0.00,N,Not at Intersection,N,Non-Junction,None,,,         ,George,Spencer,Clear,Not Collision with Motor Vehicle in Transport,no,no,no,no,no,False
101534065,GOODLETTSVILLE POLICE DEPT,17-03285,Davidson,Goodlettsville,1/25/2017 9:08:00 AM,2,2,0,36.306840,-86.694350,CONFERENCE DR,,,,0.00,,,VIETNAM VETERANS BLVD NB ENT R,,,,0.00,Y,T-Intersection,Y,Intersection,None,,,         ,Brian,Hajdu,Cloudy,Angle,no,no,no,no,no,False
101534066,METROPOLITAN NASHVILLE POLICE DEPT,20170076475,Davidson,Nashville,1/25/2017 8:20:00 AM,2,0,0,36.092140,-86.705030,I 24,,,,0.00,,,,,,,55.20,N,Not at Intersection, ,Non-Junction,None,,,         ,James,Thomas,Cloudy,Angle,no,no,no,no,no,False
101534100,METROPOLITAN NASHVILLE POLICE DEPT,20170076458,Davidson,Nashville,1/25/2017 8:53:00 AM,2,0,0,36.212080,-86.778810,BRICK CHURCH PKE,,,,0.00,,,DENNIS DR,,,,0.00,Y,T-Intersection, ,Intersection,None,,,         ,Benjamin,Williams,Clear,"Sideswipe, Same Direction",no,no,no,no,no,False
101534101,METROPOLITAN NASHVILLE POLICE DEPT,20170076691,Davidson,Nashville,1/25/2017 10:07:00 AM,2,1,0,36.232060,-86.624690,OLD HICKORY BLVD,,,,82.00,Feet,South,SHUTE LN,,,,0.00,N,Not at Intersection,N,Non-Junction,None,,,         ,Cody,O'Quinn,Cloudy,Front to Rear,no,no,no,no,no,False