master_record_number,agency,agency_tracking_number,county,city,collision_date,vehicles_involved,number_injured,number_dead,latitude,longitude,roadway_name,roadway_suffix,roadway_number,roadway_local_id,distance_from_reference,miles-feet_indicator,direction_from_reference,intersection_road_name,intersection_road_name_suffix,intersection_road_number,intersection_local_id,mile_marker,intersection_indicator,intersect_type,interchange_related_indicator,relation_to_junction,work_zone_type,construction_maintenance_zone,construction_maintenance_zone_location,fatal_case_number,officer_first_name,officer_last_name,weather_condition(s),manner_of_crash,pedestrian,bicycle,scooter,parking,hitrun,mou
101534109,METROPOLITAN NASHVILLE POLICE DEPT,20170076748,Davidson,Nashville,1/25/2017 10:12:00 AM,2,0,0,36.160910,-86.793320,CHARLOTTE AV,,,,0.00,,,I40 E EXT RAMP,,,,0.00,Y,Four-Way, ,,None,,,         ,James,Jarvis,,,no,no,no,no,no,False
101534110,METROPOLITAN NASHVILLE POLICE DEPT,20170076609,Davidson,Nashville,1/25/2017 9:30:00 AM,2,0,0,36.136960,-86.822220,I440 E EXT RAMP,,,,0.00,Feet,East,I 440,,,,0.00,N,Not at Intersection, ,Entrance/Exit Ramp Related,None,,,         ,Brian,Myatt,Cloudy,Front to Rear,no,no,no,no,no,False
101534121,METROPOLITAN NASHVILLE POLICE DEPT,20170076315,Davidson,Nashville,1/25/2017 7:49:00 AM,2,0,0,36.205050,-86.776640,I 65,,,,0.00,,,,,,,87.20,N,Not at Intersection,Y,Non-Junction,None,,,         ,Michael,McCord,Cloudy,Front to Rear,no,no,no,no,yes,False
101534128,METROPOLITAN NASHVILLE POLICE DEPT,20170076815,Davidson,Nashville,1/25/2017 11:03:00 AM,1,0,0,36.140450,-86.784650,RESERVOIR CT,,,,533.00,Feet,East,HILLSIDE AV,,,,0.00,N,Not at Intersection, ,Non-Junction,None,,,         ,Nathan,Kemp,Clear,Not Collision with Motor Vehicle in Transport,no,no,no,yes,no,False
101534139,VANDERBILT UNIVERSITY POLICE,2017-0073024,Davidson,Nashville,1/24/2017 12:21:00 PM,2,0,0,36.139730,-86.801670,PIERCE AV,,,,0.00,,,MEDICAL CENTER DR,,,,0.00,Y,OTHER, ,,None,,,         ,Shaneithia,Lewis,,,no,no,no,yes,no,Campus
101534150,BERRY HILL POLICE DEPT,17-0294,Davidson,Berry Hill,1/25/2017 10:15:00 AM,2,0,0,36.120320,-86.775100,FRANKLIN PKE,,,,0.00,,,GALE LN,,,,0.00,Y,T-Intersection, ,,None,,,         ,Larry,Carter,,,no,no,no,no,no,False
101534155,METROPOLITAN NASHVILLE POLICE DEPT,20170076588,Davidson,Nashville,1/25/2017 8:55:00 AM,2,0,0,36.249120,-86.733810,DUE WEST AVW,,,,190.00,Feet,East,S GRAYCROFT AV,,,,0.00,N,Not at Intersection,N,Non-Junction,None,,,         ,Jack,Crouch,Cloudy,Front to Rear,no,no,no,no,no,False
101534221,VANDERBILT UNIVERSITY POLICE,17-0076665,Davidson,Nashville,1/25/2017 9:18:00 AM,2,0,0,36.144840,-86.806800,25TH AVS,,,,0.00,,,VANDERBILT PL,,,,0.00,Y,T-Intersection, ,Non-Junction,None,,,         ,Casey,Campbell,Clear,Angle,no,no,no,no,no,Campus
101534235,METROPOLITAN NASHVILLE POLICE DEPT,20170077284,Davidson,Nashville,1/25/2017 2:00:00 PM,2,0,0,36.135440,-86.790750,14TH AVS,,,,197.00,Feet,South,WEDGEWOOD AV,,,,0.00,N,Not at Intersection,N,Non-Junction,None,,,         ,Nathan,Kemp,Clear,"Sideswipe, Same Direction",no,no,no,no,yes,False
101534265,METROPOLITAN NASHVILLE POLICE DEPT,20170077216,Davidson,Nashville,1/25/2017 2:07:00 PM,1,0,0,36.121510,-86.749290,VALERIA ST,,,,18.00,Feet,East,AUSTIN AV,,,,0.00,N,Not at Intersection,N,Non-Junction,None,,,         ,Jessie,Meadows,Clear,Not Collision with Motor Vehicle in Transport,no,no,no,no,yes,False
101534312,METROPOLITAN NASHVILLE POLICE DEPT,20170077175,Davidson,Nashville,1/25/2017 1:20:00 PM,2,0,0,36.206620,-86.777900,BRICK CHURCH PKE,,,,0.00,,,W TRINITY LN,,,,0.00,Y,Four-Way,N,Non-Junction,None,,,         ,Jonathon,Sheppard,Clear,"Sideswipe, Same Direction",no,no,no,no,no,False
101534357,METROPOLITAN NASHVILLE POLICE DEPT,2017-0076992,Davidson,Nashville,1/25/2017 12:10:00 PM,2,0,0,36.117220,-86.798470,GALE LN,,,,0.00,,,,,,,0.00,,,N,OtherLocation,None,,,         ,Allen,Bates,Clear,Unknown,no,no,no,yes,yes,False
101534406,METROPOLITAN NASHVILLE POLICE DEPT,20170077456,Davidson,Nashville,1/25/2017 2:39:00 PM,1,0,0,36.093140,-86.643130,LONGHUNTER LN,,,,430.00,Feet,West,LONGHUNTER CT,,,,0.00,N,Not at Intersection,N,Non-Junction,None,,,         ,Michael,Apsey,Cloudy,Not Collision with Motor Vehicle in Transport,no,no,no,yes,no,False
101534409,METROPOLITAN NASHVILLE POLICE DEPT,20170077430,Davidson,Nashville,1/20/2017 8:05:00 AM,2,0,0,36.197220,-86.634940,BONNABROOK DR,,,,0.00,,,PLANTATION DR,,,,0.00,Y,T-Intersection,N,Intersection,None,,,         ,Wesley,Young,Clear,"Sideswipe, Opposite Direction",no,no,no,no,yes,False
101534430,METROPOLITAN NASHVILLE POLICE DEPT,20170077409,Davidson,Nashville,1/25/2017 2:38:00 PM,2,0,0,36.109350,-86.721610,I 24,,,,0.00,,,,,,,53.75,N,Not at Intersection, ,Non-Junction,None,,,         ,Alyson,Cook,Clear,Front to Rear,no,no,no,no,no,False
101534449,METROPOLITAN NASHVILLE POLICE DEPT,20170077636,Davidson,Nashville,1/25/2017 3:44:00 PM,2,0,0,36.157660,-86.790820,I 40,,,,0.00,,,,,,,209.00,N,Not at Intersection, ,,None,,,         ,Arnold,Rickert,,,no,no,no,no,no,False
101534462,METROPOLITAN NASHVILLE POLICE DEPT,20170077600,Davidson,Nashville,1/25/2017 3:27:00 PM,2,0,0,36.158400,-86.863480,BRILEY PKWYN,,,,17.00,Feet,East,BRILEY PKWY N ENT RAMP,,,,0.00,N,Not at Intersection, ,Non-Junction,None,,,         ,Walter,Gray II,Cloudy,"Sideswipe, Same Direction",no,no,no,no,no,False
101534471,METROPOLITAN NASHVILLE POLICE DEPT,20170077777,Davidson,Nashville,1/25/2017 4:20:00 PM,2,1,0,36.110860,-86.755270,SIDCO DR,,,,109.00,Feet,South,THOMPSON LN,,,,0.00,N,Not at Intersection,N,"Driveway, Alley Access, etc",None,,,         ,Charles,Griffin,Clear,Angle,no,no,no,no,yes,False
101534475,METROPOLITAN NASHVILLE POLICE DEPT,20170077658,Davidson,Nashville,1/25/2017 3:37:00 PM,2,0,0,36.073770,-86.920710,OLD HICKORY BLVD,,,,0.00,,,BELLEVUE VALLEY PLAZA PVTDR,,,,0.00,Y,OTHER, ,"Driveway, Alley Access, etc",None,,,         ,Andrew,Brazee,Cloudy,Angle,no,no,no,no,no,False
101534484,METROPOLITAN NASHVILLE POLICE DEPT,20170077807,Davidson,Nashville,1/25/2017 4:25:00 PM,2,0,0,36.129330,-86.802560,21ST AVS,,,,0.00,,,ASHWOOD AV,,,,0.00,Y,T-Intersection, ,Intersection-Related,None,,,         ,Nicholas,Smith,Clear,Angle,no,no,no,no,no,False
101534502,METROPOLITAN NASHVILLE POLICE DEPT,20170077987,Davidson,Nashville,1/25/2017 5:18:00 PM,2,0,0,36.119140,-86.726530,I 24,,,,0.00,,,,,,,53.00,N,Not at Intersection,N,Non-Junction,None,,,         ,Alyson,Cook,Clear,Front to Rear,no,no,no,no,no,False
101534509,METROPOLITAN NASHVILLE POLICE DEPT,20170077426,Davidson,Nashville,1/25/2017 2:50:00 PM,3,0,0,36.163110,-86.761910,I 24,,,,0.00,,,,,,,49.25,N,Not at Intersection,N,Non-Junction,None,,,         ,Alexander,Georgeson,Cloudy,Front to Rear,no,no,no,no,yes,False
101534516,METROPOLITAN NASHVILLE POLICE DEPT,20170078140,Davidson,Nashville,1/25/2017 5:42:00 PM,2,0,0,36.034780,-86.713180,NOLENSVILLE PKE,,,,283.00,Feet,South,BRENTWOOD HIGHLANDS DR,,,,0.00,N,Not at Intersection, ,,None,,,         ,Charles,Griffin,,,no,no,no,no,no,False
101534517,METROPOLITAN NASHVILLE POLICE DEPT,20170078034,Davidson,Antioch,1/25/2017 5:05:00 PM,2,1,0,36.017980,-86.619660,OLD HICKORY BLVD,,,,108.00,Feet,South,OWEN DR,,,,0.00,N,Not at Intersection,N,Non-Junction,None,,,         ,Victoria,Cunningham,Clear,Front to Rear,no,no,no,no,no,False
101534534,METROPOLITAN NASHVILLE POLICE DEPT,20170078122,Davidson,Nashville,1/25/2017 5:24:00 PM,3,2,0,36.124530,-86.696300,BRILEY PKWY,,,,88.00,Feet,North,VULTEE BLVD,,,,0.00,N,Not at Intersection,N,Non-Junction,None,,,         ,Tyler,Maupin,Clear,Front to Rear,no,no,no,no,no,False
101534538,METROPOLITAN NASHVILLE POLICE DEPT,20170078228,Davidson,Nashville,1/25/2017 5:18:00 PM,2,0,0,36.182200,-86.749050,GALLATIN AV,,,,39.00,Feet,North,MAXWELL AV,,,,0.00,N,Not at Intersection, ,Non-Junction,None,,,         ,Michael,Moss,Clear,Angle,no,no,no,no,yes,False
101534541,METROPOLITAN NASHVILLE POLICE DEPT,20170077879,Davidson,Nashville,1/25/2017 4:50:00 PM,2,0,0,36.129880,-86.855240,WHITE BRIDGE PKE,,,,250.00,Feet,West,BROOKWOOD TER,,,,0.00,N,Not at Intersection, ,"Driveway, Alley Access, etc",None,,,         ,Walter,Gray II,Cloudy,Angle,no,no,no,no,no,False
101534543,METROPOLITAN NASHVILLE POLICE DEPT,20170078142,Davidson,Nashville,1/25/2017 5:36:00 PM,1,1,0,36.236850,-86.728600,BRILEY PKWYW,,,,411.00,Feet,West,BRILEY PKWYE,,,,0.00,N,Not at Intersection,N,Non-Junction,None,,,         ,Christopher,Valdez,Clear,Not Collision with Motor Vehicle in Transport,no,no,no,no,no,False
101534544,METROPOLITAN NASHVILLE POLICE DEPT,20170078301,Davidson,Nashville,1/25/2017 5:59:00 PM,2,0,0,36.110670,-86.741900,THOMPSON LN,,,,1.00,Feet,East,LOGAN ST,,,,0.00,N,Not at Intersection, ,Non-Junction,None,,,         ,Alyson,Cook,Clear,Angle,no,no,no,no,no,False
101534545,METROPOLITAN NASHVILLE POLICE DEPT,20170078293,Davidson,Nashville,1/25/2017 6:40:00 PM,2,0,0,36.139840,-86.700290,BRILEY PKWY,,,,117.00,Feet,North,I40 E ENT RAMP,,,,0.00,N,Not at Intersection, ,,None,,,         ,Marcus,Mitchell,,"Sideswipe, Same Direction",no,no,no,no,no,False
101534555,METROPOLITAN NASHVILLE POLICE DEPT,20170078310,Davidson,Nashville,1/25/2017 6:20:00 PM,2,0,0,36.103380,-86.801630,BELMONT BLVD,,,,0.00,,,GREEN HILLS DR,,,,0.00,Y,T-Intersection, ,,None,,,         ,Jonathan,Frith,,,no,no,no,no,no,False
101534564,METROPOLITAN NASHVILLE POLICE DEPT,20170077935,Davidson,Nashville,1/25/2017 5:05:00 PM,2,0,0,36.169870,-86.805020,JEFFERSON ST,,,,116.00,Feet,West,17TH AVN,,,,0.00,N,Not at Intersection,N,Non-Junction,None,,,         ,Adam,Crutcher,Clear,Front to Rear,no,no,no,no,no,False
101534568,METROPOLITAN NASHVILLE POLICE DEPT,20170078363,Davidson,Not in City Limit,1/25/2017 7:04:00 PM,1,0,0,36.303380,-86.885290,CLARKSVILLE PKE,,,,651.00,Feet,North,EATONS CREEK RD,,,,0.00,N,Not at Intersection, ,Non-Junction,None,,,         ,Michael,Brooks,Clear,Not Collision with Motor Vehicle in Transport,no,no,no,no,no,False
101534576,METROPOLITAN NASHVILLE POLICE DEPT,20170077725,Davidson,Nashville,1/25/2017 2:24:00 PM,1,0,0,36.254610,-86.709720,ROBINWOOD AV,,,,0.00,,,WALNUT ST,,,,0.00,Y,T-Intersection,Y,Intersection-Related,None,,,         ,Samuel,Miller,Clear,Not Collision with Motor Vehicle in Transport,no,no,no,no,yes,False
101534578,METROPOLITAN NASHVILLE POLICE DEPT,20170078193,Davidson,Nashville,1/25/2017 6:07:00 PM,2,0,0,36.114490,-86.918650,I 40,,,,0.00,,,,,,,199.50,N,Not at Intersection,N,Non-Junction,None,,,         ,Walter,Gray II,Cloudy,"Sideswipe, Same Direction",no,no,no,no,no,False
101534581,METROPOLITAN NASHVILLE POLICE DEPT,20170078224,Davidson,Nashville,1/25/2017 6:05:00 PM,2,0,0,36.163450,-86.783530,7TH AVN,,,,0.00,Feet,East,UNION ST,,,,0.00,N,Not at Intersection,Y,Non-Junction,None,,,         ,Brady,Reynolds,Clear,"Sideswipe, Same Direction",no,no,no,no,yes,False
101534587,METROPOLITAN NASHVILLE POLICE DEPT,20170078340,Davidson,Nashville,1/25/2017 6:55:00 PM,2,0,0,36.082700,-86.710380,HARDING PL,,,,36.00,Feet,East,TAMPA DR,,,,0.00,N,Not at Intersection,N,Non-Junction,None,,,         ,Alyson,Cook,Clear,Front to Rear,no,no,no,no,no,False
101534588,METROPOLITAN NASHVILLE POLICE DEPT,20170078253,Davidson,Nashville,1/25/2017 6:29:00 PM,3,1,0,36.225780,-86.760250,DICKERSON PKE,,,,32.00,Feet,South,HILLHURST DR,,,,0.00,N,Not at Intersection,N,Non-Junction,None,,,         ,Christopher,Valdez,Clear,"Sideswipe, Opposite Direction",no,no,no,no,no,False
101534594,METROPOLITAN NASHVILLE POLICE DEPT,20170078478,Davidson,Nashville,1/25/2017 7:45:00 PM,2,0,0,36.073870,-86.623510,ANDERSON RD,,,,0.00,,,OWENDALE DR,,,,0.00,Y,Four-Way,N,Intersection-Related,None,,,         ,Michael,Apsey,Cloudy,Angle,no,no,no,no,no,False
101534595,METROPOLITAN NASHVILLE POLICE DEPT,20170078418,Davidson,Nashville,1/25/2017 6:30:00 PM,2,0,0,36.195130,-86.728980,CAHAL AV,,,,206.00,Feet,East,REBECCA ST,,,,0.00,N,Not at Intersection,N,Non-Junction,None,,,         ,James,Smith,Clear,Front to Rear,no,no,no,no,yes,False
101534618,METROPOLITAN NASHVILLE POLICE DEPT,20170078458,Davidson,Nashville,1/25/2017 7:25:00 PM,2,0,0,36.228940,-86.624970,OLD HICKORY BLVD,,,,300.00,Feet,North,CLEVELAND HALL BLVD,,,,0.00,N,Not at Intersection,N,Non-Junction,None,,,         ,Codey,Mullins,Cloudy,"Sideswipe, Same Direction",no,no,no,no,yes,False
101534622,METROPOLITAN NASHVILLE POLICE DEPT,20170078316,Davidson,Nashville,1/25/2017 6:35:00 PM,2,0,0,36.192710,-86.744370,DOUGLAS AV,,,,0.00,,,GALLATIN AV,,,,0.00,Y,Four-Way, ,Non-Junction,None,,,         ,Ryan,Howard,Clear,Angle,no,no,no,no,no,False
101534628,METROPOLITAN NASHVILLE POLICE DEPT,20170078221,Davidson,Goodlettsville,1/25/2017 6:17:00 PM,2,0,0,36.302710,-86.691910,GALLATIN PKEN,,,,0.00,,,RIVERGATE MARKETPLACE PVTDR,,,,0.00,Y,Four-Way, ,Intersection-Related,None,,,         ,Joel,Callies,Clear,"Sideswipe, Same Direction",no,no,no,no,no,False
101534632,METROPOLITAN NASHVILLE POLICE DEPT,20170078342,Davidson,Nashville,1/25/2017 5:08:00 PM,2,0,0,36.250960,-86.718330,GALLATIN PKES,,,,74.00,Feet,North,MOVING CENTER CT,,,,0.00,N,Not at Intersection,N,Non-Junction,None,,,         ,Christopher,Kelly,Clear,"Sideswipe, Same Direction",no,no,no,no,yes,False
101534664,METROPOLITAN NASHVILLE POLICE DEPT,20170078056,Davidson,Nashville,1/25/2017 5:24:00 PM,1,0,0,36.235810,-86.727050,BRILEY PKWYE,,,,100.00,Feet,West,BRILEY PKWY E EXT RAMP,,,,0.00,N,Not at Intersection, ,Non-Junction,None,,,         ,Nathan,Dungan,Clear,Not Collision with Motor Vehicle in Transport,no,no,no,no,no,False
101534665,METROPOLITAN NASHVILLE POLICE DEPT,20170078383,Davidson,Nashville,1/25/2017 7:20:00 PM,2,0,0,36.086110,-86.691200,ANTIOCH PKE,,,,253.00,Feet,North,PERIMETER HILL DR,,,,0.00,N,Not at Intersection,N,Non-Junction,None,,,         ,Alyson,Cook,Clear,Angle,no,no,no,no,no,False
101534674,METROPOLITAN NASHVILLE POLICE DEPT,20170078790,Davidson,Nashville,1/25/2017 9:15:00 PM,1,0,0,36.150390,-86.748970,I 40,,,,0.00,,,,,,,211.65,N,Not at Intersection,N,Non-Junction,None,,,         ,John,Kelley,Cloudy,Not Collision with Motor Vehicle in Transport,no,no,no,no,no,False
101534684,METROPOLITAN NASHVILLE POLICE DEPT,20170078720,Davidson,Nashville,1/25/2017 8:56:00 PM,2,0,0,36.134790,-86.824700,WEST END AV,,,,0.00,Feet,East,BOWLING AV,,,,0.00,N,Not at Intersection,N,Non-Junction,None,,,         ,Walter,Gray II,Cloudy,Front to Rear,no,no,no,no,no,False
101534700,METROPOLITAN NASHVILLE POLICE DEPT,20170078642,Davidson,Not in City Limit,1/25/2017 8:32:00 PM,2,3,0,36.266530,-86.690110,N DUPONT AV,,,,0.00,,,MYATT DR,,,,0.00,Y,Four-Way,Y,Intersection,None,,,         ,Samuel,Miller,Clear,Angle,no,no,no,no,no,False
101534713,METROPOLITAN NASHVILLE POLICE DEPT,20170078833,Davidson,Not in City Limit,1/25/2017 9:30:00 PM,2,3,0,36.262820,-86.680970,STATE RT 45,,,,0.00,,,RIO VISTA DR,,,,0.00,Y,Four-Way,N,Intersection,None,,,         ,Jerry,Pirtle,,Angle,no,no,no,no,no,False
101534729,METROPOLITAN NASHVILLE POLICE DEPT,20170079068,Davidson,Not in City Limit,1/25/2017 11:10:00 PM,1,0,0,36.077110,-87.010200,I 40,,,,0.00,,,,,,,193.10,N,Not at Intersection,N,Non-Junction,None,,,         ,Jackson,Smythe,Clear,Not Collision with Motor Vehicle in Transport,no,no,no,no,no,False
101534748,METROPOLITAN NASHVILLE POLICE DEPT,20170079095,Davidson,Nashville,1/25/2017 10:38:00 PM,2,0,0,36.154450,-86.760470,I 40,,,,0.00,,,,,,,211.00,N,Not at Intersection,N,Non-Junction,None,,,         ,Luis,De Los Santos,Clear,Front to Rear,no,no,no,no,yes,False
101534784,METROPOLITAN NASHVILLE POLICE DEPT,20170078535,Davidson,Nashville,1/25/2017 7:57:00 PM,2,0,0,36.045740,-86.674350,BELL RD,,,,0.00,Feet,,BLUE HOLE RD,,,,0.00,Y,Four-Way, ,Intersection-Related,None,,,         ,Victoria,Cunningham,Clear,Angle,no,no,no,no,no,False
101534791,METROPOLITAN NASHVILLE POLICE DEPT,20170079236,Davidson,Nashville,1/25/2017 11:02:00 PM,1,0,0,36.182680,-86.811960,CLAY ST,,,,95.00,Feet,East,DR D B TODD JR BLVD,,,,0.00,N,Not at Intersection,N,Non-Junction,None,,,         ,James,Murphy,Clear,Not Collision with Motor Vehicle in Transport,no,no,no,no,yes,False
101534804,METROPOLITAN NASHVILLE POLICE DEPT,20170079828,Davidson,Nashville,1/26/2017 4:20:00 AM,1,0,0,36.045070,-86.698280,BELL RD,,,,1007.00,Feet,East,BENZING RD,,,,0.00,N,Not at Intersection,N,Non-Junction,None,,,         ,William,Williams,Clear,Not Collision with Motor Vehicle in Transport,no,no,no,no,yes,False
101534812,METROPOLITAN NASHVILLE POLICE DEPT,20170079883,Davidson,Nashville,1/26/2017 4:56:00 AM,3,0,0,36.056520,-86.676290,I 24,,,,0.00,,,,,,,58.15,N,Not at Intersection,N,Non-Junction,None,,,         ,Daniel,Garrett,Clear,Front to Rear,no,no,no,no,no,False
101534823,METROPOLITAN NASHVILLE POLICE DEPT,20170080086,Davidson,Nashville,1/26/2017 6:24:00 AM,2,0,0,36.081100,-86.758360,HARDING PL,,,,0.00,,,TROUSDALE DR,,,,0.00,Y,Four-Way, ,,None,,,         ,Nathan,Kemp,,,no,no,no,no,no,False
101534844,METROPOLITAN NASHVILLE POLICE DEPT,20170080205,Davidson,Nashville,1/26/2017 7:44:00 AM,2,0,0,36.131800,-86.897560,I 40,,,,0.00,,,,,,,201.20,N,Not at Intersection, ,Non-Junction,None,,,         ,Curtis,Rich,Cloudy,Front to Rear,no,no,no,no,no,False
101534878,METROPOLITAN NASHVILLE POLICE DEPT,20170080265,Davidson,Nashville,1/26/2017 7:43:00 AM,2,0,0,36.044350,-86.661550,CANE RIDGE RD,,,,0.00,,,TARGET DR,,,,0.00,Y,T-Intersection, ,Intersection,None,,,         ,Randall,Combs,Cloudy,Angle,no,no,no,no,no,False
101534894,METROPOLITAN NASHVILLE POLICE DEPT,20170080249,Davidson,Nashville,1/26/2017 7:38:00 AM,2,1,0,36.169870,-86.673640,LEBANON PKE,,,,0.00,,,SHADY GROVE RD,,,,0.00,Y,Four-Way,N,Intersection-Related,None,,,         ,Cody,O'Quinn,Cloudy,Angle,no,no,no,no,no,False
101534897,METROPOLITAN NASHVILLE POLICE DEPT,20170080300,Davidson,Nashville,1/26/2017 12:00:00 AM,1,0,0,0.000000,0.000000,149 HICKORY HOLLOW TERRACE,,,,100.00,Feet,East,149 HICKORY HOLLOW TERR,,,,0.00,N,Not at Intersection,N,Non-Junction,None,,,         ,Caleb,Jernigan,Clear,Not Collision with Motor Vehicle in Transport,no,no,no,yes,yes,False
101534911,METROPOLITAN NASHVILLE POLICE DEPT,20170080495,Davidson,Nashville,1/26/2017 9:00:00 AM,2,0,0,36.122100,-86.807160,I440 E EXT RAMP,,,,0.00,,,I 440,,,,0.00,Y,T-Intersection, ,Intersection,None,,,         ,Curtis,Rich,Cloudy,Angle,no,no,no,no,yes,False
101534914,METROPOLITAN NASHVILLE POLICE DEPT,20170080460,Davidson,Nashville,1/26/2017 8:38:00 AM,1,0,0,36.061260,-86.851030,HILLSBORO PKE,,,,755.00,Feet,South,TIMBERWOOD PL,,,,0.00,N,Not at Intersection, ,Non-Junction,None,,,         ,Nathan,Kemp,Clear,Not Collision with Motor Vehicle in Transport,no,no,no,no,no,False
101534924,METROPOLITAN NASHVILLE POLICE DEPT,20170080134,Davidson,Nashville,1/26/2017 6:45:00 AM,3,0,0,36.104280,-86.668500,MURFREESBORO PKE,,,,40.00,Feet,West,OLD MURFREESBORO PKE,,,,0.00,N,Not at Intersection, ,Non-Junction,None,,,         ,Jessie,Loy,Clear,Front to Rear,no,no,no,no,no,False
101534932,METROPOLITAN NASHVILLE POLICE DEPT,20170080388,Davidson,Nashville,1/26/2017 6:50:00 AM,1,0,0,36.128730,-86.629370,BELL RD,,,,461.00,Feet,North,PRIEST WOODS DR,,,,0.00,N,Not at Intersection,N,Non-Junction,None,,,         ,Steven,Rowlett,Cloudy,Not Collision with Motor Vehicle in Transport,no,no,no,no,no,False
101534933,METROPOLITAN NASHVILLE POLICE DEPT,20170080402,Davidson,Nashville,1/26/2017 8:20:00 AM,2,1,0,36.171430,-86.769040,INTERSTATE DR,,,,0.00,,,JAMES ROBERTSON PKWY,,,,0.00,Y,Four-Way,N,Intersection-Related,None,,,         ,William,Waters,Cloudy,Front to Rear,no,no,no,no,no,False
101534938,METROPOLITAN NASHVILLE POLICE DEPT,20170080644,Davidson,Nashville,1/26/2017 9:00:00 AM,2,0,0,36.156730,-86.842450,46TH AVN,,,,0.00,,,INDIANA AV,,,,0.00,Y,Four-Way, ,Intersection,None,,,         ,Curtis,Rich,Cloudy,Angle,no,no,no,no,no,False
101534945,METROPOLITAN NASHVILLE POLICE DEPT,20170080514,Davidson,Nashville,1/26/2017 8:45:00 AM,2,1,0,36.151910,-86.857720,I40 E EXT RAMP,,,,0.00,,,I 40,,,,0.00,Y,OTHER,Y,Entrance/Exit Ramp Related,None,,,         ,George,Spencer,Clear,Front to Rear,no,no,no,no,no,False
101534948,METROPOLITAN NASHVILLE POLICE DEPT,20170080463,Davidson,Nashville,1/26/2017 8:39:00 AM,2,0,0,36.156910,-86.786720,BROADWAY,,,,250.00,Feet,East,12TH AVS,,,,0.00,N,Not at Intersection, ,Non-Junction,None,,,         ,Wesley,Henderson,Cloudy,Angle,no,no,no,no,no,False
101534961,METROPOLITAN NASHVILLE POLICE DEPT,20170080121,Davidson,Nashville,1/26/2017 6:53:00 AM,2,0,0,36.140180,-86.722670,I 40,,,,0.00,,,,,,,213.50,N,Not at Intersection, ,Non-Junction,None,,,         ,James,Curtis,Cloudy,Front to Rear,no,no,no,no,no,False
101534962,METROPOLITAN NASHVILLE POLICE DEPT,20170080383,Davidson,Nashville,1/26/2017 8:17:00 AM,2,0,0,36.074000,-86.624870,ANDERSON RD,,,,0.00,,,CREEKVIEW DR,,,,0.00,Y,Four-Way,N,Intersection,None,,,         ,James,Curtis,Cloudy,"Sideswipe, Opposite Direction",no,no,no,no,no,False
101534963,METROPOLITAN NASHVILLE POLICE DEPT,20170080480,Davidson,Nashville,1/26/2017 8:40:00 AM,2,1,0,36.135300,-86.727100,I 24,,,,0.00,,,,,,,52.20,N,Not at Intersection,N,Entrance/Exit Ramp Related,None,,,         ,Todd,Watson,Cloudy,Front to Rear,no,no,no,no,no,False
101534986,METROPOLITAN NASHVILLE POLICE DEPT,20170080762,Davidson,Nashville,1/26/2017 10:26:00 AM,1,0,0,36.208020,-86.776290,I 65,,,,0.00,,,,,,,87.40,N,Not at Intersection, ,Non-Junction,None,,,         ,Chad,Wilkinson,Cloudy,Not Collision with Motor Vehicle in Transport,no,no,no,no,no,False
101534988,METROPOLITAN NASHVILLE POLICE DEPT,20170080859,Davidson,Nashville,1/26/2017 10:59:00 AM,2,0,0,36.155950,-86.788980,BROADWAY,,,,42.00,Feet,East,I40 W EXT RAMP,,,,0.00,N,Not at Intersection,N,Non-Junction,None,,,         ,Nathan,Kemp,Clear,"Sideswipe, Same Direction",no,no,no,no,no,False
101534991,METROPOLITAN NASHVILLE POLICE DEPT,20170080784,Davidson,Not in City Limit,1/24/2017 12:00:00 AM,1,0,0,36.073690,-86.928890,HIGHWAY 70S,,,,129.00,Feet,East,CLUB PKWY,,,,0.00,N,Not at Intersection, ,Non-Junction,None,,,         ,Curtis,Rich,Unknown,Not Collision with Motor Vehicle in Transport,no,no,no,yes,yes,False
101535003,METROPOLITAN NASHVILLE POLICE DEPT,20170080720,Davidson,Nashville,1/26/2017 10:11:00 AM,2,1,0,36.236700,-86.724770,GALLATIN PKE NB EXT RAMP,,,,0.00,,,GALLATIN PKE SB EXT RAMP,,,,0.00,Y,OTHER,N,Entrance/Exit Ramp Related,None,,,         ,Eric,Richardson,Cloudy,Front to Rear,no,no,no,no,no,False
101535015,METROPOLITAN NASHVILLE POLICE DEPT,20170080874,Davidson,Nashville,1/26/2017 11:03:00 AM,1,1,0,36.100790,-86.740150,HIGH ST,,,,50.00,Feet,West,NOLENSVILLE PKE,,,,0.00,N,Not at Intersection,N,Non-Junction,None,,,         ,Nathaniel,Myers,Cloudy,Not Collision with Motor Vehicle in Transport,yes,no,no,yes,no,False
101535024,METROPOLITAN NASHVILLE POLICE DEPT,20170080940,Davidson,Not in City Limit,1/26/2017 11:10:00 AM,2,0,0,36.306740,-86.685880,GALLATIN PKEN,,,,365.00,Feet,West,NORTHSIDE MARKETPLACE PVTDR,,,,0.00,N,Not at Intersection,N,OtherLocation,None,,,         ,Jack,Crouch,Cloudy,Angle,no,no,no,yes,yes,False
101535039,METROPOLITAN NASHVILLE POLICE DEPT,20170080878,Davidson,Nashville,1/26/2017 11:06:00 AM,3,0,0,36.064840,-86.717260,NOLENSVILLE PKE,,,,556.00,Feet,East,NORTHCREST DR,,,,0.00,N,Not at Intersection,N,Non-Junction,None,,,         ,Kevin,Crawford,Cloudy,Front to Rear,no,no,no,no,no,False