master_record_number,agency,agency_tracking_number,county,city,collision_date,vehicles_involved,number_injured,number_dead,latitude,longitude,roadway_name,roadway_suffix,roadway_number,roadway_local_id,distance_from_reference,miles-feet_indicator,direction_from_reference,intersection_road_name,intersection_road_name_suffix,intersection_road_number,intersection_local_id,mile_marker,intersection_indicator,intersect_type,interchange_related_indicator,relation_to_junction,work_zone_type,construction_maintenance_zone,construction_maintenance_zone_location,fatal_case_number,officer_first_name,officer_last_name,weather_condition(s),manner_of_crash,pedestrian,bicycle,scooter,parking,hitrun,mou
101538789,METROPOLITAN NASHVILLE POLICE DEPT,20170093839,Davidson,Nashville,1/30/2017 7:15:00 AM,2,0,0,36.111520,-86.921550,I40 E ENT RAMP,,,,0.00,Feet,East,I 40,,,,0.00,N,Not at Intersection, ,Entrance/Exit Ramp Related,None,,,         ,Benjamin,Cantrell,Clear,Front to Rear,no,no,no,no,no,False
101538791,METROPOLITAN NASHVILLE POLICE DEPT,20170093786,Davidson,Nashville,1/30/2017 6:56:00 AM,1,1,0,36.148290,-86.876080,I 40,,,,0.00,,,,,,,202.90,N,Not at Intersection,N,Non-Junction,None,,,         ,Andrew,Maholland,Clear,Not Collision with Motor Vehicle in Transport,no,no,no,no,no,False
101538834,METROPOLITAN NASHVILLE POLICE DEPT,20170093885,Davidson,Nashville,1/30/2017 7:35:00 AM,2,0,0,36.110190,-86.770430,I 65,,,,0.00,,,,,,,79.75,N,Not at Intersection, ,,None,,,         ,Tyler,Manivong,,,no,no,no,no,no,False
101538842,METROPOLITAN NASHVILLE POLICE DEPT,2017-0093957,Davidson,Not in City Limit,1/30/2017 6:10:00 AM,1,1,0,36.010690,-86.682720,STECOAH ST,,,,3.00,Feet,West,CALDERWOOD DR,,,,0.00,N,Not at Intersection,N,Non-Junction,None,,,         ,Phouthasone,Phantakou,Clear,Not Collision with Motor Vehicle in Transport,yes,no,no,no,yes,False
101538849,METROPOLITAN NASHVILLE POLICE DEPT,20170093916,Davidson,Nashville,1/30/2017 7:48:00 AM,2,0,0,36.201160,-86.761950,LISCHEY AV,,,,0.00,,,MARSHALL ST,,,,0.00,Y,T-Intersection, ,Intersection,None,,,         ,Alex,Moore,Clear,Angle,no,no,no,no,no,False
101538856,METROPOLITAN NASHVILLE POLICE DEPT,20170093757,Davidson,Nashville,1/30/2017 12:00:00 AM,1,0,0,36.155570,-86.629290,I 40,,,,0.00,,,,,,,219.00,N,Not at Intersection,N,Non-Junction,None,,,         ,James,Curtis,Unknown,Not Collision with Motor Vehicle in Transport,no,no,no,no,yes,False
101538857,METROPOLITAN NASHVILLE POLICE DEPT,20170093936,Davidson,Not in City Limit,1/30/2017 7:53:00 AM,2,2,0,36.266530,-86.690110,N DUPONT AV,,,,0.00,,,MYATT DR,,,,0.00,Y,Four-Way,N,Intersection-Related,None,,,         ,Michelle,Steidl,Clear,Front to Rear,no,no,no,no,no,False
101538858,METROPOLITAN NASHVILLE POLICE DEPT,20170094136,Davidson,Nashville,1/30/2017 8:59:00 AM,1,0,0,36.044850,-86.779720,I 65,,,,0.00,,,,,,,75.00,N,Not at Intersection,N,Non-Junction,None,,,         ,Nathan,Kemp,Clear,Not Collision with Motor Vehicle in Transport,no,no,no,no,no,False
101538866,METROPOLITAN NASHVILLE POLICE DEPT,2017-0093914,Davidson,Antioch,1/30/2017 7:47:00 AM,2,1,0,36.046309,-86.582497,LAVERGNE COUCHVILLE,PIKE,,,0.00,,,PIN HOOK,RD,,,0.00,Y,T-Intersection,N,Intersection,None,,,         ,William,Whitworth,Clear,Front to Rear,no,no,no,no,no,False
101538868,METROPOLITAN NASHVILLE POLICE DEPT,20170093846,Davidson,Nashville,1/30/2017 7:23:00 AM,2,0,0,36.323920,-86.867740,I 24,,,,0.00,,,,,,,35.00,N,Not at Intersection, ,Non-Junction,None,,,         ,James,Wray,Clear,Front to Rear,no,no,no,no,no,False
101538869,METROPOLITAN NASHVILLE POLICE DEPT,20170093998,Davidson,Nashville,1/30/2017 7:50:00 AM,2,0,0,36.143210,-86.822750,I 440,,,,0.00,,,,,,,1.00,N,Not at Intersection,N,Non-Junction,None,,,         ,Brian,Myatt,Clear,"Sideswipe, Same Direction",no,no,no,no,yes,False
101538873,METROPOLITAN NASHVILLE POLICE DEPT,20170094073,Davidson,Nashville,1/30/2017 8:49:00 AM,2,1,0,36.131420,-86.920520,RIVER RD,,,,1734.00,Feet,East,RIVER RD PVT DR,,,,0.00,N,Not at Intersection,N,Non-Junction,None,,,         ,Curtis,Rich,Clear,Angle,no,no,no,no,no,False
101538877,METROPOLITAN NASHVILLE POLICE DEPT,2017-0093892,Davidson,Not in City Limit,1/30/2017 7:35:00 AM,2,0,0,36.261320,-86.738370,I 65,,,,0.00,,,,,,,92.00,N,Not at Intersection,N,Non-Junction,None,,,         ,Arthur,Hipp,Clear,Front to Rear,no,no,no,no,no,False
101538880,METROPOLITAN NASHVILLE POLICE DEPT,20170093910,Davidson,Nashville,1/30/2017 7:55:00 AM,2,0,0,36.151070,-86.842130,PARK AV,,,,0.00,,,46TH AVN,,,,0.00,Y,Four-Way,N,Non-Junction,None,,,         ,Curtis,Rich,Clear,Angle,no,no,no,no,yes,False
101538881,METROPOLITAN NASHVILLE POLICE DEPT,20170094174,Davidson,Nashville,1/30/2017 9:05:00 AM,2,0,0,36.130290,-86.899940,CHARLOTTE PKE,,,,0.00,,,I40 W EXT RAMP,,,,0.00,Y,T-Intersection, ,Intersection,None,,,         ,Douglas,Atwood,Clear,"Sideswipe, Same Direction",no,no,no,no,no,False
101538883,METROPOLITAN NASHVILLE POLICE DEPT,20170093827,Davidson,Nashville,1/30/2017 7:14:00 AM,2,0,0,36.325710,-86.868380,I24 W EXT RAMP,,,,0.00,,,I 24,,,,0.00,Y,OTHER, ,,None,,,         ,James,Wray,,,no,no,no,no,no,False
101538884,METROPOLITAN NASHVILLE POLICE DEPT,20170093816,Davidson,Not in City Limit,1/30/2017 6:40:00 AM,2,0,0,36.294480,-86.810960,I 24,,,,0.00,,,,,,,39.20,N,Not at Intersection, ,Non-Junction,None,,,         ,John,Tyree,Clear,Front to Rear,no,no,no,no,no,False
101538903,METROPOLITAN NASHVILLE POLICE DEPT,20170094145,Davidson,Nashville,1/30/2017 9:00:00 AM,2,1,0,36.158260,-86.799490,CHARLOTTE AV,,,,150.00,Feet,East,DR D B TODD JR BLVD,,,,0.00,N,Not at Intersection,N,Non-Junction,None,,,         ,Garren,Hoskins,Clear,Front to Rear,no,no,no,no,no,False
101538920,METROPOLITAN NASHVILLE POLICE DEPT,20170093904,Davidson,Nashville,1/30/2017 7:34:00 AM,2,0,0,36.153980,-86.735670,LEBANON PKE,,,,1168.00,Feet,East,OMOHUNDRO PL,,,,0.00,N,Not at Intersection, ,Non-Junction,None,,,         ,Richard,Hyatt,Clear,Front to Rear,no,no,no,no,no,False
101538924,METROPOLITAN NASHVILLE POLICE DEPT,20170094194,Davidson,Nashville,1/30/2017 9:15:00 AM,2,0,0,36.149060,-86.780490,I 40,,,,0.00,,,,,,,209.80,N,Not at Intersection, ,Non-Junction,None,,,         ,Seth,Quiles,Clear,Front to Rear,no,no,no,no,no,False
101538926,METROPOLITAN NASHVILLE POLICE DEPT,20170093878,Davidson,Antioch,1/30/2017 7:34:00 AM,3,1,0,36.025280,-86.615870,OLD HICKORY BLVD,,,,2055.00,Feet,South,LOGISTICS WAY,,,,0.00,N,Not at Intersection,N,Non-Junction,None,,,         ,Blake,Lutz,Clear,Front to Rear,no,no,no,no,no,False
101538932,METROPOLITAN NASHVILLE POLICE DEPT,20170093863,Davidson,Not in City Limit,1/30/2017 7:25:00 AM,1,0,0,36.277940,-86.796390,HICKORY HILLS BLVD,,,,39.00,Feet,North,HICKORY HILLS CT,,,,0.00,N,Not at Intersection,N,OtherLocation,None,,,         ,Jack,Crouch,Clear,Not Collision with Motor Vehicle in Transport,no,no,no,yes,no,False
101538938,METROPOLITAN NASHVILLE POLICE DEPT,20170094129,Davidson,Nashville,1/30/2017 8:09:00 AM,3,0,0,36.013420,-86.619300,I 24,,,,0.00,,,,,,,62.60,N,Not at Intersection, ,Non-Junction,None,,,         ,Caleb,Jernigan,Clear,Front to Rear,no,no,no,no,no,False
101538946,METROPOLITAN NASHVILLE POLICE DEPT,20170094217,Davidson,Not in City Limit,1/30/2017 9:26:00 AM,2,2,0,36.274710,-86.689390,MYATT DR,,,,0.00,Feet,,MYATT DR,,,,0.00,Y,T-Intersection,N,Intersection,None,,,         ,Michelle,Steidl,Clear,Angle,no,no,no,no,no,False
101538947,METROPOLITAN NASHVILLE POLICE DEPT,20170093925,Davidson,Nashville,1/30/2017 7:45:00 AM,3,1,0,36.218260,-86.762910,DICKERSON PKE,,,,341.00,Feet,North,LORRAINE AV,,,,0.00,N,Not at Intersection,N,Non-Junction,None,,,         ,Steven,Spillers,Clear,Front to Rear,no,no,no,no,no,False
101538950,METROPOLITAN NASHVILLE POLICE DEPT,20170094395,Davidson,Nashville,1/30/2017 10:14:00 AM,2,0,0,36.101090,-86.818570,HILLSBORO PKE,,,,69.00,Feet,North,HOBBS RD,,,,0.00,N,Not at Intersection, ,Non-Junction,None,,,         ,Nathan,Kemp,Clear,Front to Rear,no,no,no,no,no,False
101538957,METROPOLITAN NASHVILLE POLICE DEPT,20170093948,Davidson,Nashville,1/30/2017 8:50:00 AM,2,0,0,36.072240,-86.724040,NOLENSVILLE PKE,,,,112.00,Feet,North,HIGGINS ST,,,,0.00,N,Not at Intersection,N,Non-Junction,None,,,         ,Roy,McElwee,Clear,"Sideswipe, Same Direction",no,no,no,no,no,False
101538958,METROPOLITAN NASHVILLE POLICE DEPT,20170094369,Davidson,Nashville,1/30/2017 10:00:00 AM,2,0,0,36.215120,-86.597540,LEBANON PKE,,,,0.00,,,ANDREW JACKSON PKWY,,,,0.00,Y,Four-Way, ,Intersection,None,,,         ,Wesley,Young,Clear,"Sideswipe, Same Direction",no,no,no,no,no,False
101539001,METROPOLITAN NASHVILLE POLICE DEPT,20170094795,Davidson,Nashville,1/30/2017 12:22:00 PM,1,0,0,36.140180,-86.887020,I 40,,,,0.00,,,,,,,202.00,N,Not at Intersection,N,Non-Junction,None,,,         ,Douglas,Atwood,Clear,Not Collision with Motor Vehicle in Transport,no,no,no,no,no,False
101539012,METROPOLITAN NASHVILLE POLICE DEPT,20170094824,Davidson,Nashville,1/30/2017 12:40:00 PM,2,0,0,36.146350,-86.878710,I 40,,,,0.00,,,,,,,202.70,N,Not at Intersection,N,Non-Junction,None,,,         ,Curtis,Rich,Clear,Front to Rear,no,no,no,no,no,False
101539013,METROPOLITAN NASHVILLE POLICE DEPT,20170094738,Davidson,Nashville,1/30/2017 12:10:00 PM,1,1,0,36.124270,-86.705410,VULTEE BLVD,,,,0.00,,,,,,,0.00,,,N,Non-Junction,None,,,         ,Wesley,Young,Clear,Not Collision with Motor Vehicle in Transport,no,no,no,yes,no,False
101539023,METROPOLITAN NASHVILLE POLICE DEPT,20170094133,Davidson,Nashville,1/30/2017 8:29:00 AM,3,0,0,36.125550,-86.733030,I 440,,,,0.00,,,,,,,7.25,N,Not at Intersection,N,Non-Junction,None,,,         ,Kevin,Coleman,Clear,Front to Rear,no,no,no,no,no,False
101539024,METROPOLITAN NASHVILLE POLICE DEPT,20170094734,Davidson,Nashville,1/30/2017 12:00:00 PM,2,0,0,36.125060,-86.816030,SHARONDALE DR,,,,0.00,,,WOODLAWN DR,,,,0.00,Y,Four-Way, ,Intersection,None,,,         ,Curtis,Rich,Cloudy,Angle,no,no,no,no,no,False
101539031,METROPOLITAN NASHVILLE POLICE DEPT,20170094663,Davidson,Nashville,1/30/2017 11:46:00 AM,1,0,0,36.173020,-86.744700,S 15TH ST,,,,0.00,,,,,,,0.00,,,N,Non-Junction,None,,,         ,David,Boone,Clear,Not Collision with Motor Vehicle in Transport,no,no,no,yes,no,False
101539054,METROPOLITAN NASHVILLE POLICE DEPT,20170094841,Davidson,Nashville,1/30/2017 12:33:00 PM,2,0,0,36.184410,-86.773730,DICKERSON PKE,,,,0.00,,,HANCOCK ST,,,,0.00,Y,T-Intersection,N,Non-Junction,None,,,         ,Alex,Moore,Clear,Angle,no,no,no,no,yes,False
101539089,METROPOLITAN NASHVILLE POLICE DEPT,20170094141,Davidson,Nashville,1/30/2017 9:02:00 AM,2,0,0,36.125270,-86.733910,I 440,,,,0.00,,,,,,,7.20,N,Not at Intersection, ,Non-Junction,None,,,         ,Kevin,Coleman,Clear,Front to Rear,no,no,no,no,no,False
101539094,METROPOLITAN NASHVILLE POLICE DEPT,20170094881,Davidson,Not in City Limit,1/30/2017 12:40:00 PM,2,0,0,36.076890,-86.945220,HIGHWAY 70S,,,,0.00,,,SAWYER BROWN RD,,,,0.00,Y,Four-Way,Y,Intersection,None,,,         ,Mary,Williams,Clear,HeadOn,no,no,no,no,yes,False
101539116,METROPOLITAN NASHVILLE POLICE DEPT,2017-0094767,Davidson,Nashville,1/30/2017 12:10:00 PM,2,0,0,36.146200,-86.792630,16TH AVS,,,,200.00,Feet,South,MUSIC SQE,,,,0.00,N,Not at Intersection, ,Non-Junction,None,,,         ,Allen,Bates,Clear,"Sideswipe, Same Direction",no,no,no,no,no,False
101539247,METROPOLITAN NASHVILLE POLICE DEPT,20170095131,Davidson,Nashville,1/30/2017 2:07:00 PM,2,0,0,36.167880,-86.664030,LEBANON PKE,,,,0.00,,,OLD LEBANON PKE,,,,0.00,Y,T-Intersection, ,Intersection,None,,,         ,Wesley,Young,Clear,Angle,no,no,no,no,no,False
101539281,METROPOLITAN NASHVILLE POLICE DEPT,20170095326,Davidson,Nashville,1/30/2017 2:52:00 PM,2,1,0,36.151720,-86.677300,ELM HILL PKE,,,,88.00,Feet,West,ROYAL PKWY,,,,0.00,N,Not at Intersection,N,Non-Junction,None,,,         ,Mikala,Moore,Clear,Front to Rear,no,no,no,no,no,False
101539284,METROPOLITAN NASHVILLE POLICE DEPT,20170095242,Davidson,Nashville,1/30/2017 2:39:00 PM,1,0,0,36.145250,-86.740490,I 40,,,,0.00,,,,,,,212.25,N,Not at Intersection, ,Non-Junction,None,,,         ,John,Daugherty,Clear,Not Collision with Motor Vehicle in Transport,no,no,no,no,no,False
101539303,METROPOLITAN NASHVILLE POLICE DEPT,20170095484,Davidson,Nashville,1/30/2017 3:20:00 PM,2,0,0,36.137570,-86.800760,WEDGEWOOD AV,,,,0.00,,,21ST AVS,,,,0.00,Y,OTHER, ,Non-Junction,None,,,         ,Nicholas,Carroll,Clear,Angle,no,no,no,no,no,Campus
101539308,METROPOLITAN NASHVILLE POLICE DEPT,20170095594,Davidson,Nashville,1/30/2017 4:02:00 PM,2,0,0,36.111160,-86.755230,SIDCO DR,,,,0.00,,,THOMPSON LN,,,,0.00,Y,Four-Way, ,Intersection,None,,,         ,Ralph,Smith IV,Clear,Front to Rear,no,no,no,no,no,False
101539322,METROPOLITAN NASHVILLE POLICE DEPT,20170095614,Davidson,Nashville,1/30/2017 4:30:00 PM,2,0,0,36.073900,-86.663450,UNA ANTIOCH PKE,,,,99.00,Feet,South,PEBBLE CREEK DR,,,,0.00,N,Not at Intersection, ,Non-Junction,None,,,         ,Thomas,Odom,Clear,Front to Rear,no,no,no,no,no,False
101539323,METROPOLITAN NASHVILLE POLICE DEPT,20170094947,Davidson,Nashville,1/30/2017 2:38:00 PM,1,0,0,36.046550,-86.678060,BELL RD,,,,412.00,Feet,East,BRITTANY PARK DR,,,,0.00,N,Not at Intersection, ,Non-Junction,None,,,         ,Jessie,Meadows,Clear,Not Collision with Motor Vehicle in Transport,no,no,no,no,no,False
101539324,METROPOLITAN NASHVILLE POLICE DEPT,20170095016,Davidson,Nashville,1/30/2017 2:49:00 PM,2,0,0,36.082910,-86.698220,I24 E ENT RAMP,,,,0.00,Feet,East,I 24,,,,0.00,N,Not at Intersection, ,Non-Junction,None,,,         ,Jessie,Meadows,Clear,"Sideswipe, Same Direction",no,no,no,no,no,False
101539325,METROPOLITAN NASHVILLE POLICE DEPT,20170095267,Davidson,Nashville,1/30/2017 3:43:00 PM,2,0,0,36.104880,-86.742130,NOLENSVILLE PKE,,,,140.00,Feet,South,RADNOR ST,,,,0.00,N,Not at Intersection,N,Non-Junction,None,,,         ,Jessie,Meadows,Clear,Front to Rear,no,no,no,no,yes,False
101539326,METROPOLITAN NASHVILLE POLICE DEPT,20170095337,Davidson,Nashville,1/30/2017 3:49:00 PM,2,0,0,36.110750,-86.742640,THOMPSON LN,,,,96.00,Feet,East,FOSTER AV,,,,0.00,N,Not at Intersection, ,Non-Junction,None,,,         ,Jessie,Meadows,Clear,"Sideswipe, Same Direction",no,no,no,no,no,False
101539327,METROPOLITAN NASHVILLE POLICE DEPT,20170094811,Davidson,Nashville,1/30/2017 2:23:00 PM,2,0,0,36.124820,-86.752100,NOLENSVILLE PKE,,,,67.00,Feet,South,ROSEDALE AV,,,,0.00,N,Not at Intersection, ,Non-Junction,None,,,         ,Jessie,Meadows,Clear,Front to Rear,no,no,no,no,no,False
101539334,METROPOLITAN NASHVILLE POLICE DEPT,20170095271,Davidson,Nashville,1/30/2017 2:59:00 PM,2,0,0,36.167750,-86.820580,JEFFERSON ST,,,,50.00,Feet,East,28TH AVN,,,,0.00,N,Not at Intersection,N,Non-Junction,None,,,         ,Walter,Gray II,Clear,"Sideswipe, Same Direction",no,no,no,no,yes,False
101539341,METROPOLITAN NASHVILLE POLICE DEPT,20170095508,Davidson,Nashville,1/30/2017 3:33:00 PM,3,0,0,36.187200,-86.775320,I 24,,,,0.00,,,,,,,47.10,N,Not at Intersection,N,Non-Junction,None,,,         ,Charles,Wakefield,Clear,Front to Rear,no,no,no,no,no,False
101539349,METROPOLITAN NASHVILLE POLICE DEPT,20170095694,Davidson,Nashville,1/30/2017 4:38:00 PM,2,0,0,36.181020,-86.800030,I 65,,,,0.00,,,,,,,85.10,N,Not at Intersection,Y,Entrance/Exit Ramp Related,None,,,         ,Michael,Brooks,Clear,"Sideswipe, Same Direction",no,no,no,no,yes,False
101539354,METROPOLITAN NASHVILLE POLICE DEPT,20170095795,Davidson,Nashville,1/30/2017 5:20:00 PM,2,0,0,36.151840,-86.791620,MUSIC SQE,,,,0.00,,,DIVISION ST,,,,0.00,Y,Roundabout, ,Intersection,None,,,         ,Eric,Burford,Clear,Angle,no,no,no,no,no,False
101539355,METROPOLITAN NASHVILLE POLICE DEPT,20170095875,Davidson,Nashville,1/30/2017 5:30:00 PM,2,0,0,36.069270,-86.692920,HAYWOOD SQUARE PVTDR,,,,0.00,,,,,,,0.00,,,N,Non-Junction,None,,,         ,Kevin,Keating,Clear,"Sideswipe, Same Direction",no,no,no,yes,yes,False
101539361,METROPOLITAN NASHVILLE POLICE DEPT,20170095767,Davidson,Nashville,1/30/2017 5:12:00 PM,2,0,0,36.070730,-86.634910,MURFREESBORO PKE,,,,560.00,Feet,South,BELL RD,,,,0.00,N,Not at Intersection,N,Non-Junction,None,,,         ,Alyson,Cook,Clear,Front to Rear,no,no,no,no,yes,False
101539365,METROPOLITAN NASHVILLE POLICE DEPT,20170095786,Davidson,Nashville,1/30/2017 5:19:00 PM,2,0,0,36.133640,-86.702390,GLASTONBURY RD,,,,0.00,,,MASSMAN DR,,,,0.00,Y,T-Intersection, ,Intersection,None,,,         ,Thomas,Barnes,Clear,Angle,no,no,no,no,no,False
101539369,METROPOLITAN NASHVILLE POLICE DEPT,20170095670,Davidson,Nashville,1/30/2017 4:40:00 PM,1,0,0,36.101910,-86.764010,I65 N ENT RAMP,,,,0.00,,East,I 65,,,,0.00,N,Not at Intersection,N,Non-Junction,None,,,         ,William,Taylor,Clear,Not Collision with Motor Vehicle in Transport,no,no,no,no,no,False
101539383,METROPOLITAN NASHVILLE POLICE DEPT,20170095864,Davidson,Nashville,1/30/2017 6:16:00 PM,3,1,0,36.110250,-86.737690,THOMPSON LN,,,,185.00,Feet,East,ST EDWARDS DR,,,,0.00,N,Not at Intersection,N,Non-Junction,None,,,         ,Jessie,Meadows,Clear,Front to Rear,no,no,no,no,no,False
101539397,METROPOLITAN NASHVILLE POLICE DEPT,20170095908,Davidson,Nashville,1/30/2017 1:50:00 PM,2,0,0,36.045370,-86.713260,NOLENSVILLE PKE,,,,0.00,,,OLD HICKORY BLVD,,,,0.00,Y,Four-Way, ,Non-Junction,None,,,         ,Will,Amundson,Clear,"Sideswipe, Opposite Direction",no,no,no,no,no,False
101539398,METROPOLITAN NASHVILLE POLICE DEPT,20170095992,Davidson,Nashville,1/30/2017 5:44:00 PM,2,0,0,36.157170,-86.823250,I 40,,,,0.00,,,,,,,205.90,N,Not at Intersection, ,Non-Junction,None,,,         ,Jessica,Scott,Clear,"Sideswipe, Same Direction",no,no,no,no,no,False
101539406,METROPOLITAN NASHVILLE POLICE DEPT,20170095960,Davidson,Nashville,1/30/2017 6:03:00 PM,2,1,0,36.076570,-86.725400,NOLENSVILLE PKE,,,,195.00,Feet,South,WALLACE RD,,,,0.00,N,Not at Intersection,N,Non-Junction,None,,,         ,Edin,Plancic,Clear,Front to Rear,no,no,no,no,no,False
101539407,GOODLETTSVILLE POLICE DEPT,17-04100,Davidson,Goodlettsville,1/30/2017 4:48:00 PM,2,0,0,36.303010,-86.701920,RIVERGATE PKWY,,,,0.00,,,WREN RD,,,,0.00,Y,T-Intersection,N,Intersection,None,,,         ,Rico,Jones,Clear,Front to Rear,no,no,no,no,yes,False
101539408,GOODLETTSVILLE POLICE DEPT,17-04101,Davidson,Goodlettsville,1/30/2017 5:24:00 PM,2,0,0,36.298140,-86.699850,RIVERGATE PKWY,,,,0.00,,,GLEAVES ST,,,,0.00,Y,T-Intersection,N,Intersection,None,,,         ,Rico,Jones,Clear,HeadOn,no,no,no,no,no,False
101539410,METROPOLITAN NASHVILLE POLICE DEPT,20170095472,Davidson,Nashville,1/30/2017 3:50:00 PM,1,1,0,36.185300,-86.636500,JACKSON DOWNS BLVD,,,,0.00,,,LEBANON PKE,,,,0.00,Y,OTHER,N,OtherLocation,None,,,         ,Christopher,Mackey,Clear,Not Collision with Motor Vehicle in Transport,no,no,no,no,yes,False
101539417,METROPOLITAN NASHVILLE POLICE DEPT,20170095610,Davidson,Nashville,1/30/2017 12:00:00 AM,2,0,0,36.168260,-86.778930,2ND AVN,,,,256.00,Feet,North,JAMES ROBERTSON PKWY,,,,0.00,N,Not at Intersection,N,Non-Junction,None,,,         ,Brady,Reynolds,Clear,Unknown,yes,no,no,no,yes,False
101539418,METROPOLITAN NASHVILLE POLICE DEPT,20170095419,Davidson,Nashville,1/30/2017 3:41:00 PM,2,0,0,36.090240,-86.829350,HILLSBORO PKE,,,,475.00,Feet,South,HARDING PL,,,,0.00,N,Not at Intersection, ,Non-Junction,None,,,         ,Walter,Gray II,Clear,"Sideswipe, Same Direction",no,no,no,no,no,False
101539435,METROPOLITAN NASHVILLE POLICE DEPT,20170096156,Davidson,Nashville,1/30/2017 6:30:00 PM,2,0,0,36.159030,-86.792530,14TH AVN,,,,41.00,Feet,North,I40 E EXT RAMP,,,,0.00,N,Not at Intersection,N,Non-Junction,None,,,         ,Nicholas,Smith,Clear,Front to Rear,no,no,no,no,no,False
101539437,METROPOLITAN NASHVILLE POLICE DEPT,20170096227,Davidson,Not in City Limit,1/30/2017 7:25:00 PM,2,0,0,36.019950,-87.028230,HIGHWAY 100,,,,452.00,Feet,South,HESTER BEASLEY RD,,,,0.00,N,Not at Intersection,N,Non-Junction,None,,,         ,Adam,Reese,Clear,Front to Rear,no,no,no,no,no,False
101539441,METROPOLITAN NASHVILLE POLICE DEPT,20170096069,Davidson,Nashville,1/30/2017 5:50:00 PM,2,0,0,36.146720,-86.743160,I 40,,,,0.00,,,,,,,212.10,N,Not at Intersection,N,Non-Junction,None,,,         ,John,Kelley,Clear,Front to Rear,no,no,no,no,yes,False
101539444,METROPOLITAN NASHVILLE POLICE DEPT,20170095782,Davidson,Nashville,1/30/2017 5:16:00 PM,2,0,0,36.154710,-86.822630,I440 W EXT RAMP,,,,0.00,Feet,East,I 440,,,,0.00,N,Not at Intersection, ,Non-Junction,None,,,         ,Walter,Gray II,Clear,"Sideswipe, Same Direction",no,no,no,no,no,False
101539447,METROPOLITAN NASHVILLE POLICE DEPT,20170095490,Davidson,Nashville,1/30/2017 12:00:00 AM,3,0,0,36.081590,-86.760130,HARDING PL,,,,501.00,Feet,East,SIDCO DR,,,,0.00,N,Not at Intersection,N,Non-Junction,None,,,         ,Akira,McSwain,Clear,Front to Rear,no,no,no,no,no,False
101539470,METROPOLITAN NASHVILLE POLICE DEPT,20170095874,Davidson,Not in City Limit,1/30/2017 5:36:00 PM,2,0,0,35.993890,-86.686000,NOLENSVILLE RD,,,,577.00,Feet,North,OLD BURKITT RD,,,,0.00,N,Not at Intersection, ,Non-Junction,None,,,         ,Alyson,Cook,Clear,Front to Rear,no,no,no,no,no,False
101539476,METROPOLITAN NASHVILLE POLICE DEPT,20170096353,Davidson,Nashville,1/30/2017 7:19:00 PM,2,0,0,36.158330,-86.790780,CHURCH ST,,,,57.00,Feet,West,GEORGE L DAVIS BLVD,,,,0.00,N,Not at Intersection,N,Non-Junction,None,,,         ,Nicholas,Smith,Clear,Front to Rear,no,no,no,no,no,False
101539496,METROPOLITAN NASHVILLE POLICE DEPT,20170095746,Davidson,Nashville,1/30/2017 4:57:00 PM,1,0,0,36.235010,-86.776250,RICHMOND HILL DR,,,,200.00,Feet,East,MEADOWSIDE LN,,,,0.00,N,Not at Intersection,N,Non-Junction,None,,,         ,Samuel,Miller,Clear,Not Collision with Motor Vehicle in Transport,no,no,no,no,yes,False
101539506,METROPOLITAN NASHVILLE POLICE DEPT,20170096214,Davidson,Goodlettsville,1/30/2017 7:13:00 PM,2,0,0,36.297100,-86.699020,GALLATIN PKEN,,,,80.00,Feet,North,RIVERGATE PKWY,,,,0.00,N,Not at Intersection, ,Non-Junction,None,,,         ,Samuel,Miller,Clear,Angle,no,no,no,no,no,False
101539508,METROPOLITAN NASHVILLE POLICE DEPT,20170096082,Davidson,Nashville,1/30/2017 6:02:00 PM,2,0,0,36.124420,-86.833310,WOODLAWN DR,,,,0.00,,,WILSON BLVDS,,,,0.00,Y,Four-Way,N,Intersection,None,,,         ,Walter,Gray II,Clear,Angle,no,no,no,no,no,False
101539510,METROPOLITAN NASHVILLE POLICE DEPT,20170095611,Davidson,Nashville,1/30/2017 4:20:00 PM,3,0,0,36.152090,-86.845220,CHARLOTTE AV,,,,144.00,Feet,West,48TH AVN,,,,0.00,N,Not at Intersection,N,Non-Junction,None,,,         ,Torian,Cox,Clear,Front to Rear,no,no,no,no,no,False
101539512,METROPOLITAN NASHVILLE POLICE DEPT,20170096035,Davidson,Nashville,1/30/2017 6:25:00 PM,4,0,0,36.111110,-86.722740,I 24,,,,0.00,,,,,,,53.60,N,Not at Intersection,N,Non-Junction,None,,,         ,Alyson,Cook,Clear,Front to Rear,no,no,no,no,no,False
101539513,METROPOLITAN NASHVILLE POLICE DEPT,20170096358,Davidson,Nashville,1/30/2017 7:40:00 PM,2,0,0,36.146720,-86.743160,I 40,,,,0.00,,,,,,,212.10,N,Not at Intersection,N,Non-Junction,None,,,         ,John,Kelley,Clear,Front to Rear,no,no,no,no,no,False
101539541,METROPOLITAN NASHVILLE POLICE DEPT,20170096192,Davidson,Not in City Limit,1/30/2017 7:17:00 PM,2,3,0,36.018780,-87.029330,HIGHWAY 100,,,,103.00,Feet,South,OLD HARDING PKE,,,,0.00,N,Not at Intersection,N,Non-Junction,None,,,         ,Jeremy,Huffine,Clear,"Sideswipe, Opposite Direction",no,no,no,no,no,False