master_record_number,agency,agency_tracking_number,county,city,collision_date,vehicles_involved,number_injured,number_dead,latitude,longitude,roadway_name,roadway_suffix,roadway_number,roadway_local_id,distance_from_reference,miles-feet_indicator,direction_from_reference,intersection_road_name,intersection_road_name_suffix,intersection_road_number,intersection_local_id,mile_marker,intersection_indicator,intersect_type,interchange_related_indicator,relation_to_junction,work_zone_type,construction_maintenance_zone,construction_maintenance_zone_location,fatal_case_number,officer_first_name,officer_last_name,weather_condition(s),manner_of_crash,pedestrian,bicycle,scooter,parking,hitrun,mou
101539554,METROPOLITAN NASHVILLE POLICE DEPT,20170096410,Davidson,Nashville,1/30/2017 8:38:00 PM,2,0,0,36.124980,-86.847640,HARDING PKE,,,,0.00,,,WHITE BRIDGE PKE,,,,0.00,Y,Four-Way,N,Intersection,None,,,         ,Walter,Gray II,Clear,Angle,no,no,no,no,no,False
101539556,METROPOLITAN NASHVILLE POLICE DEPT,2017-0092147,Davidson,Nashville,1/29/2017 6:00:00 PM,1,1,0,36.079310,-86.711560,WALLACE RD,,,,58.00,Feet,West,FAULKNER DR,,,,0.00,N,Not at Intersection,N,Non-Junction,None,,,         ,John,Roberson,Cloudy,Not Collision with Motor Vehicle in Transport,yes,no,no,no,no,False
101539569,METROPOLITAN NASHVILLE POLICE DEPT,20170096369,Davidson,Nashville,1/30/2017 8:20:00 PM,3,0,0,36.104870,-86.717120,I 24,,,,0.00,,,,,,,54.15,N,Not at Intersection,N,Non-Junction,None,,,         ,Alyson,Cook,Clear,Front to Rear,no,no,no,no,no,False
101539571,METROPOLITAN NASHVILLE POLICE DEPT,20170096068,Davidson,Nashville,1/30/2017 5:50:00 PM,3,0,0,36.083430,-86.761640,SIDCO DR,,,,0.00,,,CSX DR,,,,0.00,Y,T-Intersection,N,Non-Junction,None,,,         ,William,Taylor,Clear,Angle,no,no,no,no,no,False
101539578,METROPOLITAN NASHVILLE POLICE DEPT,20170095160,Davidson,Nashville,1/30/2017 2:16:00 PM,3,3,0,36.176510,-86.769720,SPRING ST,,,,0.00,,,I24 W EXT RAMP,,,,0.00,Y,T-Intersection,N,Intersection-Related,None,,,         ,Alex,Moore,Clear,Front to Rear,no,no,no,no,no,False
101539582,METROPOLITAN NASHVILLE POLICE DEPT,20170096018,Davidson,Nashville,1/30/2017 5:49:00 PM,2,0,0,36.075840,-86.693910,I 24,,,,0.00,,,,,,,56.50,N,Not at Intersection,N,Non-Junction,None,,,         ,Alyson,Cook,Clear,Front to Rear,no,no,no,no,yes,False
101539624,GOODLETTSVILLE POLICE DEPT,17-04137,Davidson,Goodlettsville,1/30/2017 10:55:00 PM,2,1,0,36.300730,-86.700950,RIVERGATE PKWY,,,,0.00,,,RIVERGATE MALL PVTDR,,,,0.00,Y,Four-Way,N,Intersection,None,,,         ,Wesley,Kinnaird,Clear,Angle,no,no,no,no,no,False
101539625,METROPOLITAN NASHVILLE POLICE DEPT,20170096581,Davidson,Nashville,1/30/2017 9:44:00 PM,1,0,0,36.167980,-86.796940,12TH AVN,,,,42.00,Feet,South,IRELAND ST,,,,0.00,N,Not at Intersection,N,Non-Junction,None,,,         ,Jason,Murrell,Clear,Not Collision with Motor Vehicle in Transport,no,no,no,no,yes,False
101539641,METROPOLITAN NASHVILLE POLICE DEPT,20170096991,Davidson,Nashville,1/30/2017 11:55:00 PM,1,0,0,36.049330,-86.870130,OLD HICKORY BLVD,,,,130.00,Feet,West,CHICKERING MEADOW PVTDR,,,,0.00,N,Not at Intersection,N,Non-Junction,None,,,         ,Terrance,Stuckey,Clear,Not Collision with Motor Vehicle in Transport,no,no,no,no,no,False
101539643,VANDERBILT UNIVERSITY POLICE,17-0093705,Davidson,Nashville,1/30/2017 6:00:00 AM,2,0,0,36.143650,-86.795690,EDGEHILL AV,,,,0.00,,,18TH AVS,,,,0.00,Y,Four-Way,N,Non-Junction,None,,,         ,Michael,Walker,Clear,Front to Rear,no,no,no,no,no,Campus
101539647,METROPOLITAN NASHVILLE POLICE DEPT,20170097146,Davidson,Nashville,1/31/2017 12:00:00 AM,1,0,0,36.218150,-86.803480,WHITES CREEK PKE,,,,0.00,,,MOORMANS ARM RD,,,,0.00,Y,T-Intersection,N,Intersection-Related,None,,,         ,Geoffrey,Daugherty,Clear,Not Collision with Motor Vehicle in Transport,no,no,no,yes,yes,False
101539655,METROPOLITAN NASHVILLE POLICE DEPT,20170097006,Davidson,Not in City Limit,1/31/2017 12:00:00 AM,1,1,0,36.092510,-86.996850,HIGHWAY 70,,,,934.00,Feet,East,HARPETH RIV RIVERWALK GRNWY,,,,0.00,N,Not at Intersection,N,Non-Junction,None,,,         ,Jeffrey,Barfield,,Not Collision with Motor Vehicle in Transport,no,no,no,no,yes,False
101539681,METROPOLITAN NASHVILLE POLICE DEPT,2017-0097106,Davidson,Nashville,1/31/2017 1:50:00 AM,1,0,0,36.041570,-86.778070,OLD HICKORY BLVD,,,,0.00,,,,,,,0.00,,,N,Non-Junction,None,,,         ,Thomas,Miller,Clear,Not Collision with Motor Vehicle in Transport,no,no,no,yes,no,False
101539689,METROPOLITAN NASHVILLE POLICE DEPT,20170097282,Davidson,Nashville,1/31/2017 12:00:00 AM,3,0,0,36.180310,-86.746740,ORDWAY PL,,,,377.00,Feet,East,N 12TH ST,,,,0.00,N,Not at Intersection,N,Non-Junction,None,,,         ,Michael,Wolterbeek,Clear,Front to Rear,no,no,no,no,yes,False
101539727,BERRY HILL POLICE DEPT,17-0353,Davidson,Berry Hill,1/30/2017 1:16:00 PM,2,0,0,36.112360,-86.767490,THOMPSON LN,,,,139.00,Feet,West,BRANSFORD AV,,,,0.00,N,Not at Intersection, ,Non-Junction,None,,,         ,Ronnie,Hill,Clear,Front to Rear,no,no,no,no,no,False
101539744,METROPOLITAN NASHVILLE POLICE DEPT,20170097688,Davidson,Nashville,1/31/2017 6:30:00 AM,2,0,0,36.206080,-86.771100,W TRINITY LN,,,,0.00,,,LUCAS LN,,,,0.00,Y,T-Intersection, ,Intersection-Related,None,,,         ,Steven,Henry Jr.,Clear,HeadOn,no,no,no,no,no,False
101539752,METROPOLITAN NASHVILLE POLICE DEPT,20170097722,Davidson,Nashville,1/31/2017 6:55:00 AM,2,0,0,36.118440,-86.726010,I 24,,,,0.00,,,,,,,53.00,N,Not at Intersection,N,Non-Junction,None,,,         ,David,Smith,Clear,Front to Rear,no,no,no,no,no,False
101539761,METROPOLITAN NASHVILLE POLICE DEPT,2017-0091402,Davidson,Nashville,1/29/2017 12:00:00 AM,1,0,0,36.207790,-86.777760,BRICK CHURCH PKE,,,,56.00,Feet,South,I65 S EXT RAMP,,,,0.00,N,Not at Intersection,N,OtherLocation,None,,,         ,Carlos,angulo,Cloudy,Not Collision with Motor Vehicle in Transport,no,no,no,yes,no,False
101539776,GOODLETTSVILLE POLICE DEPT,17-04171,Davidson,Goodlettsville,1/31/2017 6:55:00 AM,2,0,0,36.308550,-86.691230,VIETNAM VETERANS BLVDS,,,,1100.00,Feet,East,CONFERENCE DR,,,,0.00,N,Not at Intersection,N,Non-Junction,None,,,         ,Brian,Hajdu,Clear,Front to Rear,no,no,no,no,no,False
101539785,METROPOLITAN NASHVILLE POLICE DEPT,20170097836,Davidson,Nashville,1/31/2017 8:00:00 AM,2,0,0,36.153410,-86.764540,I 40,,,,0.00,,,,,,,210.70,N,Not at Intersection, ,Non-Junction,None,,,         ,Melissa,Flores,Clear,Front to Rear,no,no,no,no,no,False
101539794,METROPOLITAN NASHVILLE POLICE DEPT,2017-0097760,Davidson,Nashville,1/31/2017 7:07:00 AM,2,0,0,36.086560,-86.691550,ANTIOCH PKE,,,,371.00,Feet,South,HARDING PL,,,,0.00,N,Not at Intersection, ,Non-Junction,None,,,         ,Stanley,Collins,Clear,Angle,no,no,no,no,no,False
101539801,METROPOLITAN NASHVILLE POLICE DEPT,20170097781,Davidson,Nashville,1/31/2017 7:26:00 AM,2,0,0,36.148870,-86.774680,I 40,,,,0.00,,,,,,,210.15,N,Not at Intersection, ,Non-Junction,None,,,         ,FELIKS,ABRAHAMYAN,Clear,Front to Rear,no,no,no,no,no,False
101539803,METROPOLITAN NASHVILLE POLICE DEPT,20170097866,Davidson,Antioch,1/31/2017 7:40:00 AM,2,0,0,36.034660,-86.597610,MURFREESBORO PKE,,,,1454.00,Feet,West,PARKS RETREAT DR,,,,0.00,N,Not at Intersection,N,Non-Junction,None,,,         ,Thomas,White,Clear,"Sideswipe, Same Direction",no,no,no,no,yes,False
101539817,METROPOLITAN NASHVILLE POLICE DEPT,20170097702,Davidson,Nashville,1/31/2017 6:47:00 AM,2,0,0,36.141750,-86.714000,I 40,,,,0.00,,,,,,,214.00,N,Not at Intersection,N,Non-Junction,None,,,         ,Michael,Dance,Clear,"Sideswipe, Same Direction",no,no,no,no,no,False
101539823,METROPOLITAN NASHVILLE POLICE DEPT,20170097877,Davidson,Nashville,1/31/2017 8:00:00 AM,2,0,0,36.105020,-86.766910,I 65,,,,0.00,,,,,,,79.40,N,Not at Intersection,N,Non-Junction,None,,,         ,Nathan,Kemp,Clear,Front to Rear,no,no,no,no,no,False
101539825,METROPOLITAN NASHVILLE POLICE DEPT,20170098024,Davidson,Nashville,1/31/2017 8:31:00 AM,2,0,0,36.039740,-86.763260,OLD HICKORY BLVD,,,,150.00,Feet,West,HEARTHSTONE LN,,,,0.00,N,Not at Intersection, ,Non-Junction,None,,,         ,Earl,Davis,Clear,Front to Rear,no,no,no,no,no,False
101539854,METROPOLITAN NASHVILLE POLICE DEPT,20170098070,Davidson,Nashville,1/31/2017 8:45:00 AM,2,0,0,36.150920,-86.785980,I40 E ENT RAMP,,,,0.00,Feet,East,I 40,,,,0.00,N,Not at Intersection, ,Non-Junction,None,,,         ,Brent,Bauer,Clear,"Sideswipe, Same Direction",no,no,no,no,no,False
101539857,METROPOLITAN NASHVILLE POLICE DEPT,20170097712,Davidson,Nashville,1/31/2017 6:27:00 AM,2,0,0,36.105750,-86.672090,MURFREESBORO PKE,,,,96.00,Feet,West,EZELL PKE,,,,0.00,N,Not at Intersection,N,Non-Junction,None,,,         ,James,Thomas,Clear,Front to Rear,no,no,no,no,yes,False
101539858,METROPOLITAN NASHVILLE POLICE DEPT,20170097990,Davidson,Nashville,1/31/2017 8:10:00 AM,2,0,0,36.110210,-86.737310,THOMPSON LN,,,,282.00,Feet,West,PRESCOTT PL,,,,0.00,N,Not at Intersection,N,Non-Junction,None,,,         ,James,Thomas,Clear,Angle,no,no,no,no,no,False
101539859,METROPOLITAN NASHVILLE POLICE DEPT,20170098192,Davidson,Nashville,1/31/2017 9:51:00 AM,2,0,0,36.082020,-86.761750,I65 N EXT RAMP,,,,0.00,,,HARDING PL,,,,0.00,Y,Four-Way, ,,None,,,         ,Nathan,Kemp,,,no,no,no,no,no,False
101539862,METROPOLITAN NASHVILLE POLICE DEPT,20170098093,Davidson,Antioch,1/31/2017 8:00:00 AM,2,0,0,36.071810,-86.588410,PADDINGTON WAY,,,,0.00,,,SMITH SPRINGS PKWY,,,,0.00,Y,T-Intersection,N,Intersection,None,,,         ,Thomas,White,Clear,"Sideswipe, Same Direction",no,no,no,no,yes,False
101539864,METROPOLITAN NASHVILLE POLICE DEPT,20170098020,Davidson,Nashville,1/31/2017 8:43:00 AM,2,1,0,36.091360,-86.828510,HARDING PL,,,,0.00,,,HILLSBORO PKE,,,,0.00,Y,Four-Way,N,Intersection,None,,,         ,YUNUS,ADAK,Clear,Angle,no,no,no,no,no,False
101539865,METROPOLITAN NASHVILLE POLICE DEPT,20170098069,Davidson,Nashville,1/31/2017 8:55:00 AM,2,0,0,36.160890,-86.820900,I 40,,,,0.00,,,,,,,206.20,N,Not at Intersection, ,Non-Junction,None,,,         ,Matthew,Carson,Clear,Angle,no,no,no,no,no,False
101539874,METROPOLITAN NASHVILLE POLICE DEPT,20170098071,Davidson,Nashville,1/31/2017 8:55:00 AM,1,0,0,36.244610,-86.722400,GALLATIN PKES,,,,34.00,Feet,North,LAKEWOOD DR,,,,0.00,N,Not at Intersection,N,Non-Junction,None,,,         ,Brian,Otto,Clear,Not Collision with Motor Vehicle in Transport,no,no,no,no,no,False
101539876,METROPOLITAN NASHVILLE POLICE DEPT,20170098153,Davidson,Nashville,1/31/2017 9:35:00 AM,2,0,0,36.127260,-86.844340,HARDING PKE,,,,175.00,Feet,West,WOODLAWN DR,,,,0.00,N,Not at Intersection, ,Non-Junction,None,,,         ,Michael,Phelps,Clear,Angle,no,no,no,no,no,False
101539879,METROPOLITAN NASHVILLE POLICE DEPT,20170098277,Davidson,Nashville,1/31/2017 10:18:00 AM,2,0,0,36.132200,-86.774230,I65 N EXT RAMP,,,,0.00,,,I 65,,,,0.00,Y,Y-Intersection,N,Non-Junction,None,,,         ,Nathan,Kemp,Clear,Front to Rear,no,no,no,no,no,False
101539885,METROPOLITAN NASHVILLE POLICE DEPT,20170097878,Davidson,Nashville,1/31/2017 8:02:00 AM,2,0,0,36.095980,-86.707870,I 24,,,,0.00,,,,,,,54.90,N,Not at Intersection, ,,None,,,         ,Charles,Holmes,,,no,no,no,no,no,False
101539890,METROPOLITAN NASHVILLE POLICE DEPT,20170098030,Davidson,Nashville,1/31/2017 8:45:00 AM,2,0,0,36.183860,-86.798000,I65 N ENT RAMP,,,,0.00,,,I 65,,,,0.00,Y,T-Intersection,N,Intersection,None,,,         ,Darryl,Morton,Clear,Angle,no,no,no,no,no,False
101539897,METROPOLITAN NASHVILLE POLICE DEPT,20170097994,Davidson,Nashville,1/31/2017 8:50:00 AM,2,1,0,36.141820,-86.876420,CHARLOTTE PKE,,,,597.00,Feet,East,CHARLOTTE ROAD CIR,,,,0.00,N,Not at Intersection,N,Non-Junction,None,,,         ,Curtis,Rich,Clear,Front to Rear,no,no,no,no,no,False
101539901,METROPOLITAN NASHVILLE POLICE DEPT,20170097818,Davidson,Madison,1/31/2017 7:40:00 AM,2,0,0,36.265560,-86.739840,I65 S EXT RAMP,,,,0.00,Feet,East,OLD HICKORY BLVDW,,,,0.00,N,Not at Intersection, ,Non-Junction,None,,,         ,Jack,Crouch,Clear,Front to Rear,no,no,no,no,no,False
101539903,METROPOLITAN NASHVILLE POLICE DEPT,20170098139,Davidson,Nashville,1/31/2017 9:29:00 AM,2,0,0,36.150750,-86.785380,I 40,,,,0.00,,,,,,,209.50,N,Not at Intersection, ,Non-Junction,None,,,         ,Seth,Quiles,Clear,Front to Rear,no,no,no,no,no,False
101539918,METROPOLITAN NASHVILLE POLICE DEPT,20170098092,Davidson,Nashville,1/31/2017 9:05:00 AM,3,0,0,36.244610,-86.722400,GALLATIN PKES,,,,34.00,Feet,North,LAKEWOOD DR,,,,0.00,N,Not at Intersection, ,Non-Junction,None,,,         ,Brian,Otto,Clear,Not Collision with Motor Vehicle in Transport,no,no,no,no,no,False
101539925,METROPOLITAN NASHVILLE POLICE DEPT,20170098204,Davidson,Nashville,1/31/2017 9:53:00 AM,2,0,0,36.083400,-86.727470,WELCH RD,,,,0.00,,,NOLENSVILLE PKE,,,,0.00,Y,T-Intersection,N,Intersection-Related,None,,,         ,Nathaniel,Myers,Clear,Angle,no,no,no,no,no,False
101539933,METROPOLITAN NASHVILLE POLICE DEPT,20170097888,Davidson,Nashville,1/31/2017 7:21:00 AM,2,0,0,36.153090,-86.688760,ELM HILL PKE,,,,320.00,Feet,West,ATRIUM WAY,,,,0.00,N,Not at Intersection,N,Non-Junction,None,,,         ,Wesley,Young,Clear,"Sideswipe, Same Direction",no,no,no,no,no,False
101539945,METROPOLITAN NASHVILLE POLICE DEPT,2017-0098439,Davidson,Nashville,1/31/2017 9:15:00 AM,2,1,0,36.166510,-86.787370,ROSA L PARKS BLVD,,,,0.00,,,JAMES ROBERTSON PKWY,,,,0.00,Y,T-Intersection,N,Intersection,None,,,         ,Charles,Coe,Clear,Front to Rear,no,no,no,no,no,False
101539946,METROPOLITAN NASHVILLE POLICE DEPT,20170098084,Davidson,Nashville,1/31/2017 9:05:00 AM,3,0,0,36.143210,-86.685730,I 40,,,,0.00,,,,,,,215.55,N,Not at Intersection,N,Non-Junction,None,,,         ,Wesley,Young,Clear,"Sideswipe, Opposite Direction",no,no,no,no,yes,False
101539960,METROPOLITAN NASHVILLE POLICE DEPT,20170098588,Davidson,Nashville,1/31/2017 12:08:00 PM,2,0,0,36.175950,-86.870560,BRILEY PKWYS,,,,1050.00,Feet,North,BRILEY PKWYN,,,,0.00,N,Not at Intersection,N,Non-Junction,None,,,         ,Nathan,Kemp,Clear,Front to Rear,no,no,no,no,yes,False
101539961,METROPOLITAN NASHVILLE POLICE DEPT,20170098493,Davidson,Nashville,1/31/2017 11:50:00 AM,2,0,0,36.183820,-86.748370,GALLATIN AV,,,,0.00,,,EASTLAND AV,,,,0.00,Y,T-Intersection, ,Intersection,None,,,         ,Alex,Moore,Clear,Angle,no,no,no,no,no,False
101539984,METROPOLITAN NASHVILLE POLICE DEPT,2017-0098402,Davidson,Nashville,1/31/2017 10:58:00 AM,2,2,0,36.140740,-86.793640,HORTON AV,,,,0.00,Feet,East,16TH AVS,,,,0.00,N,Not at Intersection,N,Non-Junction,None,,,         ,Sean,Williams,Clear,Angle,no,no,no,no,no,False
101539987,METROPOLITAN NASHVILLE POLICE DEPT,20170098614,Davidson,Nashville,1/31/2017 12:35:00 PM,2,1,0,36.112120,-86.764860,THOMPSON LN,,,,330.00,Feet,South,BRANSFORD AV,,,,0.00,N,Not at Intersection,N,Non-Junction,None,,,         ,YUNUS,ADAK,Clear,Angle,no,no,no,no,no,False
101540024,METROPOLITAN NASHVILLE POLICE DEPT,20170098123,Davidson,Nashville,1/31/2017 9:22:00 AM,3,0,0,36.181020,-86.774450,I 24,,,,0.00,,,,,,,47.60,N,Not at Intersection,N,Non-Junction,None,,,         ,Jed,Baldoni,Clear,Front to Rear,no,no,no,no,no,False
101540029,GOODLETTSVILLE POLICE DEPT,17-04217,Davidson,Goodlettsville,1/31/2017 12:44:00 PM,1,3,0,36.301030,-86.705570,WREN RD,,,,751.00,Feet,North,BLUEBIRD DR,,,,0.00,N,Not at Intersection,N,Non-Junction,None,,,         ,Rico,Jones,Clear,Not Collision with Motor Vehicle in Transport,no,no,no,no,no,False
101540053,METROPOLITAN NASHVILLE POLICE DEPT,20170098853,Davidson,Nashville,1/31/2017 1:50:00 PM,2,0,0,36.112220,-86.765950,THOMPSON LN,,,,314.00,Feet,South,BRANSFORD AV,,,,0.00,N,Not at Intersection, ,Non-Junction,None,,,         ,YUNUS,ADAK,Clear,Front to Rear,no,no,no,no,no,False
101540054,METROPOLITAN NASHVILLE POLICE DEPT,20170098133,Davidson,Nashville,1/31/2017 9:21:00 AM,2,0,0,36.137570,-86.800760,WEDGEWOOD AV,,,,0.00,,,21ST AVS,,,,0.00,Y,Four-Way, ,Intersection,None,,,         ,Darrell,Osment,Clear,Front to Rear,no,no,no,no,no,Campus
101540065,METROPOLITAN NASHVILLE POLICE DEPT,20170098479,Davidson,Nashville,1/31/2017 11:25:00 AM,3,0,0,36.029220,-86.636900,I 24,,,,0.00,,,,,,,61.10,N,Not at Intersection,N,Non-Junction,None,,,         ,James,Thomas,Clear,Angle,no,no,no,no,no,False
101540067,METROPOLITAN NASHVILLE POLICE DEPT,20170098788,Davidson,Nashville,1/31/2017 1:19:00 PM,2,0,0,36.118230,-86.700200,MURFREESBORO PKE,,,,0.00,,,BRILEY PKWYN,,,,0.00,Y,OTHER, ,,None,,,         ,James,Curtis,,,no,no,no,no,no,False
101540076,METROPOLITAN NASHVILLE POLICE DEPT,20170098696,Davidson,Nashville,1/31/2017 1:00:00 PM,2,0,0,36.160400,-86.664390,DONELSON PKE,,,,0.00,,,WOODBERRY DR,,,,0.00,Y,T-Intersection, ,Intersection,None,,,         ,Wesley,Young,Clear,Angle,no,no,no,no,no,False
101540104,METROPOLITAN NASHVILLE POLICE DEPT,20170098835,Davidson,Nashville,1/31/2017 2:00:00 PM,2,0,0,36.181550,-86.607070,OLD HICKORY BLVD,,,,378.00,Feet,South,ANDREW JACKSON WAY,,,,0.00,N,Not at Intersection, ,Non-Junction,None,,,         ,Wesley,Young,Clear,"Sideswipe, Same Direction",no,no,no,no,no,False
101540106,METROPOLITAN NASHVILLE POLICE DEPT,20170098771,Davidson,Nashville,1/31/2017 1:15:00 PM,2,0,0,36.254720,-86.715500,GALLATIN PKES,,,,129.00,Feet,South,MADISON BLVD,,,,0.00,N,Not at Intersection,N,Non-Junction,None,,,         ,Coleman,McKellar,Clear,Angle,no,no,no,no,no,False
101540114,METROPOLITAN NASHVILLE POLICE DEPT,20170098482,Davidson,Nashville,1/31/2017 11:45:00 AM,2,0,0,36.044940,-86.659750,I24 E ENT RAMP,,,,0.00,Feet,,I 24,,,,0.00,Y,Four-Way, ,Intersection,None,,,         ,Roderic,Williams,Clear,"Sideswipe, Same Direction",no,no,no,no,no,False
101540118,METROPOLITAN NASHVILLE POLICE DEPT,2017-0098677,Davidson,Nashville,1/31/2017 12:36:00 PM,2,0,0,36.040310,-86.650050,I 24,,,,0.00,,,,,,,60.00,N,Not at Intersection,N,Non-Junction,None,,,         ,William,Whitworth,Clear,Front to Rear,no,no,no,no,no,False
101540130,METROPOLITAN NASHVILLE POLICE DEPT,20170098887,Davidson,Nashville,1/31/2017 1:55:00 PM,2,0,0,36.172630,-86.769830,INTERSTATE DR,,,,0.00,,,HOWERTON ST,,,,0.00,Y,T-Intersection, ,Intersection,None,,,         ,Seth,Quiles,Clear,"Sideswipe, Same Direction",no,no,no,no,no,False
101540164,GOODLETTSVILLE POLICE DEPT,17-04221,Davidson,Goodlettsville,1/31/2017 2:07:00 PM,2,0,0,36.317200,-86.700010,CONFERENCE DR,,,,400.00,Feet,South,NORTHCREEK BLVD,,,,0.00,N,Not at Intersection, ,Non-Junction,Construction Zone,,,         ,Charles,Hauskin,Clear,"Sideswipe, Same Direction",no,no,no,no,no,False
101540170,METROPOLITAN NASHVILLE POLICE DEPT,20170098785,Davidson,Nashville,1/31/2017 1:00:00 PM,2,0,0,36.119060,-86.875610,HICKORY VALLEY RD,,,,184.00,Feet,North,GREELEY DR,,,,0.00,N,Not at Intersection,N,Non-Junction,None,,,         ,Curtis,Rich,Clear,Front to Rear,no,no,no,yes,no,False
101540173,METROPOLITAN NASHVILLE POLICE DEPT,20170099020,Davidson,Nashville,1/31/2017 3:00:00 PM,2,0,0,36.234110,-86.622120,MONTCHANIN RD,,,,0.00,,,BRANDYWINE DR,,,,0.00,Y,Four-Way, ,Intersection,None,,,         ,Wesley,Young,Clear,HeadOn,no,no,no,no,no,False
101540174,VANDERBILT UNIVERSITY POLICE,651,Davidson,Nashville,1/31/2017 12:30:00 PM,3,0,0,36.142780,-86.800020,21ST AVS,,,,0.00,,,MEDICAL CENTER DR,,,,0.00,Y,Four-Way, ,,None,,,         ,Shaneithia,Lewis,,,no,no,no,no,no,Campus
101540177,METROPOLITAN NASHVILLE POLICE DEPT,20170098310,Davidson,Nashville,1/31/2017 12:11:00 PM,2,0,0,36.117750,-86.725780,I 24,,,,0.00,,,,,,,53.10,N,Not at Intersection, ,Non-Junction,None,,,         ,Jessie,Meadows,Clear,Front to Rear,no,no,no,no,no,False
101540178,METROPOLITAN NASHVILLE POLICE DEPT,20170098403,Davidson,Nashville,1/31/2017 1:09:00 PM,2,0,0,36.117750,-86.725780,I 24,,,,0.00,,,,,,,53.10,N,Not at Intersection, ,Non-Junction,None,,,         ,Jessie,Meadows,Clear,Front to Rear,no,no,no,no,no,False
101540180,METROPOLITAN NASHVILLE POLICE DEPT,20170098552,Davidson,Nashville,1/31/2017 1:22:00 PM,2,0,0,36.062330,-86.682010,I 24,,,,0.00,,,,,,,57.65,N,Not at Intersection, ,Non-Junction,None,,,         ,Jessie,Meadows,Clear,"Sideswipe, Same Direction",no,no,no,no,no,False
101540181,METROPOLITAN NASHVILLE POLICE DEPT,20170098916,Davidson,Nashville,1/31/2017 2:54:00 PM,3,1,0,36.045500,-86.704670,OLD HICKORY BLVD,,,,314.00,Feet,West,PINECREST DR,,,,0.00,N,Not at Intersection,N,Non-Junction,None,,,         ,Jessie,Meadows,Clear,Front to Rear,no,no,no,no,yes,False
101540203,METROPOLITAN NASHVILLE POLICE DEPT,20170098867,Davidson,Not in City Limit,1/31/2017 1:56:00 PM,2,1,0,0.000000,0.000000,OLD HICKORY BLVD,,,,0.00,Feet,,,,SR31,,0.00,Y,T-Intersection,N,Intersection,None,,,         ,Faye,Denson,Clear,Angle,no,no,no,no,no,False
101540222,METROPOLITAN NASHVILLE POLICE DEPT,20170099096,Davidson,Nashville,1/31/2017 3:51:00 PM,2,1,0,36.131380,-86.727300,I 24,,,,0.00,,,,,,,51.10,N,Not at Intersection,N,Non-Junction,None,,,         ,Jessie,Meadows,Clear,Front to Rear,no,no,no,no,no,False
101540227,METROPOLITAN NASHVILLE POLICE DEPT,20170098900,Davidson,Nashville,1/31/2017 1:34:00 PM,3,0,0,36.153040,-86.856670,I40 W EXT RAMP,,,,0.00,,,I 40,,,,0.00,Y,OTHER,N,Non-Junction,None,,,         ,Walter,Gray II,Clear,"Sideswipe, Same Direction",no,no,no,no,yes,False
101540228,METROPOLITAN NASHVILLE POLICE DEPT,20170099169,Davidson,Nashville,1/31/2017 3:17:00 PM,2,0,0,36.181050,-86.642600,LEBANON PKE,,,,408.00,Feet,West,POLO PARK APT PVTDR,,,,0.00,N,Not at Intersection,N,Non-Junction,None,,,         ,Mikala,Moore,Clear,Front to Rear,no,no,no,no,yes,False
101540229,METROPOLITAN NASHVILLE POLICE DEPT,20170099078,Davidson,Nashville,1/31/2017 1:56:00 PM,2,0,0,36.154700,-86.799230,19TH AVN,,,,45.00,Feet,South,HUBBS ALY,,,,0.00,N,Not at Intersection, ,Non-Junction,None,,,         ,Ralph,Smith IV,Clear,Angle,no,no,no,no,no,False
101540234,METROPOLITAN NASHVILLE POLICE DEPT,20170099080,Davidson,Nashville,1/31/2017 2:29:00 PM,2,0,0,36.140340,-86.800400,21ST AVS,,,,146.00,Feet,South,DIXIE PL,,,,0.00,N,Not at Intersection, ,Non-Junction,Construction Zone,,,         ,Nicholas,Smith,Clear,Angle,no,no,no,no,no,Campus
101540239,METROPOLITAN NASHVILLE POLICE DEPT,20170099004,Davidson,Nashville,1/31/2017 2:45:00 PM,2,1,0,36.153870,-86.794860,WEST END AV,,,,135.00,Feet,West,17TH AVN,,,,0.00,N,Not at Intersection,N,OtherLocation,None,,,         ,Eric,Burford,Clear,Rear to Rear,no,no,no,yes,no,False
101540252,METROPOLITAN NASHVILLE POLICE DEPT,20170099106,Davidson,Nashville,1/31/2017 12:00:00 AM,2,0,0,36.206260,-86.773380,W TRINITY LN,,,,28.00,Feet,East,I65 N ENT RAMP,,,,0.00,N,Not at Intersection,N,Non-Junction,None,,,         ,Gordon,Stovall,Clear,Front to Rear,no,no,no,no,yes,False
101540268,METROPOLITAN NASHVILLE POLICE DEPT,20170099268,Davidson,Nashville,1/31/2017 3:00:00 PM,2,0,0,36.173950,-86.784050,JUNIOR GILLIAM WAY,,,,0.00,,,3RD AVN,,,,0.00,Y,Four-Way, ,Intersection,None,,,         ,David,Snowden,Clear,Angle,no,no,no,no,no,False
101540269,METROPOLITAN NASHVILLE POLICE DEPT,20170099280,Davidson,Nashville,1/31/2017 4:00:00 PM,2,0,0,36.171380,-86.769500,MAIN ST,,,,46.00,Feet,West,JAMES ROBERTSON PKWY,,,,0.00,N,Not at Intersection, ,Non-Junction,None,,,         ,Darrien,Spann,Clear,Front to Rear,no,no,no,no,no,False