master_record_number,agency,agency_tracking_number,county,city,collision_date,vehicles_involved,number_injured,number_dead,latitude,longitude,roadway_name,roadway_suffix,roadway_number,roadway_local_id,distance_from_reference,miles-feet_indicator,direction_from_reference,intersection_road_name,intersection_road_name_suffix,intersection_road_number,intersection_local_id,mile_marker,intersection_indicator,intersect_type,interchange_related_indicator,relation_to_junction,work_zone_type,construction_maintenance_zone,construction_maintenance_zone_location,fatal_case_number,officer_first_name,officer_last_name,weather_condition(s),manner_of_crash,pedestrian,bicycle,scooter,parking,hitrun,mou
101540270,METROPOLITAN NASHVILLE POLICE DEPT,20170099417,Davidson,Nashville,1/31/2017 4:25:00 PM,2,0,0,36.081970,-86.761350,HARDING PL,,,,114.00,Feet,East,SIDCO DR,,,,0.00,N,Not at Intersection, ,Non-Junction,None,,,         ,Miguel,Garcia,Clear,Front to Rear,no,no,no,no,no,False
101540272,METROPOLITAN NASHVILLE POLICE DEPT,20170098915,Davidson,Nashville,1/31/2017 2:08:00 PM,2,1,0,36.184180,-86.693050,BRILEY PKWYS,,,,2541.00,Feet,South,TWO RIVERS CT,,,,0.00,N,Not at Intersection,N,Non-Junction,None,,,         ,Christopher,Augustin,Clear,Front to Rear,no,no,no,no,no,False
101540281,METROPOLITAN NASHVILLE POLICE DEPT,20170099035,Davidson,Nashville,1/31/2017 2:19:00 PM,2,0,0,36.055460,-86.723070,BREWER DR,,,,0.00,,,MCMURRAY DR,,,,0.00,Y,Four-Way, ,Intersection,None,,,         ,Nicholas,Berens,Clear,Angle,no,no,no,no,no,False
101540284,METROPOLITAN NASHVILLE POLICE DEPT,20170099256,Davidson,Nashville,1/31/2017 3:55:00 PM,2,0,0,36.122280,-86.775760,FRANKLIN PKE,,,,50.00,Feet,South,HORNER AV,,,,0.00,N,Not at Intersection, ,Non-Junction,None,,,         ,Patrick,Martin,Clear,Front to Rear,no,no,no,no,no,False
101540303,METROPOLITAN NASHVILLE POLICE DEPT,20170099449,Davidson,Goodlettsville,1/31/2017 4:15:00 PM,2,0,0,36.291960,-86.720780,I 65,,,,0.00,,,,,,,94.40,N,Not at Intersection, ,Non-Junction,None,,,         ,Jordan,Vrbas,Clear,Front to Rear,no,no,no,no,no,False
101540311,METROPOLITAN NASHVILLE POLICE DEPT,20170099430,Davidson,Nashville,1/31/2017 4:20:00 PM,2,0,0,36.091230,-86.762400,I 65,,,,0.00,,,,,,,78.45,N,Not at Intersection, ,,None,,,         ,Jonathan,Frith,,,no,no,no,no,no,False
101540319,METROPOLITAN NASHVILLE POLICE DEPT,20170099314,Davidson,Nashville,1/31/2017 4:09:00 PM,3,0,0,36.237110,-86.724340,GALLATIN PKES,,,,173.00,Feet,North,BRILEY PKWY W EXT RAMP,,,,0.00,N,Not at Intersection, ,Non-Junction,None,,,         ,Christopher,Valdez,Clear,Front to Rear,no,no,no,no,no,False
101540323,METROPOLITAN NASHVILLE POLICE DEPT,20170099525,Davidson,Nashville,1/31/2017 4:37:00 PM,2,0,0,36.106590,-86.747870,MORTON AV,,,,87.00,Feet,West,LOUISE DR,,,,0.00,N,Not at Intersection, ,Non-Junction,None,,,         ,Miguel,Garcia,Clear,Angle,no,no,no,no,no,False
101540332,METROPOLITAN NASHVILLE POLICE DEPT,20170099067,Davidson,Nashville,1/31/2017 2:34:00 PM,2,1,0,36.124760,-86.847430,WOODMONT BLVD,,,,102.00,Feet,South,HARDING PKE,,,,0.00,N,Not at Intersection,N,Non-Junction,None,,,         ,Walter,Gray II,Clear,Front to Rear,no,no,no,no,no,False
101540335,METROPOLITAN NASHVILLE POLICE DEPT,20170099561,Davidson,Goodlettsville,1/31/2017 4:57:00 PM,2,0,0,36.297850,-86.698400,GALLATIN PKEN,,,,408.00,Feet,North,RIVERGATE PKWY,,,,0.00,N,Not at Intersection, ,Non-Junction,None,,,         ,Rodney,Phipps,Clear,Front to Rear,no,no,no,no,no,False
101540342,Metro Park Police,20170099326,Davidson,Nashville,1/31/2017 4:15:00 PM,2,0,0,36.149030,-86.809690,25TH AVN,,,,0.00,,,BRANDAU PL,,,,0.00,Y,OTHER, ,Unknown,None,,,         ,Martin,Owens,Clear,Rear to Side,no,no,no,no,no,Campus
101540362,METROPOLITAN NASHVILLE POLICE DEPT,20170099519,Davidson,Nashville,1/31/2017 4:31:00 PM,2,1,0,36.156480,-86.776050,KOREAN VETERANS BLVD,,,,60.00,Feet,West,5TH AVS,,,,0.00,N,Not at Intersection,N,Non-Junction,None,,,         ,Brandon,Hughes,Clear,Front to Rear,no,no,no,no,no,False
101540372,METROPOLITAN NASHVILLE POLICE DEPT,20170099684,Davidson,Nashville,1/31/2017 5:04:00 PM,2,0,0,36.046270,-86.858060,OLD HICKORY BLVD,,,,800.00,Feet,West,WILDWOOD VALLEY DR,,,,0.00,N,Not at Intersection, ,Non-Junction,None,,,         ,Miguel,Garcia,Clear,Front to Rear,no,no,no,no,no,False
101540378,METROPOLITAN NASHVILLE POLICE DEPT,20170099734,Davidson,Nashville,1/31/2017 6:05:00 PM,2,0,0,36.142910,-86.666640,DONELSON PKE,,,,224.00,Feet,North,I40 W ENT RAMP,,,,0.00,N,Not at Intersection, ,Non-Junction,None,,,         ,Mikala,Moore,Clear,Angle,no,no,no,no,no,False
101540393,METROPOLITAN NASHVILLE POLICE DEPT,20170099757,Davidson,Nashville,1/31/2017 6:11:00 PM,2,0,0,36.152200,-86.791370,DIVISION ST,,,,0.00,,,DEMONBREUN ST,,,,0.00,Y,Roundabout, ,Intersection,None,,,         ,Ralph,Smith IV,Clear,Angle,no,no,no,no,no,False
101540407,METROPOLITAN NASHVILLE POLICE DEPT,20170099596,Davidson,Nashville,1/31/2017 5:25:00 PM,2,1,0,36.078350,-86.909110,HIGHWAY 70S,,,,50.00,Feet,West,ERIN LN,,,,0.00,N,Not at Intersection,N,Non-Junction,None,,,         ,Walter,Gray II,Clear,Angle,no,no,no,no,no,False
101540409,METROPOLITAN NASHVILLE POLICE DEPT,20170099490,Davidson,Nashville,1/31/2017 4:30:00 PM,2,0,0,36.155690,-86.796200,CHURCH ST,,,,98.00,Feet,West,17TH AVN,,,,0.00,N,Not at Intersection, ,Non-Junction,None,,,         ,Eric,Burford,Clear,"Sideswipe, Same Direction",no,no,no,no,no,False
101540410,METROPOLITAN NASHVILLE POLICE DEPT,20170099746,Davidson,Nashville,1/31/2017 5:50:00 PM,2,0,0,36.156600,-86.790000,I 40,,,,0.00,,,,,,,209.10,N,Not at Intersection, ,Non-Junction,None,,,         ,Eric,Burford,Clear,Front to Rear,no,no,no,no,no,False
101540411,METROPOLITAN NASHVILLE POLICE DEPT,20170099617,Davidson,Old Hickory,1/31/2017 5:34:00 PM,2,1,0,36.265180,-86.650810,OLD HICKORY,BLVD,,,0.01,Feet,North,BRYAN,ST,,,0.00,N,Not at Intersection,N,Non-Junction,None,,,         ,Codey,Mullins,Clear,Front to Rear,no,no,no,no,no,False
101540421,METROPOLITAN NASHVILLE POLICE DEPT,20170099838,Davidson,Nashville,1/31/2017 6:20:00 PM,2,0,0,36.039720,-86.759820,BRENTWOOD CHASE DR,,,,9.00,Feet,North,OLD HICKORY BLVD,,,,0.00,N,Not at Intersection,N,Non-Junction,None,,,         ,Miguel,Garcia,Clear,Front to Rear,no,no,no,no,no,False
101540435,METROPOLITAN NASHVILLE POLICE DEPT,20170099360,Davidson,Nashville,1/31/2017 5:07:00 PM,2,0,0,36.147110,-86.762760,WHARF AV,,,,117.00,Feet,South,PERKINS ST,,,,0.00,N,Not at Intersection, ,Non-Junction,None,,,         ,Jessie,Meadows,Clear,"Sideswipe, Same Direction",no,no,no,no,no,False
101540437,METROPOLITAN NASHVILLE POLICE DEPT,20170099806,Davidson,Not in City Limit,1/31/2017 6:32:00 PM,2,1,0,36.084940,-86.939430,CROSS TIMBERS DR,,,,0.00,,,SAWYER BROWN RD,,,,0.00,Y,T-Intersection,N,Intersection-Related,None,,,         ,Brandon,Pedigo,Clear,Front to Rear,no,no,no,no,no,False
101540447,METROPOLITAN NASHVILLE POLICE DEPT,20170099864,Davidson,Nashville,1/31/2017 5:52:00 PM,3,2,0,36.077410,-86.641830,MURFREESBORO PKE,,,,50.00,Feet,West,LAKEVILLA DR,,,,0.00,N,Not at Intersection,N,Non-Junction,None,,,         ,William,Durham,Clear,Front to Rear,no,no,no,no,yes,False
101540448,METROPOLITAN NASHVILLE POLICE DEPT,20170099964,Davidson,Nashville,1/31/2017 6:47:00 PM,2,0,0,36.169320,-86.667450,OLD LEBANON PKE,,,,0.00,,,,,,,0.00,,,N,Non-Junction,None,,,         ,Brian,Smith,Clear,Angle,no,no,no,yes,yes,False
101540449,METROPOLITAN NASHVILLE POLICE DEPT,20170099865,Davidson,Not in City Limit,1/31/2017 6:38:00 PM,2,0,0,36.071050,-86.946940,TODD PREIS DR,,,,50.00,Feet,East,SAWYER BROWN RD,,,,0.00,N,Not at Intersection, ,Non-Junction,None,,,         ,Walter,Gray II,Clear,Angle,no,no,no,no,no,False
101540453,METROPOLITAN NASHVILLE POLICE DEPT,20170099627,Davidson,Nashville,1/31/2017 5:36:00 PM,3,0,0,36.155960,-86.628660,I 40,,,,0.00,,,,,,,219.00,N,Not at Intersection,N,Non-Junction,None,,,         ,Dontaveous,Eubanks,Clear,Front to Rear,no,no,no,no,no,False
101540454,GOODLETTSVILLE POLICE DEPT,17-04240,Davidson,Goodlettsville,1/31/2017 5:50:00 PM,2,0,0,36.323590,-86.705980,LONG HOLLOW PKE,,,,0.00,,,I65 S ENT RAMP,,,,0.00,Y,T-Intersection,N,Intersection-Related,None,,,         ,James,Wells,Clear,Front to Rear,no,no,no,no,no,False
101540455,METROPOLITAN NASHVILLE POLICE DEPT,2017-0099767,Davidson,Nashville,1/31/2017 5:30:00 PM,2,0,0,36.215120,-86.599430,LEBANON PKE,,,,485.00,Feet,North,ANDREW JACKSON PKWY,,,,0.00,N,Not at Intersection,N,Non-Junction,None,,,         ,Sandra,Talavera,Clear,Rear to Rear,no,no,no,yes,yes,False
101540457,METROPOLITAN NASHVILLE POLICE DEPT,20170099061,Davidson,Nashville,1/31/2017 3:07:00 PM,2,0,0,36.240780,-86.746180,I65 N ENT RAMP,,,,0.00,Feet,East,I 65,,,,0.00,N,Not at Intersection,N,Non-Junction,None,,,         ,Samuel,Miller,Clear,Not Collision with Motor Vehicle in Transport,no,no,no,no,yes,False
101540481,METROPOLITAN NASHVILLE POLICE DEPT,20170099948,Davidson,Nashville,1/31/2017 7:30:00 PM,2,1,0,36.192430,-86.616160,OLD HICKORY BLVD,,,,0.00,,,HERMITAGE MARKETPLACE PVTDR,,,,0.00,Y,Four-Way,N,Intersection-Related,None,,,         ,Codey,Mullins,Clear,"Sideswipe, Same Direction",no,no,no,no,yes,False
101540483,METROPOLITAN NASHVILLE POLICE DEPT,20170099422,Davidson,Nashville,1/31/2017 3:45:00 PM,2,0,0,36.043040,-86.723970,ENCLAVE CIR,,,,0.00,,,OLD HICKORY BLVD,,,,0.00,Y,Four-Way,N,Intersection,None,,,         ,Eric,Thomas,Clear,Front to Rear,no,no,no,no,no,False
101540497,METROPOLITAN NASHVILLE POLICE DEPT,20170099932,Davidson,Nashville,1/31/2017 7:25:00 PM,2,0,0,36.185280,-86.798120,I65 S EXT RAMP,,,,0.00,,,I 65,,,,0.00,Y,OTHER, ,Non-Junction,None,,,         ,Michael,Brooks,Clear,Front to Rear,no,no,no,no,no,False
101540532,METROPOLITAN NASHVILLE POLICE DEPT,20170100311,Davidson,Nashville,1/31/2017 9:47:00 PM,1,0,0,36.152820,-86.683410,ELM HILL PKE,,,,0.00,,,MCGAVOCK PKE,,,,0.00,Y,Four-Way, ,Non-Junction,None,,,         ,Cory,Hale,Clear,Not Collision with Motor Vehicle in Transport,no,no,no,no,no,False
101540546,METROPOLITAN NASHVILLE POLICE DEPT,20170099586,Davidson,Not in City Limit,1/31/2017 5:19:00 PM,3,0,0,36.262820,-86.680970,STATE RT 45,,,,0.00,,,RIO VISTA DR,,,,0.00,Y,Four-Way,Y,Intersection,None,,,         ,Samuel,Miller,Clear,Angle,no,no,no,no,no,False
101540557,METROPOLITAN NASHVILLE POLICE DEPT,20170100307,Davidson,Nashville,1/31/2017 5:41:00 PM,2,0,0,36.052650,-86.679340,TUSCULUM RD,,,,983.00,Feet,East,BENZING RD,,,,0.00,N,Not at Intersection, ,Non-Junction,None,,,         ,Alyson,Cook,Clear,"Sideswipe, Opposite Direction",no,no,no,no,yes,False
101540559,METROPOLITAN NASHVILLE POLICE DEPT,20170100253,Davidson,Nashville,1/31/2017 9:15:00 PM,1,1,0,36.238900,-86.754500,I 65,,,,0.00,,,,,,,90.15,N,Not at Intersection,N,Non-Junction,None,,,         ,Jordan,Vrbas,Clear,Not Collision with Motor Vehicle in Transport,no,no,no,no,no,False
101540560,METROPOLITAN NASHVILLE POLICE DEPT,20170099366,Davidson,Goodlettsville,1/31/2017 4:19:00 PM,2,0,0,36.288380,-86.710290,W MONTICELLO AV,,,,0.00,,,MONTICELLO AV,,,,0.00,Y,Four-Way,Y,Intersection-Related,None,,,         ,Samuel,Miller,Clear,Angle,no,no,no,no,no,False
101540582,METROPOLITAN NASHVILLE POLICE DEPT,20170100074,Davidson,Nashville,1/31/2017 7:45:00 PM,3,1,0,36.254950,-86.702170,NEELYS BEND RD,,,,42.00,Feet,East,NEELYS CHASE DR,,,,0.00,N,Not at Intersection,N,Non-Junction,None,,,         ,Jerry,Pirtle,Cloudy,Front to Rear,no,no,no,no,no,False
101540583,METROPOLITAN NASHVILLE POLICE DEPT,20170099972,Davidson,Nashville,1/31/2017 7:37:00 PM,2,0,0,36.193980,-86.743690,GALLATIN AV,,,,0.00,,,STROUSE AV,,,,0.00,Y,T-Intersection,Y,Intersection,None,,,         ,Jonathan,Hadley,Clear,HeadOn,no,no,no,no,yes,False
101540594,METROPOLITAN NASHVILLE POLICE DEPT,20170099843,Davidson,Nashville,1/31/2017 5:30:00 PM,2,0,0,36.033280,-86.777100,CHURCH STE,,,,0.00,,,OVERLOOK BLVD,,,,0.00,Y,OTHER, ,,None,,,         ,Eric,Thomas,,,no,no,no,no,no,False
101540618,GOODLETTSVILLE POLICE DEPT,17-04245,Davidson,Goodlettsville,1/31/2017 6:25:00 PM,2,0,0,36.310980,-86.696650,CONFERENCE DR,,,,0.00,,,MISSION RDG,,,,0.00,Y,T-Intersection,N,Intersection-Related,None,,,         ,William,Hunter,Cloudy,"Sideswipe, Same Direction",no,no,no,no,yes,False
101540651,METROPOLITAN NASHVILLE POLICE DEPT,20170100503,Davidson,Nashville,1/31/2017 10:22:00 PM,1,0,0,36.082000,-87.023440,MCCRORY LN,,,,136.00,Feet,North,BEAUTIFUL VALLEY DR,,,,0.00,N,Not at Intersection, ,Non-Junction,None,,,         ,Albert,Wilson,Clear,Not Collision with Motor Vehicle in Transport,no,no,no,no,no,False
101540653,Nashville Airport Police,2017-00323,Davidson,Nashville,1/29/2017 11:56:00 PM,2,0,0,0.000000,0.000000,,,I40,,1.00,Feet,North,,,,,1.00,N,Not at Intersection, ,AccelDecelLane,None,,,         ,Len,Sangster Jr,Clear,"Sideswipe, Same Direction",no,no,no,no,no,False
101540655,METROPOLITAN NASHVILLE POLICE DEPT,20170100686,Davidson,Nashville,2/1/2017 12:00:00 AM,1,0,0,36.185080,-86.747810,GALLATIN AV,,,,220.00,Feet,South,SEYMOUR AV,,,,0.00,N,Not at Intersection,N,Non-Junction,None,,,         ,Michael,Wolterbeek,Clear,Unknown,no,no,no,no,yes,False
101540668,METROPOLITAN NASHVILLE POLICE DEPT,20170100848,Davidson,Nashville,2/1/2017 12:57:00 AM,2,1,0,36.077090,-86.725560,EDMONDSON PKE,,,,0.00,,,WALLACE RD,,,,0.00,Y,Four-Way,N,Intersection,None,,,         ,William,Hamblen,Clear,Front to Rear,no,no,no,no,no,False
101540683,METROPOLITAN NASHVILLE POLICE DEPT,20170100593,Davidson,Nashville,1/31/2017 11:31:00 PM,1,0,0,0.000000,0.000000,KNIGHT,DR,,,0.00,,,BRICK CHURCH,LN,,,0.00,Y,T-Intersection,N,Non-Junction,None,,,         ,Eric,Petlewski,Clear,Not Collision with Motor Vehicle in Transport,no,no,no,no,no,False
101540698,METROPOLITAN NASHVILLE POLICE DEPT,20170101192,Davidson,Nashville,2/1/2017 3:00:00 AM,2,0,0,36.150540,-86.767850,2ND AVS,,,,0.00,,,LAFAYETTE ST,,,,0.00,Y,Four-Way,N,Intersection,None,,,         ,Luis,De Los Santos,Clear,Front to Rear,no,no,no,no,no,False
101540706,METROPOLITAN NASHVILLE POLICE DEPT,20170101443,Davidson,Nashville,2/1/2017 4:50:00 AM,3,0,0,36.157670,-86.760420,I 24,,,,0.00,,,,,,,49.60,N,Not at Intersection,N,Non-Junction,None,,,         ,John,Anderson,Clear,Front to Rear,no,no,no,no,no,False
101540761,METROPOLITAN NASHVILLE POLICE DEPT,20170101705,Davidson,Nashville,2/1/2017 7:15:00 AM,1,1,0,36.055680,-86.651640,RURAL HILL RD,,,,757.00,Feet,West,TOOK DR,,,,0.00,N,Not at Intersection,N,Non-Junction,None,,,         ,Thomas,White,Clear,Not Collision with Motor Vehicle in Transport,no,no,no,no,no,False
101540762,METROPOLITAN NASHVILLE POLICE DEPT,20170101652,Davidson,Nashville,2/1/2017 6:50:00 AM,2,0,0,36.193760,-86.752890,ELLINGTON PKWYS,,,,146.00,Feet,North,ELLINGTON PKWY S EXT RAMP,,,,0.00,N,Not at Intersection, ,Non-Junction,None,,,         ,Steven,Spillers,Clear,Front to Rear,no,no,no,no,no,False
101540763,METROPOLITAN NASHVILLE POLICE DEPT,20170101788,Davidson,Nashville,2/1/2017 7:50:00 AM,2,0,0,36.151810,-86.797090,19TH AVS,,,,205.00,Feet,South,WEST END AV,,,,0.00,N,Not at Intersection, ,Non-Junction,None,,,         ,Nathan,Kemp,Clear,Front to Rear,no,no,no,no,no,False
101540766,METROPOLITAN NASHVILLE POLICE DEPT,20170101694,Davidson,Nashville,2/1/2017 7:30:00 AM,2,0,0,36.095850,-86.878680,HARDING PKE,,,,188.00,Feet,West,WESTMINSTER PL,,,,0.00,N,Not at Intersection,N,Non-Junction,None,,,         ,Curtis,Rich,Clear,Front to Rear,no,no,no,no,yes,False
101540768,GOODLETTSVILLE POLICE DEPT,17-04317,Davidson,Goodlettsville,2/1/2017 6:45:00 AM,2,0,0,36.312190,-86.677240,VIETNAM VETERANS BLVDS,,,,1.03,Miles,East,CONFERENCE DR,,,,0.00,N,Not at Intersection,N,Non-Junction,None,,,         ,George,Forbes,Clear,Front to Rear,no,no,no,no,no,False
101540771,METROPOLITAN NASHVILLE POLICE DEPT,2017-0101651,Davidson,Antioch,2/1/2017 6:36:00 AM,2,0,0,36.063209,-86.607245,MT VIEW,RD,,,281.00,Feet,North,HAMILTON CHURCH,RD,,,0.00,N,Not at Intersection,N,Non-Junction,None,,,         ,William,Whitworth,Clear,Front to Rear,no,no,no,no,no,False
101540773,METROPOLITAN NASHVILLE POLICE DEPT,20170101733,Davidson,Nashville,2/1/2017 7:45:00 AM,4,0,0,36.095850,-86.878680,HARDING PKE,,,,188.00,Feet,West,WESTMINSTER PL,,,,0.00,N,Not at Intersection, ,Non-Junction,None,,,         ,Curtis,Rich,Clear,Front to Rear,no,no,no,no,yes,False
101540779,METROPOLITAN NASHVILLE POLICE DEPT,20170101926,Davidson,Nashville,2/1/2017 8:30:00 AM,2,1,0,36.115880,-86.784660,I 440,,,,0.00,,,,,,,4.30,N,Not at Intersection,N,Non-Junction,None,,,         ,Nathan,Kemp,Clear,Front to Rear,no,no,no,no,no,False
101540802,GOODLETTSVILLE POLICE DEPT,17-04322,Davidson,Goodlettsville,2/1/2017 8:05:00 AM,2,0,0,36.327570,-86.714450,N MAIN ST,,,,198.00,Feet,South,LINDBERG AV,,,,0.00,N,Not at Intersection, ,Non-Junction,None,,,         ,Jeremy,Baker,Clear,"Sideswipe, Same Direction",no,no,no,no,no,False
101540804,METROPOLITAN NASHVILLE POLICE DEPT,2017-0101606,Davidson,Nashville,2/1/2017 6:20:00 AM,2,0,0,36.141810,-86.713590,I 40,,,,0.00,,,,,,,214.00,N,Not at Intersection, ,Non-Junction,None,,,         ,Michael,Baker,Cloudy,Front to Rear,no,no,no,no,no,False
101540814,GOODLETTSVILLE POLICE DEPT,17-04319,Davidson,Goodlettsville,2/1/2017 7:05:00 AM,2,0,0,36.305030,-86.705580,VIETNAM VETERANS,BLVD,SR386,,75.00,Feet,East,,,,,0.60,N,Not at Intersection, ,Entrance/Exit Ramp Related,None,,,         ,Jeremy,Baker,Clear,"Sideswipe, Same Direction",no,no,no,no,no,False
101540815,METROPOLITAN NASHVILLE POLICE DEPT,20170101726,Davidson,Nashville,2/1/2017 8:13:00 AM,2,0,0,36.040180,-86.649820,I 24,,,,0.00,,,,,,,60.00,N,Not at Intersection, ,Non-Junction,None,,,         ,Thomas,White,Clear,"Sideswipe, Same Direction",no,no,no,no,no,False
101540823,METROPOLITAN NASHVILLE POLICE DEPT,20170101962,Davidson,Nashville,2/1/2017 8:36:00 AM,2,0,0,36.132650,-86.727160,I 24,,,,0.00,,,,,,,52.00,N,Not at Intersection, ,,None,,,         ,David,Simmonds,,,no,no,no,no,no,False
101540826,METROPOLITAN NASHVILLE POLICE DEPT,20170101943,Davidson,Not in City Limit,2/1/2017 8:30:00 AM,2,0,0,36.263980,-86.689120,STATE RT 45,,,,188.00,Feet,West,MYATT DR,,,,0.00,N,Not at Intersection, ,Non-Junction,None,,,         ,Michelle,Steidl,Clear,Front to Rear,no,no,no,no,no,False
101540829,METROPOLITAN NASHVILLE POLICE DEPT,2017-0101674,Davidson,Nashville,2/1/2017 6:15:00 AM,2,0,0,36.142000,-86.712440,I 40,,,,0.00,,,,,,,214.10,N,Not at Intersection, ,Non-Junction,None,,,         ,Michael,Baker,Cloudy,Front to Rear,no,no,no,no,no,False
101540841,METROPOLITAN NASHVILLE POLICE DEPT,20170101914,Davidson,Nashville,2/1/2017 7:30:00 AM,2,0,0,36.128130,-86.727550,I 24,,,,0.00,,,,,,,51.30,N,Not at Intersection, ,Non-Junction,None,,,         ,James,Thomas,Cloudy,Front to Rear,no,no,no,no,no,False
101540844,METROPOLITAN NASHVILLE POLICE DEPT,20170101765,Davidson,Nashville,2/1/2017 7:45:00 AM,2,0,0,36.225230,-86.774440,I 65,,,,0.00,,,,,,,88.60,N,Not at Intersection, ,Non-Junction,None,,,         ,Brian,Otto,Clear,Front to Rear,no,no,no,no,no,False
101540849,METROPOLITAN NASHVILLE POLICE DEPT,20170101967,Davidson,Nashville,2/1/2017 8:35:00 AM,2,0,0,36.237400,-86.733970,BRILEY PKWYE,,,,463.00,Feet,East,BRILEY PKWY W EXT RAMP,,,,0.00,N,Not at Intersection, ,Non-Junction,None,,,         ,Jessie,Loy,Clear,"Sideswipe, Opposite Direction",no,no,no,no,no,False
101540850,METROPOLITAN NASHVILLE POLICE DEPT,20170101697,Davidson,Not in City Limit,2/1/2017 7:15:00 AM,2,0,0,36.317380,-86.835680,I 24,,,,0.00,,,,,,,37.00,N,Not at Intersection,N,Non-Junction,None,,,         ,Jonathon,Sheppard,Clear,Front to Rear,no,no,no,no,no,False
101540854,METROPOLITAN NASHVILLE POLICE DEPT,20170101765,Davidson,Nashville,2/1/2017 7:13:00 AM,2,1,0,36.237540,-86.780980,BRILEY PKWY E EXT RAMP,,,,0.00,Feet,,BRICK CHURCH PKE,,,,0.00,Y,T-Intersection,Y,Intersection,None,,,         ,Jack,Crouch,Clear,Angle,no,no,no,no,no,False
101540857,METROPOLITAN NASHVILLE POLICE DEPT,20170101818,Davidson,Nashville,2/1/2017 8:00:00 AM,2,0,0,36.144850,-86.711040,ELM HILL PKE,,,,0.00,,,MASSMAN DR,,,,0.00,Y,Four-Way,N,Intersection,None,,,         ,Wesley,Young,Clear,"Sideswipe, Same Direction",no,no,no,no,no,False
101540858,METROPOLITAN NASHVILLE POLICE DEPT,20170101976,Davidson,Nashville,2/1/2017 8:40:00 AM,2,0,0,36.136020,-86.724920,SPENCE LN,,,,93.00,Feet,North,MURFREESBORO PKE,,,,0.00,N,Not at Intersection, ,Non-Junction,None,,,         ,Wesley,Young,Clear,"Sideswipe, Same Direction",no,no,no,no,no,False
101540864,METROPOLITAN NASHVILLE POLICE DEPT,20170101772,Davidson,Nashville,2/1/2017 7:40:00 AM,3,1,0,36.136800,-86.821680,WEST END AV,,,,74.00,Feet,North,I440 E ENT RAMP,,,,0.00,N,Not at Intersection,N,Non-Junction,None,,,         ,Paul,Junkmann,Cloudy,Front to Rear,no,no,no,no,no,False
101540871,THP District 3 - Nashville,317005554,Davidson,Not in City Limit,1/30/2017 7:34:00 AM,2,2,0,36.330770,-86.899570,I 24,,,,0.00,,,,,,,33.10,N,Not at Intersection,N,Non-Junction,None,,,         ,Jeremy,Hoyt,Clear,Front to Rear,no,no,no,no,no,False
101540875,METROPOLITAN NASHVILLE POLICE DEPT,20170102131,Davidson,Nashville,2/1/2017 9:51:00 AM,2,0,0,36.167660,-86.663320,DONELSON PKE,,,,0.00,,,LEBANON PKE,,,,0.00,Y,T-Intersection, ,,None,,,         ,James,Curtis,,,no,no,no,no,no,False
101540876,METROPOLITAN NASHVILLE POLICE DEPT,20170101957,Davidson,Nashville,1/31/2017 12:00:00 AM,2,0,0,36.188440,-86.817910,DOWLAN ST,,,,115.00,Feet,East,26TH AVN,,,,0.00,N,Not at Intersection,N,Non-Junction,None,,,         ,Joshua,Baker,Unknown,Unknown,no,no,no,no,yes,False
101540883,METROPOLITAN NASHVILLE POLICE DEPT,20170101941,Davidson,Nashville,2/1/2017 8:35:00 AM,2,0,0,36.106530,-86.673810,MURFREESBORO PKE,,,,250.00,Feet,West,DONELSON PKE,,,,0.00,N,Not at Intersection, ,Non-Junction,None,,,         ,Terry,Denton,Clear,Front to Rear,no,no,no,no,no,False
101540886,METROPOLITAN NASHVILLE POLICE DEPT,20170102138,Davidson,Nashville,2/1/2017 9:45:00 AM,2,0,0,36.249390,-86.719410,E PALESTINE AV,,,,0.00,,,GALLATIN PKES,,,,0.00,Y,Four-Way, ,Intersection,None,,,         ,Brian,Otto,Clear,Angle,no,no,no,no,no,False
101540912,METROPOLITAN NASHVILLE POLICE DEPT,20170102146,Davidson,Nashville,2/1/2017 9:55:00 AM,2,0,0,36.154270,-86.848670,DELAWARE AV,,,,0.00,,,51ST AVN,,,,0.00,Y,Four-Way, ,Intersection,None,,,         ,Curtis,Rich,Cloudy,Other,no,no,no,no,no,False
101540913,METROPOLITAN NASHVILLE POLICE DEPT,20170102302,Davidson,Nashville,2/1/2017 10:22:00 AM,2,0,0,36.176910,-86.776000,SPRING ST,,,,53.00,Feet,East,COWAN ST,,,,0.00,N,Not at Intersection, ,,None,,,         ,Christian,Martin,,,no,no,no,no,no,False
101540915,METROPOLITAN NASHVILLE POLICE DEPT,20170102298,Davidson,Nashville,2/1/2017 10:35:00 AM,2,0,0,36.116570,-86.837230,WOODMONT BLVD,,,,185.00,Feet,East,WOODMONT HALL PL,,,,0.00,N,Not at Intersection, ,Non-Junction,None,,,         ,Paul,Junkmann,Cloudy,Front to Rear,no,no,no,no,no,False
101540920,METROPOLITAN NASHVILLE POLICE DEPT,20170102300,Davidson,Not in City Limit,2/1/2017 10:30:00 AM,2,0,0,36.044550,-86.955720,HIGHWAY 100,,,,154.00,Feet,East,OLD HARDING PKE,,,,0.00,N,Not at Intersection, ,Non-Junction,None,,,         ,Wesley,Tilley,Clear,Angle,no,no,no,yes,yes,False