master_record_number,agency,agency_tracking_number,county,city,collision_date,vehicles_involved,number_injured,number_dead,latitude,longitude,roadway_name,roadway_suffix,roadway_number,roadway_local_id,distance_from_reference,miles-feet_indicator,direction_from_reference,intersection_road_name,intersection_road_name_suffix,intersection_road_number,intersection_local_id,mile_marker,intersection_indicator,intersect_type,interchange_related_indicator,relation_to_junction,work_zone_type,construction_maintenance_zone,construction_maintenance_zone_location,fatal_case_number,officer_first_name,officer_last_name,weather_condition(s),manner_of_crash,pedestrian,bicycle,scooter,parking,hitrun,mou
101540926,METROPOLITAN NASHVILLE POLICE DEPT,17-0102099,Davidson,Nashville,2/1/2017 8:15:00 AM,2,0,0,36.157440,-86.770530,HERMITAGE AV,,,,0.00,,,PEABODY ST,,,,0.00,Y,OTHER,N,Non-Junction,None,,,         ,Frank,Campbell,Cloudy,Other,no,no,no,no,yes,False
101540931,METROPOLITAN NASHVILLE POLICE DEPT,20170102429,Davidson,Nashville,2/1/2017 11:28:00 AM,3,0,0,36.137460,-86.794280,MAGNOLIA BLVD,,,,14.00,Feet,South,16TH AVS,,,,0.00,N,Not at Intersection, ,Non-Junction,None,,,         ,Nathan,Kemp,Clear,Front to Rear,no,no,no,no,no,False
101540941,METROPOLITAN NASHVILLE POLICE DEPT,20170101761,Davidson,Nashville,2/1/2017 7:43:00 AM,3,2,0,36.030440,-86.638230,I 24,,,,0.00,,,,,,,61.00,N,Not at Intersection,N,Non-Junction,None,,,         ,Randall,Combs,Clear,Front to Rear,no,no,no,no,yes,False
101540967,METROPOLITAN NASHVILLE POLICE DEPT,20170102469,Davidson,Nashville,2/1/2017 11:40:00 AM,2,0,0,36.167560,-86.662960,LEBANON PKE,,,,116.00,Feet,East,DONELSON PKE,,,,0.00,N,Not at Intersection, ,Non-Junction,None,,,         ,Wesley,Young,Clear,Front to Rear,no,no,no,no,no,False
101540988,METROPOLITAN NASHVILLE POLICE DEPT,20170102402,Davidson,Nashville,2/1/2017 11:19:00 AM,2,0,0,36.193270,-86.744070,GALLATIN AV,,,,145.00,Feet,South,STRAIGHTWAY AV,,,,0.00,N,Not at Intersection, ,Non-Junction,None,,,         ,Tony,Folad,Cloudy,Angle,no,no,no,no,no,False
101540991,METROPOLITAN NASHVILLE POLICE DEPT,20170101668,Davidson,Nashville,2/1/2017 7:18:00 AM,2,0,0,36.236990,-86.728970,BRILEY PKWYW,,,,532.00,Feet,West,QUAIL CREEK CONDOMINIUMS PVTDR,,,,0.00,N,Not at Intersection,N,Non-Junction,None,,,         ,Faye,Denson,Clear,Angle,no,no,no,no,no,False
101541042,METROPOLITAN NASHVILLE POLICE DEPT,20170102359,Davidson,Goodlettsville,2/1/2017 10:31:00 AM,2,0,0,36.302750,-86.691850,RIVERGATE MARKETPLACE PVTDR,,,,0.00,,,GALLATIN PKEN,,,,0.00,Y,Four-Way,Y,Intersection,None,,,         ,Brandon,Wood,Clear,Front to Rear,no,no,no,no,yes,False
101541043,METROPOLITAN NASHVILLE POLICE DEPT,20170102788,Davidson,Nashville,2/1/2017 1:17:00 PM,2,0,0,36.152760,-86.787480,I 40,,,,0.00,,,,,,,209.40,N,Not at Intersection, ,Non-Junction,None,,,         ,Nathan,Kemp,Clear,"Sideswipe, Same Direction",no,no,no,no,no,False
101541047,METROPOLITAN NASHVILLE POLICE DEPT,20170102455,Davidson,Nashville,2/1/2017 11:34:00 AM,2,1,0,36.177680,-86.752750,MAIN ST,,,,0.00,,,FINN ST,,,,0.00,Y,T-Intersection,N,Non-Junction,None,,,         ,Alex,Moore,Clear,Angle,no,no,no,no,no,False
101541052,METROPOLITAN NASHVILLE POLICE DEPT,20170102532,Davidson,Nashville,2/1/2017 11:54:00 AM,2,0,0,36.121370,-86.775450,FRANKLIN PKE,,,,0.00,,,KIRKWOOD AV,,,,0.00,Y,T-Intersection, ,Intersection-Related,None,,,         ,Phillip,Murphy,Clear,"Sideswipe, Same Direction",no,no,no,no,no,False
101541053,METROPOLITAN NASHVILLE POLICE DEPT,20170102693,Davidson,Nashville,2/1/2017 12:56:00 PM,2,1,0,36.169550,-86.678360,LEBANON PKE,,,,459.00,Feet,East,MCGAVOCK PKE,,,,0.00,N,Not at Intersection,N,Non-Junction,None,,,         ,Wesley,Young,Clear,HeadOn,no,no,no,no,no,False
101541054,METROPOLITAN NASHVILLE POLICE DEPT,20170102623,Davidson,Nashville,2/1/2017 12:31:00 PM,2,0,0,36.128470,-86.713400,MURFREESBORO PKE,,,,157.00,Feet,North,PHILFRE CT,,,,0.00,N,Not at Intersection, ,Non-Junction,None,,,         ,James,Curtis,Clear,Angle,no,no,no,no,no,False
101541055,METROPOLITAN NASHVILLE POLICE DEPT,20170101807,Davidson,Nashville,2/1/2017 7:58:00 AM,2,0,0,36.238290,-86.739980,BRILEY PKWYE,,,,295.00,Feet,East,BRILEY PKWYW,,,,0.00,N,Not at Intersection, ,Non-Junction,None,,,         ,Kevin,Coleman,Clear,"Sideswipe, Same Direction",no,no,no,no,yes,False
101541073,METROPOLITAN NASHVILLE POLICE DEPT,20170097700,Davidson,Nashville,1/31/2017 7:30:00 AM,3,0,0,36.135580,-86.726890,I24E,,,,391.00,Feet,South,I24 W ENT RAMP,,,,0.00,N,Not at Intersection, ,Entrance/Exit Ramp Related,None,,,         ,Carey,Steel,Clear,Front to Rear,no,no,no,no,no,False
101541091,METROPOLITAN NASHVILLE POLICE DEPT,20170102863,Davidson,Nashville,2/1/2017 1:46:00 PM,2,0,0,36.175210,-86.755890,WOODLAND ST,,,,241.00,Feet,East,S 9TH ST,,,,0.00,N,Not at Intersection, ,Non-Junction,None,,,         ,David,Boone,Cloudy,Front to Rear,no,no,no,no,no,False
101541095,METROPOLITAN NASHVILLE POLICE DEPT,20170102712,Davidson,Nashville,2/1/2017 1:04:00 PM,2,5,0,36.221240,-86.761840,DICKERSON PKE,,,,0.00,,,PINE RIDGE DR,,,,0.00,Y,T-Intersection,N,Intersection,None,,,         ,Alex,Moore,Clear,Angle,no,no,no,no,no,False
101541113,METROPOLITAN NASHVILLE POLICE DEPT,20170102702,Davidson,Nashville,2/1/2017 1:00:00 PM,1,0,0,36.128220,-86.695540,BRILEY PKWY,,,,86.00,Feet,North,KENTON PL,,,,0.00,N,Not at Intersection,N,Non-Junction,None,,,         ,Larry,Benz,Clear,Not Collision with Motor Vehicle in Transport,no,no,no,no,no,False
101541151,METROPOLITAN NASHVILLE POLICE DEPT,20170102975,Davidson,Nashville,2/1/2017 2:32:00 PM,2,0,0,36.138340,-86.796710,18TH AVS,,,,287.00,Feet,South,CAPERS AV,,,,0.00,N,Not at Intersection,N,Non-Junction,None,,,         ,Phillip,Murphy,Clear,"Sideswipe, Same Direction",no,no,no,no,yes,Campus
101541152,METROPOLITAN NASHVILLE POLICE DEPT,20170102987,Davidson,Nashville,2/1/2017 2:43:00 PM,2,0,0,36.183880,-86.610520,ANDREW JACKSON PKWY,,,,90.00,Feet,North,OLD HICKORY BLVD,,,,0.00,N,Not at Intersection,N,Non-Junction,None,,,         ,Wesley,Young,Cloudy,Front to Rear,no,no,no,no,no,False
101541166,METROPOLITAN NASHVILLE POLICE DEPT,20170103004,Davidson,Nashville,2/1/2017 1:00:00 PM,2,0,0,36.168760,-86.685060,LEBANON PKE,,,,89.00,Feet,East,THE CROSSINGS PVTDR,,,,0.00,N,Not at Intersection, ,,None,,,         ,John,Kelley,,,no,no,no,no,no,False
101541184,METROPOLITAN NASHVILLE POLICE DEPT,20170103087,Davidson,Nashville,2/1/2017 3:17:00 PM,2,0,0,36.216140,-86.790300,COMBS DR,,,,0.00,,,SILAS DR,,,,0.00,Y,T-Intersection, ,Non-Junction,None,,,         ,Michael,Brooks,Cloudy,"Sideswipe, Opposite Direction",no,no,no,no,no,False
101541189,METROPOLITAN NASHVILLE POLICE DEPT,20170102999,Davidson,Nashville,2/1/2017 2:51:00 PM,2,0,0,36.140930,-86.778580,8TH AVS,,,,65.00,Feet,North,VERNON AV,,,,0.00,N,Not at Intersection, ,Non-Junction,None,,,         ,Charles,Griffin,Cloudy,Front to Rear,no,no,no,no,no,False
101541201,METROPOLITAN NASHVILLE POLICE DEPT,20170103182,Davidson,Nashville,2/1/2017 3:49:00 PM,2,0,0,36.173080,-86.769760,I 24,,,,0.00,,,,,,,48.20,N,Not at Intersection, ,,None,,,         ,Derek,Betty,,,no,no,no,no,no,False
101541203,METROPOLITAN NASHVILLE POLICE DEPT,20170103029,Davidson,Nashville,2/1/2017 1:25:00 PM,2,0,0,36.107670,-86.768700,I 65,,,,0.00,,,,,,,79.55,N,Not at Intersection,N,Non-Junction,None,,,         ,Brandon,Hughes,Clear,"Sideswipe, Same Direction",no,no,no,no,yes,False
101541208,METROPOLITAN NASHVILLE POLICE DEPT,20170103115,Davidson,Nashville,2/1/2017 3:31:00 PM,3,0,0,36.205930,-86.769130,W TRINITY LN,,,,155.00,Feet,West,E TRINITY LN,,,,0.00,N,Not at Intersection, ,Non-Junction,None,,,         ,Christopher,Valdez,Cloudy,Angle,no,no,no,no,no,False
101541213,METROPOLITAN NASHVILLE POLICE DEPT,20170102648,Davidson,Nashville,2/1/2017 12:43:00 PM,2,2,0,36.150740,-86.742880,FESSLERS LN,,,,294.00,Feet,North,FESSLERS LN PVTDR,,,,0.00,N,Not at Intersection,N,Non-Junction,None,,,         ,Jason,Smith,Clear,"Sideswipe, Same Direction",no,no,no,no,no,False
101541220,METROPOLITAN NASHVILLE POLICE DEPT,20170103078,Davidson,Madison,2/1/2017 3:15:00 PM,2,0,0,0.000000,0.000000,S. GALLATIN PIKE,,,,0.10,Miles,South,S. GALLATIN,PIKE,,,0.00,N,Not at Intersection,N,Non-Junction,None,,,         ,Edward,Draves,Clear,Other,no,no,no,yes,yes,False
101541233,METROPOLITAN NASHVILLE POLICE DEPT,20170103317,Davidson,Nashville,2/1/2017 4:28:00 PM,2,0,0,36.141990,-86.677970,I 40,,,,0.00,,,,,,,216.00,N,Not at Intersection, ,Non-Junction,None,,,         ,Jaby,Djabbarov,Clear,Front to Rear,no,no,no,no,no,False
101541235,METROPOLITAN NASHVILLE POLICE DEPT,20170103340,Davidson,Nashville,2/1/2017 12:00:00 AM,2,1,0,36.145070,-86.696070,BRILEY PKWYN,,,,77.00,Feet,West,I40 W ENT RAMP,,,,0.00,N,Not at Intersection,N,Non-Junction,None,,,         ,Craig,Gentry,Clear,"Sideswipe, Same Direction",no,no,no,no,no,False
101541244,METROPOLITAN NASHVILLE POLICE DEPT,20170103341,Davidson,Nashville,2/1/2017 4:37:00 PM,2,0,0,36.164570,-86.776910,CHURCH ST,,,,0.00,,,2ND AVN,,,,0.00,Y,Four-Way, ,,None,,,         ,Derek,Betty,,,no,no,no,no,no,False
101541255,METROPOLITAN NASHVILLE POLICE DEPT,20170103455,Davidson,Nashville,2/1/2017 4:27:00 PM,2,0,0,36.157060,-86.793410,CHURCH ST,,,,0.00,,,MCMILLIN ST,,,,0.00,Y,T-Intersection, ,Intersection,None,,,         ,Charles,Griffin,Cloudy,Angle,no,no,no,no,yes,False
101541267,METROPOLITAN NASHVILLE POLICE DEPT,20170103052,Davidson,Nashville,2/1/2017 3:10:00 PM,2,0,0,36.115920,-86.798620,BATTLEFIELD DR,,,,0.00,,,BELMONT BLVD,,,,0.00,Y,Four-Way,N,Non-Junction,None,,,         ,Nicholas,Berens,Clear,Angle,no,no,no,no,no,False
101541268,METROPOLITAN NASHVILLE POLICE DEPT,20170103471,Davidson,Nashville,2/1/2017 5:22:00 PM,2,0,0,36.166000,-86.764360,I 24,,,,0.00,,,,,,,49.00,N,Not at Intersection, ,Non-Junction,None,,,         ,Cressie,Prill,Clear,Front to Rear,no,no,no,no,no,False
101541269,METROPOLITAN NASHVILLE POLICE DEPT,20170103511,Davidson,Nashville,2/1/2017 5:30:00 PM,2,0,0,36.155670,-86.767540,MIDDLETON ST,,,,179.00,Feet,West,HERMITAGE AV,,,,0.00,N,Not at Intersection, ,Non-Junction,None,,,         ,Brian,Woodard,Cloudy,Other,no,no,no,no,no,False
101541276,METROPOLITAN NASHVILLE POLICE DEPT,20170103048,Davidson,Nashville,2/1/2017 3:14:00 PM,2,0,0,36.110370,-86.705600,FINLEY DR,,,,191.00,Feet,West,GLENPARK DR,,,,0.00,N,Not at Intersection,N,Non-Junction,None,,,         ,Alyson,Cook,Clear,Front to Rear,no,no,no,no,no,False
101541282,METROPOLITAN NASHVILLE POLICE DEPT,20170103531,Davidson,Nashville,2/1/2017 5:44:00 PM,2,1,0,36.167200,-86.765150,I 24,,,,0.00,,,,,,,48.90,N,Not at Intersection,N,Non-Junction,None,,,         ,Steven,Frazier Jr.,Clear,Front to Rear,no,no,no,no,no,False
101541289,METROPOLITAN NASHVILLE POLICE DEPT,20170103176,Davidson,Nashville,2/1/2017 3:40:00 PM,2,0,0,36.047360,-86.662760,I 24,,,,0.00,,,,,,,59.15,N,Not at Intersection, ,Non-Junction,None,,,         ,Alyson,Cook,Clear,Front to Rear,no,no,no,no,no,False
101541299,METROPOLITAN NASHVILLE POLICE DEPT,20170102662,Davidson,Antioch,2/1/2017 1:13:00 PM,1,0,0,36.049650,-86.602880,PIN HOOK RD,,,,858.00,Feet,West,HOBSON PKE,,,,0.00,N,Not at Intersection,N,Non-Junction,None,,,         ,Jessie,Meadows,Clear,Not Collision with Motor Vehicle in Transport,no,no,no,no,no,False
101541300,METROPOLITAN NASHVILLE POLICE DEPT,20170103089,Davidson,Antioch,2/1/2017 3:22:00 PM,2,3,0,36.045070,-86.608900,MURFREESBORO PKE,,,,87.00,Feet,South,MOUNTAIN SPRINGS RD,,,,0.00,N,Not at Intersection,N,Non-Junction,None,,,         ,Jessie,Meadows,Clear,"Sideswipe, Same Direction",no,no,no,no,no,False
101541301,METROPOLITAN NASHVILLE POLICE DEPT,20170103319,Davidson,Nashville,2/1/2017 5:10:00 PM,2,0,0,36.083540,-86.707820,HARDING PL,,,,307.00,Feet,West,LARGO DR,,,,0.00,N,Not at Intersection,N,Non-Junction,None,,,         ,Jessie,Meadows,Clear,Front to Rear,no,no,no,no,no,False
101541302,METROPOLITAN NASHVILLE POLICE DEPT,20170103484,Davidson,Antioch,2/1/2017 6:09:00 PM,1,1,0,36.051460,-86.599570,HOBSON PKE,,,,485.00,Feet,South,LAKEWALK DR,,,,0.00,N,Not at Intersection,N,Non-Junction,None,,,         ,Jessie,Meadows,Clear,Not Collision with Motor Vehicle in Transport,no,no,no,no,no,False
101541307,METROPOLITAN NASHVILLE POLICE DEPT,20170103598,Davidson,Nashville,2/1/2017 6:08:00 PM,2,1,0,36.078970,-86.728180,HARDING PL,,,,597.00,Feet,West,COVENTRY DR,,,,0.00,N,Not at Intersection,N,Non-Junction,None,,,         ,Miguel,Garcia,Clear,Front to Rear,no,no,no,no,no,False
101541308,METROPOLITAN NASHVILLE POLICE DEPT,20170103160,Davidson,Nashville,2/1/2017 3:21:00 PM,2,0,0,36.135350,-86.785910,WEDGEWOOD AV,,,,0.00,,,WAVERLY AV,,,,0.00,Y,T-Intersection, ,Intersection,None,,,         ,Charles,Griffin,Cloudy,Angle,no,no,no,no,no,False
101541312,METROPOLITAN NASHVILLE POLICE DEPT,20170103618,Davidson,Nashville,2/1/2017 5:36:00 PM,2,0,0,36.110520,-86.740360,THOMPSON LN,,,,111.00,Feet,East,SIMMONS AV,,,,0.00,N,Not at Intersection, ,Non-Junction,None,,,         ,Benjamin,Froehlich,Clear,"Sideswipe, Same Direction",no,no,no,no,no,False
101541314,METROPOLITAN NASHVILLE POLICE DEPT,20170103593,Davidson,Nashville,2/1/2017 5:51:00 PM,2,1,0,36.090320,-86.650720,MURFREESBORO PKE,,,,260.00,Feet,South,BOROWOOD DR,,,,0.00,N,Not at Intersection,N,Non-Junction,None,,,         ,Jaby,Djabbarov,Clear,"Sideswipe, Same Direction",no,no,no,no,no,False
101541318,METROPOLITAN NASHVILLE POLICE DEPT,20170103662,Davidson,Nashville,2/1/2017 6:19:00 PM,2,0,0,36.114180,-86.724420,I 24,,,,0.00,,,,,,,53.35,N,Not at Intersection, ,Non-Junction,None,,,         ,Brandon,Vance,Clear,"Sideswipe, Same Direction",no,no,no,no,no,False
101541332,METROPOLITAN NASHVILLE POLICE DEPT,20170103485,Davidson,Nashville,2/1/2017 5:24:00 PM,3,0,0,36.158830,-86.818330,CLIFTON AV,,,,0.00,,,,,,,0.00,,,N,Non-Junction,None,,,         ,Michael,Brooks,Clear,"Sideswipe, Opposite Direction",no,no,no,yes,yes,False
101541333,METROPOLITAN NASHVILLE POLICE DEPT,20170103600,Davidson,Nashville,2/1/2017 5:42:00 PM,2,0,0,36.227110,-86.835770,CLARKSVILLE PKE,,,,0.00,,,BRILEY PKWY E ENT RAMP,,,,0.00,Y,OTHER,N,Intersection,None,,,         ,Michael,Brooks,Clear,Not Collision with Motor Vehicle in Transport,no,no,no,no,no,False
101541334,METROPOLITAN NASHVILLE POLICE DEPT,20170103367,Davidson,Nashville,2/1/2017 4:49:00 PM,2,0,0,36.188390,-86.746350,GALLATIN AV,,,,30.00,Feet,North,GRANADA AV,,,,0.00,N,Not at Intersection, ,Non-Junction,None,,,         ,Ian,Swander,Cloudy,Angle,no,no,no,no,no,False
101541343,BERRY HILL POLICE DEPT,17-0365,Davidson,Berry Hill,1/31/2017 12:00:00 AM,2,0,0,36.124760,-86.776600,FRANKLIN PKE,,,,80.00,Feet,South,INVERNESS AV,,,,0.00,N,Not at Intersection, ,Non-Junction,None,,,         ,John,Gleixner,Clear,Front to Rear,no,no,no,no,no,False
101541344,METROPOLITAN NASHVILLE POLICE DEPT,20170103659,Davidson,Nashville,2/1/2017 6:28:00 PM,2,0,0,36.102770,-86.838330,ESTES RD,,,,93.00,Feet,South,HOBBS RD,,,,0.00,N,Not at Intersection, ,,None,,,         ,Walter,Gray II,,,no,no,no,no,no,False
101541345,METROPOLITAN NASHVILLE POLICE DEPT,20170103575,Davidson,Nashville,2/1/2017 12:00:00 AM,2,0,0,36.141540,-86.715260,I 40,,,,0.00,,,,,,,213.90,N,Not at Intersection,N,Non-Junction,None,,,         ,Craig,Gentry,Clear,"Sideswipe, Same Direction",no,no,no,no,yes,False
101541352,METROPOLITAN NASHVILLE POLICE DEPT,20170103768,Davidson,Nashville,2/1/2017 7:19:00 PM,2,0,0,36.074480,-86.920940,OLD HICKORY BLVD,,,,0.00,,,HIGHWAY 70S,,,,0.00,Y,Four-Way, ,Non-Junction,None,,,         ,Brandon,Pedigo,Clear,Front to Rear,no,no,no,no,no,False
101541353,METROPOLITAN NASHVILLE POLICE DEPT,20170103628,Davidson,Nashville,2/1/2017 5:55:00 PM,2,0,0,36.078060,-86.837700,HILLSBORO PKE,,,,334.00,Feet,South,TYNE BLVD,,,,0.00,N,Not at Intersection, ,Non-Junction,None,,,         ,Charles,Griffin,Clear,Front to Rear,no,no,no,no,no,False
101541355,METROPOLITAN NASHVILLE POLICE DEPT,20170103443,Davidson,Nashville,2/1/2017 5:04:00 PM,5,3,0,36.125880,-86.728290,I 24,,,,0.00,,,,,,,51.45,N,Not at Intersection,N,Non-Junction,None,,,         ,Alyson,Cook,Clear,Front to Rear,no,no,no,no,yes,False
101541361,METROPOLITAN NASHVILLE POLICE DEPT,20170103441,Davidson,Nashville,2/1/2017 5:14:00 PM,2,0,0,36.138790,-86.726940,I 24,,,,0.00,,,,,,,52.40,N,Not at Intersection,N,Non-Junction,None,,,         ,Alyson,Cook,Clear,Front to Rear,no,no,no,no,yes,False
101541366,BELLE MEADE POLICE DEPT,17-0029,Davidson,Belle Meade,2/1/2017 6:18:00 PM,2,0,0,36.122310,-86.851320,HARDING PKE,,,,0.00,Feet,,LYNNWOOD BLVD,,,,0.00,Y,Four-Way, ,Intersection-Related,None,,,         ,Wes,Bowker,Clear,Front to Rear,no,no,no,no,no,False
101541367,METROPOLITAN NASHVILLE POLICE DEPT,20170103811,Davidson,Not in City Limit,2/1/2017 7:34:00 PM,2,0,0,36.273300,-86.753560,DICKERSON PKE,,,,891.00,Feet,East,YOEST DR,,,,0.00,N,Not at Intersection,N,Non-Junction,None,,,         ,Jonathan,Hadley,Clear,Angle,no,no,no,no,yes,False
101541368,METROPOLITAN NASHVILLE POLICE DEPT,20170103696,Davidson,Nashville,2/1/2017 6:54:00 PM,2,1,0,36.115180,-86.724660,I 24,,,,0.00,,,,,,,53.30,N,Not at Intersection,N,Non-Junction,None,,,         ,Alyson,Cook,Clear,"Sideswipe, Same Direction",no,no,no,no,no,False
101541369,METROPOLITAN NASHVILLE POLICE DEPT,20170103776,Davidson,Nashville,2/1/2017 7:20:00 PM,2,0,0,36.100690,-86.711950,I 24,,,,0.00,,,,,,,54.50,N,Not at Intersection, ,Non-Junction,None,,,         ,Andrew,Swint,Clear,"Sideswipe, Same Direction",no,no,no,no,no,False
101541386,METROPOLITAN NASHVILLE POLICE DEPT,20170103777,Davidson,Nashville,2/1/2017 6:04:00 PM,2,0,0,36.121360,-86.786800,PARIS AV,,,,66.00,Feet,West,10TH AVS,,,,0.00,N,Not at Intersection, ,,None,,,         ,Charles,Griffin,,,no,no,no,no,no,False
101541397,Nashville Airport Police,2017-00343,Davidson,Nashville,2/1/2017 1:30:00 PM,2,0,0,36.136650,-86.667040,TERMINAL DR,,,,0.00,,,,,,,0.00,,,N,Non-Junction,None,,,         ,Joseph,Harrell,Clear,Front to Rear,no,no,no,yes,yes,False
101541408,METROPOLITAN NASHVILLE POLICE DEPT,20170103642,Davidson,Nashville,2/1/2017 6:26:00 PM,3,1,0,36.192320,-86.616300,OLD HICKORY BLVD,,,,0.00,,,JUAREZ DR,,,,0.00,Y,Four-Way,N,Intersection,None,,,         ,Codey,Mullins,Clear,Other,no,no,no,no,no,False
101541421,METROPOLITAN NASHVILLE POLICE DEPT,20170103836,Davidson,Nashville,2/1/2017 7:40:00 PM,2,2,0,36.148850,-86.804560,WEST END AV,,,,0.00,,,23RD AVN,,,,0.00,Y,Four-Way,N,Intersection,None,,,         ,Eric,Burford,Clear,HeadOn,no,no,no,no,no,Campus
101541479,METROPOLITAN NASHVILLE POLICE DEPT,20170104136,Davidson,Nashville,2/1/2017 9:24:00 PM,2,1,0,36.047300,-86.862740,OLD HICKORY BLVD,,,,0.00,,,HILLSBORO PKE,,,,0.00,Y,Four-Way,N,Intersection,None,,,         ,Charles,Griffin,Clear,Front to Rear,no,no,no,no,no,False
101541482,VANDERBILT UNIVERSITY POLICE,17-0104135,Davidson,Nashville,2/1/2017 6:35:00 PM,1,0,0,36.134680,-86.806550,FAIRFAX AV,,,,400.00,Feet,West,24TH AVS,,,,0.00,N,Not at Intersection, ,,None,,,         ,Cedric,Edwards,,,no,no,no,yes,no,Campus
101541501,METROPOLITAN NASHVILLE POLICE DEPT,20170104305,Davidson,Nashville,2/1/2017 9:26:00 PM,1,0,0,36.174700,-86.803370,UNDERWOOD ST,,,,0.00,,,14TH AVN,,,,0.00,Y,T-Intersection,N,Intersection,None,,,         ,Kevin,Frei,Clear,Not Collision with Motor Vehicle in Transport,no,no,no,no,yes,False
101541548,METROPOLITAN NASHVILLE POLICE DEPT,20170104614,Davidson,Nashville,2/2/2017 12:02:00 AM,2,0,0,36.144930,-86.766660,4TH AVS,,,,0.00,,,CHESTNUT ST,,,,0.00,Y,Four-Way,N,Intersection,None,,,         ,Eric,Westbrook,Clear,Angle,no,no,no,no,no,False
101541562,METROPOLITAN NASHVILLE POLICE DEPT,20170104357,Davidson,Nashville,2/1/2017 10:06:00 PM,2,0,0,36.153940,-86.857790,ROBERTSON AV,,,,52.00,Feet,West,BRILEY PKWY S EXT RAMP,,,,0.00,N,Not at Intersection,Y,Unknown,None,,,         ,Aaron,Wigginton,Clear,Front to Rear,no,no,no,no,no,False
101541566,METROPOLITAN NASHVILLE POLICE DEPT,20170104416,Davidson,Nashville,2/1/2017 10:45:00 PM,2,0,0,36.206600,-86.765410,PRINCE AV,,,,649.00,Feet,West,SULTANA AV,,,,0.00,N,Not at Intersection,N,Non-Junction,None,,,         ,Jesse,Cox,Cloudy,Front to Rear,no,no,no,yes,yes,False
101541567,METROPOLITAN NASHVILLE POLICE DEPT,20170104787,Davidson,Not in City Limit,2/2/2017 1:00:00 AM,2,0,0,36.070990,-86.941120,BELLEVUE RD,,,,72.00,Feet,South,CREEKSIDE MANOR PVTDR,,,,0.00,N,Not at Intersection, ,"Driveway, Alley Access, etc",None,,,         ,Edward,Holden,Clear,Not Collision with Motor Vehicle in Transport,no,no,no,yes,yes,False
101541611,METROPOLITAN NASHVILLE POLICE DEPT,20170105354,Davidson,Nashville,2/2/2017 5:45:00 AM,1,0,0,36.140140,-86.722980,I 40,,,,0.00,,,,,,,213.50,N,Not at Intersection, ,Non-Junction,None,,,         ,Jason,Hogan,Clear,Not Collision with Motor Vehicle in Transport,no,no,no,no,no,False
101541624,BERRY HILL POLICE DEPT,17-0369,Davidson,Berry Hill,2/1/2017 9:16:00 AM,1,0,0,36.125190,-86.764800,ROSEDALE AV,,,,44.00,Feet,South,FAIRGROUND CT,,,,0.00,N,Not at Intersection, ,,None,,,         ,Ronnie,Hill,,,no,no,no,yes,no,False
101541676,METROPOLITAN NASHVILLE POLICE DEPT,20170105375,Davidson,Not in City Limit,2/2/2017 6:13:00 AM,2,0,0,36.263620,-86.717230,OLD HICKORY BLVDW,,,,162.00,Feet,East,GIBSON DR,,,,0.00,N,Not at Intersection, ,Non-Junction,None,,,         ,Armonty,Houston,Clear,Angle,no,no,no,no,no,False
101541683,THP District 3 - Nashville,317006093,Davidson,Not in City Limit,2/1/2017 6:20:00 PM,2,0,0,36.345130,-86.926370,I 24,,,,0.00,,,,,,,31.40,N,Not at Intersection, ,AccelDecelLane,None,,,         ,Randall retired,Cole retired,Cloudy,"Sideswipe, Same Direction",no,no,no,no,no,False
101541695,METROPOLITAN NASHVILLE POLICE DEPT,2017-0105392,Davidson,Not in City Limit,2/2/2017 6:26:00 AM,2,1,0,36.011195,-86.609210,FIRESTONE,PKWY,,,0.00,,,J.P. HENNESSY,DR,,,0.00,Y,T-Intersection,N,Intersection,None,,,         ,William,Whitworth,Cloudy,Front to Rear,no,no,no,no,no,False
101541702,METROPOLITAN NASHVILLE POLICE DEPT,20170105466,Davidson,Nashville,2/2/2017 7:21:00 AM,2,0,0,36.082000,-86.761430,HARDING PL,,,,88.00,Feet,East,SIDCO DR,,,,0.00,N,Not at Intersection, ,Entrance/Exit Ramp Related,None,,,         ,YUNUS,ADAK,Clear,Front to Rear,no,no,no,no,no,False
101541703,METROPOLITAN NASHVILLE POLICE DEPT,20170105405,Davidson,Not in City Limit,2/2/2017 6:45:00 AM,2,0,0,36.311410,-86.828970,I 24,,,,0.00,,,,,,,37.55,N,Not at Intersection, ,Non-Junction,None,,,         ,Jonathon,Sheppard,Clear,"Sideswipe, Same Direction",no,no,no,no,no,False
101541707,METROPOLITAN NASHVILLE POLICE DEPT,20170105522,Davidson,Not in City Limit,2/2/2017 7:55:00 AM,2,1,0,36.056910,-86.946470,OLD HARDING PKE,,,,242.00,Feet,South,MORTON MILL RD,,,,0.00,N,Not at Intersection,N,Non-Junction,None,,,         ,Curtis,Rich,Cloudy,Front to Rear,no,no,no,no,no,False
101541763,METROPOLITAN NASHVILLE POLICE DEPT,20170105634,Davidson,Nashville,2/2/2017 8:30:00 AM,2,1,0,36.169140,-86.812670,I 40,,,,0.00,,,,,,,207.00,N,Not at Intersection,N,Non-Junction,None,,,         ,Sara,Lober,Clear,Front to Rear,no,no,no,no,no,False
101541768,METROPOLITAN NASHVILLE POLICE DEPT,20170105402,Davidson,Nashville,2/2/2017 6:44:00 AM,3,0,0,36.218700,-86.803850,WHITES CREEK PKE,,,,226.00,Feet,North,MOORMANS ARM RD,,,,0.00,N,Not at Intersection,N,"Driveway, Alley Access, etc",None,,,         ,Michael,McCord,Clear,Angle,no,no,no,no,no,False