master_record_number,agency,agency_tracking_number,county,city,collision_date,vehicles_involved,number_injured,number_dead,latitude,longitude,roadway_name,roadway_suffix,roadway_number,roadway_local_id,distance_from_reference,miles-feet_indicator,direction_from_reference,intersection_road_name,intersection_road_name_suffix,intersection_road_number,intersection_local_id,mile_marker,intersection_indicator,intersect_type,interchange_related_indicator,relation_to_junction,work_zone_type,construction_maintenance_zone,construction_maintenance_zone_location,fatal_case_number,officer_first_name,officer_last_name,weather_condition(s),manner_of_crash,pedestrian,bicycle,scooter,parking,hitrun,mou
101546362,METROPOLITAN NASHVILLE POLICE DEPT,20170117864,Davidson,Nashville,2/6/2017 1:58:00 PM,1,0,0,36.161280,-86.598260,BELL RD,,,,334.00,Feet,West,OLD HICKORY BLVD,,,,0.00,N,Not at Intersection,N,Non-Junction,None,,,         ,Scott,Toney,Rain,Not Collision with Motor Vehicle in Transport,no,no,no,no,no,False
101546367,METROPOLITAN NASHVILLE POLICE DEPT,2017-0117658,Davidson,Nashville,2/6/2017 11:05:00 AM,2,1,0,36.151800,-86.771250,LAFAYETTE ST,,,,0.00,,,4TH AVS,,,,0.00,Y,Four-Way,N,Intersection,None,,,         ,William,Vincion,Rain,Angle,no,no,no,no,no,False
101546397,METROPOLITAN NASHVILLE POLICE DEPT,20170117940,Davidson,Nashville,2/6/2017 1:25:00 PM,2,0,0,36.153790,-86.769900,2ND AVS,,,,155.00,Feet,South,ASH ST,,,,0.00,N,Not at Intersection, ,Non-Junction,None,,,         ,David,Snowden,Cloudy,Angle,no,no,no,no,no,False
101546401,METROPOLITAN NASHVILLE POLICE DEPT,20170117971,Davidson,Nashville,2/6/2017 2:30:00 PM,2,0,0,36.151800,-86.771250,LAFAYETTE ST,,,,0.00,Feet,East,4TH AVS,,,,0.00,N,Not at Intersection, ,Non-Junction,None,,,         ,Gregory,Scott,Rain,Angle,no,no,no,no,no,False
101546402,METROPOLITAN NASHVILLE POLICE DEPT,20170117963,Davidson,Nashville,2/6/2017 3:07:00 PM,2,0,0,36.139890,-86.665350,I40 E EXT RAMP,,,,360.00,Feet,East,DONELSON PKE,,,,0.00,N,Not at Intersection, ,Non-Junction,None,,,         ,Patrick,Taylor,Cloudy,Front to Rear,no,no,no,no,no,False
101546405,METROPOLITAN NASHVILLE POLICE DEPT,20170118012,Davidson,Nashville,2/6/2017 2:50:00 PM,2,1,0,36.032640,-86.769650,CHURCH STE,,,,284.00,Feet,West,CLOVERLAND DR,,,,0.00,N,Not at Intersection,N,Non-Junction,None,,,         ,Edin,Plancic,Cloudy,Front to Rear,no,no,no,no,no,False
101546416,METROPOLITAN NASHVILLE POLICE DEPT,20170118050,Davidson,Nashville,2/6/2017 12:58:00 PM,2,0,0,36.155560,-86.805030,21ST AVN,,,,101.00,Feet,North,MURPHY AV,,,,0.00,N,Not at Intersection, ,Non-Junction,None,,,         ,Nicholas,Smith,Cloudy,"Sideswipe, Same Direction",no,no,no,no,no,False
101546446,METROPOLITAN NASHVILLE POLICE DEPT,20170118119,Davidson,Nashville,2/6/2017 4:10:00 PM,2,0,0,36.146180,-86.742290,I 40,,,,0.00,,,,,,,212.15,N,Not at Intersection, ,Non-Junction,None,,,         ,John,Kelley,Cloudy,Front to Rear,no,no,no,no,no,False
101546454,METROPOLITAN NASHVILLE POLICE DEPT,20170117943,Davidson,Nashville,2/6/2017 2:56:00 PM,2,0,0,36.107170,-86.719820,I 24,,,,0.00,,,,,,,53.90,N,Not at Intersection,N,Non-Junction,None,,,         ,Alyson,Cook,Cloudy,"Sideswipe, Same Direction",no,no,no,no,yes,False
101546456,METROPOLITAN NASHVILLE POLICE DEPT,20170117956,Davidson,Nashville,2/6/2017 2:49:00 PM,2,1,0,36.055100,-86.742660,MCMURRAY DR,,,,0.00,Feet,,EDMONDSON PKE,,,,0.00,Y,Four-Way,N,Intersection-Related,None,,,         ,Miguel,Garcia,Rain,Angle,no,no,no,no,no,False
101546460,METROPOLITAN NASHVILLE POLICE DEPT,2017-0117967,Davidson,Nashville,2/6/2017 3:09:00 PM,2,0,0,36.174560,-86.602380,BURNING TREE DR,,,,0.00,,,OLD HICKORY BLVD,,,,0.00,Y,T-Intersection,N,Intersection,None,,,         ,Sandra,Talavera,Cloudy,Angle,no,no,no,no,no,False
101546462,BERRY HILL POLICE DEPT,17-0445,Davidson,Berry Hill,2/6/2017 3:40:00 PM,2,0,0,36.120090,-86.775010,FRANKLIN PKE,,,,0.00,,,GALE LN,,,,0.00,Y,T-Intersection, ,Intersection,None,,,         ,Charles,Cage,Clear,Angle,no,no,no,no,no,False
101546463,METROPOLITAN NASHVILLE POLICE DEPT,20170118093,Davidson,Nashville,2/6/2017 4:02:00 PM,2,2,0,36.236620,-86.758070,DICKERSON PKE,,,,0.00,,,I65 N EXT RAMP,,,,0.00,Y,T-Intersection,N,Intersection,None,,,         ,Christopher,Valdez,Cloudy,Front to Rear,no,no,no,no,no,False
101546477,METROPOLITAN NASHVILLE POLICE DEPT,20170118295,Davidson,Nashville,2/6/2017 4:22:00 PM,2,0,0,36.042430,-86.713160,SWISS AV,,,,62.00,Feet,West,NOLENSVILLE PKE,,,,0.00,N,Not at Intersection, ,,None,,,         ,Edin,Plancic,,,no,no,no,no,no,False
101546478,METROPOLITAN NASHVILLE POLICE DEPT,20170117867,Davidson,Nashville,2/6/2017 2:05:00 PM,2,0,0,36.047370,-86.656160,BELL RD,,,,93.00,Feet,West,HICKORY HOLLOW PKWY,,,,0.00,N,Not at Intersection, ,Non-Junction,None,,,         ,Jessie,Meadows,Clear,Front to Rear,no,no,no,no,no,False
101546479,METROPOLITAN NASHVILLE POLICE DEPT,20170117917,Davidson,Nashville,2/6/2017 2:39:00 PM,2,0,0,36.089540,-86.698700,METROPLEX DR,,,,713.00,Feet,East,PARAGON MILLS RD,,,,0.00,N,Not at Intersection,N,Non-Junction,None,,,         ,Jessie,Meadows,Clear,Angle,no,no,no,no,yes,False
101546480,METROPOLITAN NASHVILLE POLICE DEPT,20170118182,Davidson,Nashville,2/6/2017 5:06:00 PM,2,0,0,36.122710,-86.751430,I 440,,,,0.00,,,,,,,6.30,N,Not at Intersection,N,Non-Junction,None,,,         ,Jessie,Meadows,Clear,Front to Rear,no,no,no,no,no,False
101546487,METROPOLITAN NASHVILLE POLICE DEPT,20170118419,Davidson,Nashville,2/6/2017 5:26:00 PM,2,0,0,36.109800,-86.733260,THOMPSON LN,,,,77.00,Feet,East,TUGGLE AV,,,,0.00,N,Not at Intersection, ,Non-Junction,None,,,         ,Andrew,Mullen,Cloudy,Front to Rear,no,no,no,no,no,False
101546488,METROPOLITAN NASHVILLE POLICE DEPT,20170118307,Davidson,Not in City Limit,2/6/2017 5:06:00 PM,2,0,0,36.313110,-86.864870,WHITES CREEK PKE,,,,0.00,,,OLD CLARKSVILLE PKE,,,,0.00,Y,Y-Intersection, ,Non-Junction,None,,,         ,Michael,Brooks,Cloudy,Front to Rear,no,no,no,no,no,False
101546489,METROPOLITAN NASHVILLE POLICE DEPT,20170118153,Davidson,Nashville,2/6/2017 3:53:00 PM,2,0,0,36.123500,-86.748800,I 440,,,,0.00,,,,,,,6.45,N,Not at Intersection, ,Non-Junction,None,,,         ,Alyson,Cook,Cloudy,Front to Rear,no,no,no,no,no,False
101546493,METROPOLITAN NASHVILLE POLICE DEPT,20170118362,Davidson,Nashville,2/6/2017 6:05:00 PM,2,0,0,36.107330,-86.719970,I 24,,,,0.00,,,,,,,53.90,N,Not at Intersection,N,Non-Junction,None,,,         ,Jessie,Meadows,Clear,Rear to Side,no,no,no,no,yes,False
101546497,METROPOLITAN NASHVILLE POLICE DEPT,20170118300,Davidson,Nashville,2/6/2017 5:00:00 PM,2,0,0,36.142080,-86.735200,I 40,,,,0.00,,,,,,,212.80,N,Not at Intersection, ,,None,,,         ,John,Kelley,,,no,no,no,no,no,False
101546498,METROPOLITAN NASHVILLE POLICE DEPT,20170118152,Davidson,Nashville,2/6/2017 3:53:00 PM,2,0,0,36.123990,-86.745350,I 440,,,,0.00,,,,,,,6.55,N,Not at Intersection,N,Non-Junction,None,,,         ,Alyson,Cook,Cloudy,Front to Rear,no,no,no,no,no,False
101546499,METROPOLITAN NASHVILLE POLICE DEPT,2017-0118371,Davidson,Nashville,2/6/2017 5:21:00 PM,2,3,0,36.101920,-86.869350,HARDING PL,,,,284.00,Feet,East,WINDSOR DR,,,,0.00,N,Not at Intersection,N,Non-Junction,None,,,         ,Ryan,Allen,Clear,Angle,no,no,no,no,no,False
101546500,METROPOLITAN NASHVILLE POLICE DEPT,20170118249,Davidson,Nashville,2/6/2017 3:20:00 PM,2,0,0,36.158890,-86.782110,8TH AVS,,,,0.00,,,BROADWAY,,,,0.00,Y,Four-Way, ,Intersection-Related,None,,,         ,Brandon,Hughes,Cloudy,Front to Rear,no,no,no,no,no,False
101546505,METROPOLITAN NASHVILLE POLICE DEPT,20170118298,Davidson,Nashville,2/6/2017 5:09:00 PM,2,0,0,36.153170,-86.857360,I40 W EXT RAMP,,,,0.00,Feet,East,I 40,,,,0.00,N,Not at Intersection,N,Entrance/Exit Ramp Related,None,,,         ,Ethan,Usherwood,Clear,Front to Rear,no,no,no,no,no,False
101546506,METROPOLITAN NASHVILLE POLICE DEPT,20170118478,Davidson,Nashville,2/6/2017 5:45:00 PM,2,0,0,36.183650,-86.610660,OLD HICKORY BLVD,,,,0.00,,,ANDREW JACKSON PKWY,,,,0.00,Y,Four-Way,N,Intersection,None,,,         ,Dontaveous,Eubanks,Rain,Front to Rear,no,no,no,no,yes,False
101546507,METROPOLITAN NASHVILLE POLICE DEPT,20170118248,Davidson,Nashville,2/6/2017 4:40:00 PM,3,0,0,36.107980,-86.677310,MURFREESBORO PKE,,,,146.00,Feet,West,DELL PKWY,,,,0.00,N,Not at Intersection,N,Non-Junction,None,,,         ,Alyson,Cook,Cloudy,Front to Rear,no,no,no,no,no,False
101546512,METROPOLITAN NASHVILLE POLICE DEPT,20170117387,Davidson,Nashville,2/6/2017 8:29:00 AM,4,0,0,36.198340,-86.776370,I 65,,,,0.00,,,,,,,86.75,N,Not at Intersection, ,Non-Junction,None,,,         ,Carlos,angulo,Cloudy,Front to Rear,no,no,no,no,no,False
101546515,METROPOLITAN NASHVILLE POLICE DEPT,20170118456,Davidson,Nashville,2/6/2017 5:50:00 PM,2,0,0,36.151560,-86.751660,I 40,,,,0.00,,,,,,,211.50,N,Not at Intersection,N,Non-Junction,None,,,         ,John,Daugherty,Clear,Front to Rear,no,no,no,no,no,False
101546518,METROPOLITAN NASHVILLE POLICE DEPT,20170118370,Davidson,Nashville,2/6/2017 5:32:00 PM,2,0,0,36.149080,-86.775470,I65 S ENT RAMP,,,,0.00,Feet,East,I 40,,,,0.00,N,Not at Intersection,N,Non-Junction,None,,,         ,Gregory,Scott,Rain,Front to Rear,no,no,no,no,no,False
101546520,METROPOLITAN NASHVILLE POLICE DEPT,20170118543,Davidson,Nashville,2/6/2017 6:27:00 PM,2,0,0,36.126960,-86.772690,I 65,,,,0.00,,,,,,,80.85,N,Not at Intersection, ,Non-Junction,None,,,         ,Eric,Burford,Clear,"Sideswipe, Same Direction",no,no,no,no,no,False
101546531,METROPOLITAN NASHVILLE POLICE DEPT,20170118004,Davidson,Nashville,2/6/2017 3:27:00 PM,3,0,0,36.120750,-86.727070,I 24,,,,0.00,,,,,,,52.85,N,Not at Intersection, ,Non-Junction,None,,,         ,Benjamin,Froehlich,Cloudy,Front to Rear,no,no,no,no,no,False
101546542,METROPOLITAN NASHVILLE POLICE DEPT,20170118590,Davidson,Nashville,2/6/2017 6:20:00 PM,2,0,0,36.151500,-86.793940,DIVISION ST,,,,147.00,Feet,East,18TH AVS,,,,0.00,N,Not at Intersection, ,Non-Junction,None,,,         ,Nicholas,Smith,Cloudy,Front to Rear,no,no,no,no,no,False
101546543,METROPOLITAN NASHVILLE POLICE DEPT,20170118643,Davidson,Antioch,2/6/2017 5:58:00 PM,2,0,0,36.041080,-86.609430,HOBSON PKE,,,,1066.00,Feet,West,MURFREESBORO PKE,,,,0.00,N,Not at Intersection,N,Non-Junction,None,,,         ,Victoria,Cunningham,Cloudy,Front to Rear,no,no,no,no,yes,False
101546545,METROPOLITAN NASHVILLE POLICE DEPT,20170118504,Davidson,Nashville,2/6/2017 5:04:00 PM,2,0,0,36.081100,-86.758360,HARDING PL,,,,0.00,,,TROUSDALE DR,,,,0.00,Y,Four-Way, ,Intersection,None,,,         ,Miguel,Garcia,Clear,Front to Rear,no,no,no,no,no,False
101546548,METROPOLITAN NASHVILLE POLICE DEPT,20170118675,Davidson,Nashville,2/6/2017 6:43:00 PM,2,0,0,36.069270,-86.692210,I24 E ENT RAMP,,,,0.00,,,I24 E EXT RAMP,,,,0.00,Y,T-Intersection,N,Non-Junction,None,,,         ,Alyson,Cook,Cloudy,Front to Rear,no,no,no,no,no,False
101546550,METROPOLITAN NASHVILLE POLICE DEPT,20170118480,Davidson,Nashville,2/6/2017 6:00:00 PM,2,0,0,36.038250,-86.786330,FRANKLIN PKE,,,,312.00,Feet,North,FRANKLIN PIKE CIR,,,,0.00,N,Not at Intersection,N,Non-Junction,None,,,         ,Edin,Plancic,Cloudy,Angle,no,no,no,no,no,False
101546561,METROPOLITAN NASHVILLE POLICE DEPT,20170118620,Davidson,Nashville,2/6/2017 6:36:00 PM,2,0,0,36.171840,-86.764770,S 5TH ST,,,,0.00,,,WOODLAND ST,,,,0.00,Y,Four-Way, ,Intersection,None,,,         ,Janelle,Keslar,Cloudy,Front to Rear,no,no,no,no,no,False
101546591,METROPOLITAN NASHVILLE POLICE DEPT,20170118805,Davidson,Nashville,2/6/2017 12:00:00 AM,2,0,0,36.118880,-86.791440,FERGUSON AV,,,,102.00,Feet,West,GRANNY WHITE PKE,,,,0.00,N,Not at Intersection,N,Non-Junction,None,,,         ,Tien,Nguyen,Unknown,Front to Rear,no,no,no,no,yes,False
101546605,METROPOLITAN NASHVILLE POLICE DEPT,20170118839,Davidson,Nashville,2/6/2017 7:30:00 PM,2,0,0,36.091930,-86.704860,I 24,,,,0.00,,,,,,,55.20,N,Not at Intersection,N,Non-Junction,None,,,         ,Alyson,Cook,Cloudy,"Sideswipe, Same Direction",no,no,no,no,yes,False
101546619,METROPOLITAN NASHVILLE POLICE DEPT,2017-0118588,Davidson,Nashville,2/6/2017 6:42:00 PM,2,0,0,36.214610,-86.604660,LEBANON PKE,,,,0.00,,,,,,,0.00,,Not at Intersection,N,OtherLocation,None,,,         ,Sandra,Talavera,Cloudy,Front to Rear,no,no,no,yes,yes,False
101546623,METROPOLITAN NASHVILLE POLICE DEPT,20170118267,Davidson,Not in City Limit,2/6/2017 2:49:00 PM,2,0,0,36.308610,-86.681540,GALLATIN PKEN,,,,0.00,,,RIVERCHASE BLVD,,,,0.00,Y,T-Intersection, ,Intersection-Related,None,,,         ,Samuel,Miller,Cloudy,Front to Rear,no,no,no,no,no,False
101546655,METROPOLITAN NASHVILLE POLICE DEPT,20170117924,Davidson,Nashville,2/6/2017 5:35:00 PM,2,0,0,36.151990,-86.753180,I 40,,,,0.00,,,,,,,211.40,N,Not at Intersection,N,Non-Junction,None,,,         ,Jefferson,Hughes,Cloudy,"Sideswipe, Same Direction",no,no,no,no,no,False
101546660,BERRY HILL POLICE DEPT,17-0444,Davidson,Berry Hill,2/6/2017 3:03:00 PM,2,0,0,36.121370,-86.775450,FRANKLIN PKE,,,,0.00,,,KIRKWOOD AV,,,,0.00,Y,Four-Way, ,Intersection,None,,,         ,Roy,Morris,Cloudy,Angle,no,no,no,no,no,False
101546674,METROPOLITAN NASHVILLE POLICE DEPT,20170118961,Davidson,Nashville,2/6/2017 7:23:00 PM,2,0,0,36.080780,-86.726710,NOLENSVILLE PKE,,,,444.00,Feet,North,HARDING PL,,,,0.00,N,Not at Intersection,N,Non-Junction,None,,,         ,Miguel,Garcia,Cloudy,Angle,no,no,no,no,no,False
101546676,METROPOLITAN NASHVILLE POLICE DEPT,20170118785,Davidson,Nashville,2/6/2017 7:55:00 PM,2,0,0,36.253340,-86.698140,NEELYS BEND RD,,,,0.00,,,HOWSE AV,,,,0.00,Y,T-Intersection, ,Intersection-Related,None,,,         ,Samuel,Miller,Clear,Front to Rear,no,no,no,no,no,False
101546693,METROPOLITAN NASHVILLE POLICE DEPT,20170119050,Davidson,Nashville,2/6/2017 9:29:00 PM,2,0,0,36.253220,-86.716810,GALLATIN PKES,,,,0.00,,,EMMITT AV,,,,0.00,Y,Four-Way,Y,Intersection-Related,None,,,         ,Samuel,Miller,Cloudy,Angle,no,no,no,no,yes,False
101546702,METROPOLITAN NASHVILLE POLICE DEPT,20170119053,Davidson,Nashville,2/6/2017 9:50:00 PM,2,1,0,36.169550,-86.600980,OLD HICKORY BLVD,,,,0.00,,,I40 E ENT RAMP,,,,0.00,Y,Four-Way,N,Intersection,None,,,         ,Dontaveous,Eubanks,Rain,"Sideswipe, Opposite Direction",no,no,no,no,no,False
101546704,METROPOLITAN NASHVILLE POLICE DEPT,20170118567,Davidson,Nashville,2/6/2017 6:34:00 PM,3,1,0,36.151170,-86.750650,I 40,,,,0.00,,,,,,,211.55,N,Not at Intersection,N,Non-Junction,None,,,         ,Jefferson,Hughes,Clear,Front to Rear,no,no,no,no,no,False
101546728,METROPOLITAN NASHVILLE POLICE DEPT,20170118934,Davidson,Nashville,2/6/2017 12:00:00 AM,3,0,0,36.219570,-86.774450,I 65,,,,0.00,,,,,,,88.25,N,Not at Intersection,N,Non-Junction,None,,,         ,Gordon,Stovall,Clear,"Sideswipe, Same Direction",no,no,no,no,no,False
101546764,METROPOLITAN NASHVILLE POLICE DEPT,20170119162,Davidson,Not in City Limit,2/6/2017 10:35:00 PM,1,1,0,36.276660,-86.729550,N GRAYCROFT AV,,,,0.00,,,E CAMPBELL RD,,,,0.00,Y,Four-Way,N,Intersection,None,,,         ,Patrick,McGinnis,Cloudy,Not Collision with Motor Vehicle in Transport,no,no,no,no,no,False
101546776,METROPOLITAN NASHVILLE POLICE DEPT,20170118535,Davidson,Nashville,2/6/2017 6:15:00 PM,2,1,0,36.032580,-86.769010,CHURCH STE,,,,92.00,Feet,West,CLOVERLAND DR,,,,0.00,N,Not at Intersection,N,Non-Junction,None,,,         ,Eric,Thomas,Cloudy,Front to Rear,no,no,no,no,no,False
101546785,METROPOLITAN NASHVILLE POLICE DEPT,20170119362,Davidson,Nashville,2/6/2017 11:30:00 PM,3,0,0,36.155650,-86.789720,I40 E ENT RAMP,,,,0.00,,,BROADWAY,,,,0.00,Y,T-Intersection,Y,Intersection-Related,None,,,         ,Brian,Birch,Clear,Angle,no,no,no,no,yes,False
101546788,METROPOLITAN NASHVILLE POLICE DEPT,20170119329,Davidson,Nashville,2/6/2017 11:51:00 PM,2,2,0,36.089070,-86.649990,MURFREESBORO PKE,,,,0.00,,,RANSOM PL,,,,0.00,Y,Four-Way,Y,Intersection,None,,,         ,William,Williams,Cloudy,Angle,no,no,no,no,no,False
101546794,METROPOLITAN NASHVILLE POLICE DEPT,20170119445,Davidson,Nashville,2/7/2017 1:05:00 AM,1,1,0,36.156260,-86.776470,KOREAN VETERANS BLVD,,,,211.00,Feet,West,5TH AVS,,,,0.00,N,Not at Intersection,N,Non-Junction,None,,,         ,Jeremy,King,Clear,Not Collision with Motor Vehicle in Transport,no,no,no,no,no,False
101546808,METROPOLITAN NASHVILLE POLICE DEPT,170119644,Davidson,Nashville,2/7/2017 3:00:00 AM,2,0,0,36.150080,-86.805510,23RD AVN,,,,0.00,Feet,,ELLISTON PL,,,,0.00,Y,Four-Way,N,Intersection-Related,None,,,         ,Ryan,Cagle,Clear,Angle,no,no,no,no,no,Campus
101546886,METROPOLITAN NASHVILLE POLICE DEPT,20170120001,Davidson,Nashville,2/7/2017 6:37:00 AM,2,0,0,36.151280,-86.750920,I 40,,,,0.00,,,,,,,211.55,N,Not at Intersection, ,Non-Junction,None,,,         ,Curtis,Fisher,Clear,Front to Rear,no,no,no,no,no,False
101546902,GOODLETTSVILLE POLICE DEPT,17-04918,Davidson,Goodlettsville,2/6/2017 4:31:00 PM,2,0,0,36.323300,-86.713400,E CEDAR ST,,,,0.00,Feet,,N MAIN ST,,,,0.00,Y,T-Intersection, ,Non-Junction,None,,,         ,George,Forbes,Cloudy,Angle,no,no,no,no,no,False
101546924,METROPOLITAN NASHVILLE POLICE DEPT,20170120056,Davidson,Nashville,2/7/2017 12:00:00 AM,2,0,0,36.231620,-86.804000,KNIGHT DR,,,,0.00,,,EWING DR,,,,0.00,Y,T-Intersection,Y,Intersection,None,,,         ,Julie,Nabors,Cloudy,Angle,no,no,no,no,no,False
101546929,METROPOLITAN NASHVILLE POLICE DEPT,20170120171,Davidson,Nashville,2/7/2017 7:52:00 AM,2,1,0,36.084760,-86.733880,ELYSIAN FIELDS RD,,,,0.00,,,LYNN DR,,,,0.00,Y,Four-Way,N,Intersection,None,,,         ,Nathan,Kemp,Clear,Angle,no,no,no,no,no,False
101546934,METROPOLITAN NASHVILLE POLICE DEPT,20170120024,Davidson,Not in City Limit,2/7/2017 7:01:00 AM,1,0,0,36.004080,-86.670170,PETTUS RD,,,,1000.00,Feet,South,OLD HICKORY BLVD,,,,0.00,N,Not at Intersection,N,Non-Junction,None,,,         ,Randall,Combs,Rain,Not Collision with Motor Vehicle in Transport,no,no,no,no,no,False
101546946,METROPOLITAN NASHVILLE POLICE DEPT,20170120118,Davidson,Nashville,2/7/2017 7:38:00 AM,3,1,0,36.080230,-86.835610,HILLSBORO PKE,,,,235.00,Feet,North,HEMINGWAY DR,,,,0.00,N,Not at Intersection,N,Non-Junction,None,,,         ,Curtis,Rich,Cloudy,Front to Rear,no,no,no,no,no,False
101546948,METROPOLITAN NASHVILLE POLICE DEPT,20170120035,Davidson,Not in City Limit,2/7/2017 6:50:00 AM,2,0,0,36.266900,-86.710910,DUPONT AV,,,,0.00,,,GALLATIN PKEN,,,,0.00,Y,Four-Way, ,Intersection,None,,,         ,Michelle,Steidl,Cloudy,Angle,no,no,no,no,yes,False
101546949,METROPOLITAN NASHVILLE POLICE DEPT,20170120086,Davidson,Nashville,2/7/2017 7:20:00 AM,1,0,0,36.141910,-86.640810,ELM HILL PKE,,,,58.00,Feet,West,TIMBER VALLEY DR,,,,0.00,N,Not at Intersection,N,Non-Junction,None,,,         ,Arend,Groeneweg,Clear,Not Collision with Motor Vehicle in Transport,no,no,no,no,no,False
101546968,THP District 9 - Administrative,317005960,Davidson,Nashville,2/1/2017 7:45:00 AM,2,0,0,36.163720,-86.648460,MTMHI PVTDR,,,,270.00,Feet,North,STEWARTS FERRY PKE,,,,0.00,N,Not at Intersection,N,Non-Junction,None,,,         ,John,Welker,Clear,"Sideswipe, Opposite Direction",no,no,no,no,no,False
101546973,METROPOLITAN NASHVILLE POLICE DEPT,20170120248,Davidson,Nashville,2/7/2017 7:55:00 AM,2,0,0,36.069190,-86.690960,I24 E EXT RAMP,,,,0.00,Feet,East,HAYWOOD LN,,,,0.00,N,Not at Intersection,Y,Entrance/Exit Ramp Related,None,,,         ,Erik,Wagner,Cloudy,Front to Rear,no,no,no,no,yes,False
101546985,METROPOLITAN NASHVILLE POLICE DEPT,20170120168,Davidson,Nashville,2/7/2017 7:45:00 AM,2,0,0,36.124410,-86.740600,I 440,,,,0.00,,,,,,,6.80,N,Not at Intersection,N,Non-Junction,None,,,         ,James,Thomas,Cloudy,Front to Rear,no,no,no,no,no,False
101546989,METROPOLITAN NASHVILLE POLICE DEPT,20170120331,Davidson,Nashville,2/7/2017 8:35:00 AM,2,0,0,36.229940,-86.725050,RICHMOND DR,,,,0.00,,,GALLATIN PKE,,,,0.00,Y,T-Intersection,N,Intersection-Related,None,,,         ,Richard,Conger,Cloudy,"Sideswipe, Same Direction",no,no,no,no,yes,False
101546995,METROPOLITAN NASHVILLE POLICE DEPT,20170120030,Davidson,Nashville,2/7/2017 7:00:00 AM,2,1,0,36.070920,-86.635130,MURFREESBORO PKE,,,,467.00,Feet,South,BELL RD,,,,0.00,N,Not at Intersection,N,Non-Junction,None,,,         ,David,Smith,Cloudy,Angle,no,no,no,no,no,False
101547006,METROPOLITAN NASHVILLE POLICE DEPT,20170119999,Davidson,Nashville,2/7/2017 6:37:00 AM,3,2,0,36.250820,-86.740940,I 65,,,,0.00,,,,,,,91.25,N,Not at Intersection,N,Non-Junction,None,,,         ,Russell,Jones,Cloudy,Front to Rear,no,no,no,no,no,False
101547007,METROPOLITAN NASHVILLE POLICE DEPT,20170120385,Davidson,Nashville,2/7/2017 12:00:00 AM,2,1,0,36.191120,-86.797200,VANTAGE WAY,,,,0.00,,,FRENCH LANDING DR,,,,0.00,Y,Four-Way,Y,Intersection-Related,None,,,         ,Julie,Nabors,Cloudy,Front to Rear,no,no,no,no,no,False
101547016,METROPOLITAN NASHVILLE POLICE DEPT,20170120282,Davidson,Nashville,2/7/2017 8:20:00 AM,3,0,0,36.086860,-86.695950,S PERIMETER PARK DR,,,,0.00,,,HARDING PL,,,,0.00,Y,Four-Way,N,Intersection-Related,None,,,         ,Stephen,Soule,Cloudy,Front to Rear,no,no,no,no,no,False
101547020,METROPOLITAN NASHVILLE POLICE DEPT,20170120100,Davidson,Nashville,2/7/2017 7:27:00 AM,2,0,0,36.170230,-86.596470,I 40,,,,0.00,,,,,,,221.10,N,Not at Intersection, ,,None,,,         ,James,Curtis,,,no,no,no,no,no,False
101547021,METROPOLITAN NASHVILLE POLICE DEPT,20170120242,Davidson,Nashville,2/7/2017 8:11:00 AM,2,0,0,36.150230,-86.699350,ELM HILL PKE,,,,252.00,Feet,East,ACORN DR,,,,0.00,N,Not at Intersection,N,Non-Junction,None,,,         ,James,Curtis,Cloudy,Angle,no,no,no,no,no,False
101547022,METROPOLITAN NASHVILLE POLICE DEPT,20170120237,Davidson,Nashville,2/7/2017 7:49:00 AM,2,1,0,36.045450,-86.712360,OLD HICKORY BLVD,,,,268.00,Feet,East,NOLENSVILLE PKE,,,,0.00,N,Not at Intersection,N,Non-Junction,None,,,         ,Charles,Griffin,Cloudy,Front to Rear,no,no,no,no,no,False
101547035,METROPOLITAN NASHVILLE POLICE DEPT,20170120257,Davidson,Nashville,2/7/2017 8:15:00 AM,2,0,0,36.215120,-86.597670,LEBANON PKE,,,,0.00,,,ANDREW JACKSON PKWY,,,,0.00,Y,Four-Way, ,Intersection,None,,,         ,Wesley,Young,Clear,Front to Rear,no,no,no,no,no,False
101547051,METROPOLITAN NASHVILLE POLICE DEPT,20170120435,Davidson,Nashville,2/7/2017 8:14:00 AM,2,0,0,36.040320,-86.745140,OLD HICKORY BLVD,,,,503.00,Feet,West,EDMONDSON PKE,,,,0.00,N,Not at Intersection, ,OtherLocation,None,,,         ,Je-Marc,Sears,Cloudy,"Sideswipe, Same Direction",no,no,no,no,no,False
101547052,METROPOLITAN NASHVILLE POLICE DEPT,20170120346,Davidson,Nashville,2/7/2017 8:15:00 AM,2,0,0,36.148750,-86.666030,ELM HILL PKE,,,,77.00,Feet,East,DONELSON PKE,,,,0.00,N,Not at Intersection, ,Non-Junction,None,,,         ,Wesley,Young,Cloudy,Angle,no,no,no,no,no,False
101547065,METROPOLITAN NASHVILLE POLICE DEPT,2017-120562,Davidson,Nashville,2/6/2017 12:00:00 AM,2,0,0,36.137590,-86.794240,16TH AVS,,,,35.00,Feet,North,MAGNOLIA BLVD,,,,0.00,N,Not at Intersection,N,Non-Junction,None,,,         ,Erik,Wagner,Cloudy,"Sideswipe, Opposite Direction",no,no,no,no,yes,False
101547075,METROPOLITAN NASHVILLE POLICE DEPT,20170120016,Davidson,Not in City Limit,2/7/2017 6:21:00 AM,2,0,0,36.258560,-86.738450,I 65,,,,0.00,,,,,,,91.85,N,Not at Intersection, ,,None,,,         ,Matthew,Harris,,,no,no,no,no,no,False