master_record_number,agency,agency_tracking_number,county,city,collision_date,vehicles_involved,number_injured,number_dead,latitude,longitude,roadway_name,roadway_suffix,roadway_number,roadway_local_id,distance_from_reference,miles-feet_indicator,direction_from_reference,intersection_road_name,intersection_road_name_suffix,intersection_road_number,intersection_local_id,mile_marker,intersection_indicator,intersect_type,interchange_related_indicator,relation_to_junction,work_zone_type,construction_maintenance_zone,construction_maintenance_zone_location,fatal_case_number,officer_first_name,officer_last_name,weather_condition(s),manner_of_crash,pedestrian,bicycle,scooter,parking,hitrun,mou
101547849,METROPOLITAN NASHVILLE POLICE DEPT,20170123511,Davidson,Nashville,2/8/2017 12:00:00 AM,2,0,0,36.149670,-86.773250,I 40,,,,0.00,,,,,,,210.20,N,Not at Intersection,N,Non-Junction,None,,,         ,Kevin,Ott,Cloudy,Front to Rear,no,no,no,no,no,False
101547858,METROPOLITAN NASHVILLE POLICE DEPT,20170123569,Davidson,Nashville,2/8/2017 5:16:00 AM,1,0,0,36.036490,-86.790840,EASTPARK DR,,,,30.00,Feet,South,E PARK DR,,,,0.00,N,Not at Intersection,N,Non-Junction,None,,,         ,Craig,Oakley,Clear,Not Collision with Motor Vehicle in Transport,no,no,no,yes,no,False
101547866,METROPOLITAN NASHVILLE POLICE DEPT,20170123665,Davidson,Nashville,2/8/2017 6:06:00 AM,2,0,0,36.152480,-86.802700,21ST AVN,,,,0.00,,,CHURCH ST,,,,0.00,Y,Four-Way,N,Intersection,None,,,         ,Eric,Westbrook,Clear,Angle,no,no,no,no,no,Campus
101547877,METROPOLITAN NASHVILLE POLICE DEPT,20170123638,Davidson,Nashville,2/8/2017 5:53:00 AM,3,1,0,36.200290,-86.776680,I 65,,,,0.00,,,,,,,86.90,N,Not at Intersection,N,Non-Junction,None,,,         ,Charles,Duke,Cloudy,Front to Rear,no,no,no,no,no,False
101547880,METROPOLITAN NASHVILLE POLICE DEPT,20170123696,Davidson,Nashville,2/8/2017 6:28:00 AM,2,0,0,36.321520,-86.703710,I 65,,,,0.00,,,,,,,96.80,N,Not at Intersection, ,Non-Junction,None,,,         ,Craig,Amabile,Cloudy,Front to Rear,no,no,no,no,no,False
101547901,METROPOLITAN NASHVILLE POLICE DEPT,20170123749,Davidson,Antioch,2/8/2017 6:19:00 AM,2,1,0,36.026440,-86.588360,MURFREESBORO PKE,,,,0.00,,,HICKORY WOODS DR,,,,0.00,Y,T-Intersection,Y,Intersection,None,,,         ,Thomas,White,Rain,Angle,no,no,no,no,no,False
101547922,METROPOLITAN NASHVILLE POLICE DEPT,20170123678,Davidson,Nashville,2/8/2017 8:08:00 AM,1,0,0,36.154210,-86.758810,I40 E ENT RAMP,,,,0.00,,,I 40,,,,0.00,Y,OTHER, ,Entrance/Exit Ramp Related,None,,,         ,Austin,Childress,Rain,Not Collision with Motor Vehicle in Transport,no,no,no,no,no,False
101547927,METROPOLITAN NASHVILLE POLICE DEPT,20170123842,Davidson,Nashville,2/8/2017 7:42:00 AM,2,0,0,36.086580,-86.771700,HARDING PL,,,,78.00,Feet,East,FRANKLIN PKE,,,,0.00,N,Not at Intersection, ,Entrance/Exit Ramp Related,None,,,         ,YUNUS,ADAK,Rain,Front to Rear,no,no,no,no,no,False
101547934,METROPOLITAN NASHVILLE POLICE DEPT,20170123916,Davidson,Nashville,2/8/2017 8:00:00 AM,2,0,0,36.090930,-86.762410,I 65,,,,0.00,,,,,,,78.40,N,Not at Intersection,N,Non-Junction,None,,,         ,Earl,Davis,Cloudy,Front to Rear,no,no,no,no,no,False
101547939,METROPOLITAN NASHVILLE POLICE DEPT,20170123992,Davidson,Nashville,2/8/2017 8:23:00 AM,2,0,0,36.154700,-86.779130,8TH AVS,,,,27.00,Feet,North,LAFAYETTE ST,,,,0.00,N,Not at Intersection, ,,None,,,         ,Christian,Martin,,,no,no,no,no,no,False
101547941,METROPOLITAN NASHVILLE POLICE DEPT,20170123897,Davidson,Nashville,2/8/2017 7:58:00 AM,2,0,0,36.220300,-86.747590,ELLINGTON PKWY S EXT RAMP,,,,0.00,Feet,East,ELLINGTON PKWYS,,,,0.00,N,Not at Intersection, ,Entrance/Exit Ramp Related,None,,,         ,Samuel,Kersten,Cloudy,Front to Rear,no,no,no,no,no,False
101547947,METROPOLITAN NASHVILLE POLICE DEPT,20170123909,Davidson,Nashville,2/8/2017 7:51:00 AM,2,0,0,36.112700,-86.688540,MURFREESBORO PKE,,,,154.00,Feet,East,MCGAVOCK PKE,,,,0.00,N,Not at Intersection, ,Non-Junction,None,,,         ,Wesley,Young,Cloudy,Front to Rear,no,no,no,no,no,False
101547949,METROPOLITAN NASHVILLE POLICE DEPT,2017 0116643,Davidson,Nashville,2/6/2017 12:12:00 AM,3,1,0,36.066150,-86.685990,I 24,,,,0.00,,,,,,,57.30,N,Not at Intersection,N,Non-Junction,None,,,         ,Pamela,Caulder,Cloudy,Front to Rear,no,no,no,no,yes,False
101547950,METROPOLITAN NASHVILLE POLICE DEPT,20170123982,Davidson,Nashville,2/8/2017 8:24:00 AM,3,0,0,36.214340,-86.775490,I 65,,,,0.00,,,,,,,87.90,N,Not at Intersection,Y,Non-Junction,None,,,         ,Michael,McCord,Cloudy,Front to Rear,no,no,no,no,no,False
101547956,VANDERBILT UNIVERSITY POLICE,17-0124036,Davidson,Nashville,2/8/2017 8:15:00 AM,2,0,0,36.141660,-86.806160,25TH AVS,,,,0.00,,,,,,,0.00,,, ,,None,,,         ,Linda,Jennings,,,no,no,no,yes,no,Campus
101547958,METROPOLITAN NASHVILLE POLICE DEPT,2017123906,Davidson,Nashville,2/8/2017 8:00:00 AM,2,0,0,36.092390,-86.651980,MURFREESBORO PKE,,,,600.00,Feet,South,OLD MURFREESBORO PKE,,,,0.00,N,Not at Intersection, ,,None,,,         ,Cody,O'Quinn,,,no,no,no,no,no,False
101547959,METROPOLITAN NASHVILLE POLICE DEPT,20170123819,Davidson,Nashville,2/8/2017 7:20:00 AM,3,0,0,36.016690,-86.618550,FIRESTONE PKWY,,,,399.00,Feet,East,OLD HICKORY BLVD,,,,0.00,N,Not at Intersection,N,"Driveway, Alley Access, etc",None,,,         ,Lee,Davis,Cloudy,Angle,no,no,no,no,no,False
101547962,METROPOLITAN NASHVILLE POLICE DEPT,20170123922,Davidson,Nashville,2/8/2017 8:00:00 AM,2,0,0,36.145720,-86.653820,MCCRORY CREEK RD,,,,800.00,Feet,East,HURT DR,,,,0.00,N,Not at Intersection,N,Non-Junction,None,,,         ,Larry,Benz,Rain,Not Collision with Motor Vehicle in Transport,no,no,no,no,no,False
101547973,METROPOLITAN NASHVILLE POLICE DEPT,20170123883,Davidson,Nashville,2/8/2017 7:53:00 AM,1,0,0,36.042630,-86.700520,OLD HICKORY BLVD,,,,750.00,Feet,North,GREEN TIMBERS DR,,,,0.00,N,Not at Intersection,N,Non-Junction,None,,,         ,Randall,Combs,Rain,Not Collision with Motor Vehicle in Transport,no,no,no,no,no,False
101547986,METROPOLITAN NASHVILLE POLICE DEPT,20170123924,Davidson,Nashville,2/8/2017 8:08:00 AM,2,0,0,36.244980,-86.746820,I65 S EXT RAMP,,,,0.00,Feet,East,I 65,,,,0.00,N,Not at Intersection,N,Non-Junction,None,,,         ,Michael,Agee,Cloudy,Front to Rear,no,no,no,no,no,False
101547995,METROPOLITAN NASHVILLE POLICE DEPT,20170124048,Davidson,Nashville,2/8/2017 8:45:00 AM,2,0,0,36.124260,-86.744660,I 440,,,,0.00,,,,,,,6.60,N,Not at Intersection,N,Non-Junction,None,,,         ,Todd,Watson,Cloudy,Front to Rear,no,no,no,no,no,False
101547998,METROPOLITAN NASHVILLE POLICE DEPT,20170124067,Davidson,Nashville,2/8/2017 8:50:00 AM,2,0,0,36.119410,-86.815350,23RD AVS,,,,271.00,Feet,South,STERLING RD,,,,0.00,N,Not at Intersection, ,Non-Junction,None,,,         ,Paul,Junkmann,Cloudy,Not Collision with Motor Vehicle in Transport,no,no,no,no,no,False
101548000,METROPOLITAN NASHVILLE POLICE DEPT,20170123867,Davidson,Nashville,2/8/2017 7:51:00 AM,2,0,0,36.143100,-86.736670,I 40,,,,0.00,,,,,,,212.70,N,Not at Intersection, ,Non-Junction,None,,,         ,Tyler,Adcock,Cloudy,"Sideswipe, Same Direction",no,no,no,no,no,False
101548006,METROPOLITAN NASHVILLE POLICE DEPT,20170124181,Davidson,Nashville,2/8/2017 10:24:00 AM,2,0,0,36.081010,-86.696810,I 24,,,,0.00,,,,,,,56.10,N,Not at Intersection, ,Non-Junction,None,,,         ,Jessie,Meadows,Clear,"Sideswipe, Same Direction",no,no,no,no,no,False
101548023,METROPOLITAN NASHVILLE POLICE DEPT,20170123991,Davidson,Nashville,2/8/2017 12:00:00 AM,2,0,0,36.192970,-86.801830,ROSA L PARKS BLVD,,,,0.00,Feet,,ATHENS WAY,,,,0.00,Y,Four-Way,N,Intersection,None,,,         ,Joshua,Baker,Cloudy,Angle,no,no,no,no,no,False
101548030,METROPOLITAN NASHVILLE POLICE DEPT,20170123784,Davidson,Nashville,2/8/2017 7:00:00 AM,2,0,0,36.167380,-86.662370,LEBANON PKE,,,,234.00,Feet,West,EDDINGS LN,,,,0.00,N,Not at Intersection,N,Non-Junction,None,,,         ,Larry,Benz,Clear,Front to Rear,no,no,no,yes,no,False
101548049,METROPOLITAN NASHVILLE POLICE DEPT,20170124370,Davidson,Nashville,2/8/2017 10:46:00 AM,2,3,0,36.113200,-86.772360,I 65,,,,0.00,,,,,,,80.00,N,Not at Intersection,N,Non-Junction,None,,,         ,Nathan,Kemp,Clear,"Sideswipe, Same Direction",no,no,no,no,no,False
101548056,METROPOLITAN NASHVILLE POLICE DEPT,20170123908,Davidson,Goodlettsville,2/8/2017 6:39:00 AM,2,0,0,36.289030,-86.741890,DICKERSON PKES,,,,574.00,Feet,East,OLD DICKERSON PKE,,,,0.00,N,Not at Intersection, ,Non-Junction,None,,,         ,DuJuan,Kendrick,Clear,Front to Rear,no,no,no,no,no,False
101548057,METROPOLITAN NASHVILLE POLICE DEPT,20170124454,Davidson,Nashville,2/8/2017 11:44:00 AM,2,0,0,36.109370,-86.727730,BRILEY PKWYN,,,,95.00,Feet,East,BRILEY PKWYS,,,,0.00,N,Not at Intersection,N,Non-Junction,None,,,         ,Jessie,Meadows,Clear,Angle,no,no,no,no,no,False
101548074,METROPOLITAN NASHVILLE POLICE DEPT,109185213,Davidson,Nashville,2/8/2017 11:50:00 AM,2,0,0,36.134450,-86.775620,I 65,,,,0.00,,,,,,,81.40,N,Not at Intersection,N,Non-Junction,None,,,         ,YUNUS,ADAK,Cloudy,Front to Rear,no,no,no,no,yes,False
101548094,METROPOLITAN NASHVILLE POLICE DEPT,2017124512,Davidson,Nashville,2/8/2017 11:42:00 AM,2,0,0,36.154120,-86.780480,LEA AV,,,,37.00,Feet,West,9TH AVS,,,,0.00,N,Not at Intersection, ,Non-Junction,None,,,         ,Melissa,Flores,Clear,Angle,no,no,no,no,no,False
101548097,METROPOLITAN NASHVILLE POLICE DEPT,20170124599,Davidson,Nashville,2/8/2017 12:05:00 PM,2,0,0,36.151080,-86.804400,ELLISTON PL,,,,69.00,Feet,North,LOUISE AV,,,,0.00,N,Not at Intersection, ,,None,,,         ,Nathan,Kemp,,,no,no,no,no,no,Campus
101548098,METROPOLITAN NASHVILLE POLICE DEPT,20170124662,Davidson,Nashville,2/8/2017 12:14:00 PM,2,0,0,36.156130,-86.807100,22ND AVN,,,,80.00,Feet,South,CHARLOTTE AV,,,,0.00,N,Not at Intersection, ,Non-Junction,None,,,         ,Nathan,Kemp,Clear,"Sideswipe, Same Direction",no,no,no,no,no,False
101548107,METROPOLITAN NASHVILLE POLICE DEPT,20170113107,Davidson,Nashville,2/4/2017 4:58:00 PM,1,0,1,36.160610,-86.664360,DONELSON PKE,,,,75.00,Feet,North,WOODBERRY DR,,,,0.00,N,Not at Intersection,N,Non-Junction,None,,,17-0067  ,Kevin,Coleman,Clear,Not Collision with Motor Vehicle in Transport,no,no,no,no,no,False
101548112,BERRY HILL POLICE DEPT,17-0455,Davidson,Berry Hill,2/7/2017 1:43:00 PM,1,0,0,36.120620,-86.763800,MELROSE AV,,,,1.00,Feet,West,FOUR FORTY CENTER PVTDR,,,,0.00,N,Not at Intersection,N,Non-Junction,None,,,         ,Ronnie,Hill,Cloudy,Not Collision with Motor Vehicle in Transport,no,no,no,no,no,False
101548113,BERRY HILL POLICE DEPT,17-0465,Davidson,Berry Hill,2/8/2017 1:22:00 PM,3,0,0,36.124390,-86.776470,FRANKLIN PKE,,,,223.00,Feet,South,INVERNESS AV,,,,0.00,N,Not at Intersection, ,Non-Junction,None,,,         ,Ronnie,Hill,Cloudy,"Sideswipe, Same Direction",no,no,no,no,no,False
101548192,VANDERBILT UNIVERSITY POLICE,17-01244000,Davidson,Nashville,2/8/2017 10:10:00 AM,2,0,0,36.145980,-86.807300,KENSINGTON PL,,,,100.00,Feet,East,25TH AVS,,,,0.00,N,Not at Intersection, ,Non-Junction,None,,,         ,Linda,Jennings,Cloudy,"Sideswipe, Same Direction",no,no,no,no,no,Campus
101548193,METROPOLITAN NASHVILLE POLICE DEPT,20170124781,Davidson,Nashville,2/8/2017 1:48:00 PM,2,0,0,36.034520,-86.665410,SHIRE DR,,,,456.00,Feet,West,OLD FOREST RD,,,,0.00,N,Not at Intersection,N,Non-Junction,None,,,         ,Jessie,Meadows,Clear,"Sideswipe, Opposite Direction",no,no,no,no,yes,False
101548203,METROPOLITAN NASHVILLE POLICE DEPT,20170124777,Davidson,Nashville,2/8/2017 1:06:00 PM,3,2,0,36.115830,-86.783580,I 440,,,,0.00,,,,,,,4.35,N,Not at Intersection,N,Non-Junction,None,,,         ,Phillip,Murphy,Clear,Front to Rear,no,no,no,no,no,False
101548214,METROPOLITAN NASHVILLE POLICE DEPT,20170124936,Davidson,Nashville,2/8/2017 1:51:00 PM,2,0,0,36.130160,-86.800380,20TH AVS,,,,0.00,,,BLAIR BLVD,,,,0.00,Y,Four-Way, ,Intersection-Related,None,,,         ,Erik,Wagner,Cloudy,Angle,no,no,no,no,no,False
101548218,METROPOLITAN NASHVILLE POLICE DEPT,20170118474,Davidson,Nashville,2/6/2017 5:30:00 PM,3,0,0,36.078600,-86.660800,PICCADILLY ROW,,,,551.00,Feet,West,BISHOPSGATE RD,,,,0.00,N,Not at Intersection,N,Non-Junction,None,,,         ,Matthew,Johnson,Cloudy,Angle,no,no,no,no,yes,False
101548226,METROPOLITAN NASHVILLE POLICE DEPT,20170124943,Davidson,Nashville,2/8/2017 1:53:00 PM,2,0,0,36.111620,-86.792580,WOODMONT BLVD,,,,0.00,,,GRANNY WHITE PKE,,,,0.00,Y,Four-Way, ,Intersection,None,,,         ,Darrell,Osment,Cloudy,Front to Rear,no,no,no,no,no,False
101548235,METROPOLITAN NASHVILLE POLICE DEPT,20170124104,Davidson,Nashville,2/8/2017 9:12:00 AM,2,0,0,36.183820,-86.748370,EASTLAND AV,,,,0.00,,,GALLATIN AV,,,,0.00,Y,T-Intersection, ,Intersection,None,,,         ,Richard,Conger,Cloudy,Front to Rear,no,no,no,no,no,False
101548259,METROPOLITAN NASHVILLE POLICE DEPT,20170125068,Davidson,Nashville,2/8/2017 2:41:00 PM,2,0,0,36.150490,-86.789730,MUSIC CIRE,,,,0.00,,,MUSIC CIRN,,,,0.00,Y,OTHER, ,OtherLocation,None,,,         ,Tien,Nguyen,Clear,Front to Rear,no,no,no,yes,no,False
101548281,METROPOLITAN NASHVILLE POLICE DEPT,20170119089,Davidson,Nashville,2/6/2017 10:13:00 PM,1,1,0,36.069390,-86.692740,HAYWOOD LN,,,,0.00,,,HAYWOOD SQUARE PVTDR,,,,0.00,Y,T-Intersection,N,Non-Junction,None,,,         ,Matthew,Johnson,Clear,Not Collision with Motor Vehicle in Transport,no,no,no,no,no,False
101548285,METROPOLITAN NASHVILLE POLICE DEPT,20170125117,Davidson,Nashville,2/8/2017 2:23:00 PM,2,0,0,36.090330,-86.626500,BELL RD,,,,0.00,,,SMITH SPRINGS RD,,,,0.00,Y,Four-Way,Y,Non-Junction,None,,,         ,Michael,Apsey,Clear,"Sideswipe, Same Direction",no,no,no,no,yes,False
101548291,METROPOLITAN NASHVILLE POLICE DEPT,20170125262,Davidson,Nashville,2/8/2017 3:31:00 PM,2,0,0,36.143390,-86.777200,I 65,,,,0.00,,,,,,,82.00,N,Not at Intersection,N,Entrance/Exit Ramp Related,None,,,         ,Tien,Nguyen,Clear,Front to Rear,no,no,no,no,no,False
101548293,METROPOLITAN NASHVILLE POLICE DEPT,20170125266,Davidson,Nashville,2/8/2017 3:47:00 PM,2,0,0,36.096550,-86.708330,I 24,,,,0.00,,,,,,,54.85,N,Not at Intersection,N,Non-Junction,None,,,         ,Alyson,Cook,Clear,Front to Rear,no,no,no,no,yes,False
101548296,METROPOLITAN NASHVILLE POLICE DEPT,20170125126,Davidson,Nashville,2/8/2017 3:04:00 PM,3,3,0,36.134280,-86.778890,WEDGEWOOD AV,,,,50.00,Feet,East,8TH AVS,,,,0.00,N,Not at Intersection,N,Non-Junction,None,,,         ,Charles,Griffin,Clear,Front to Rear,no,no,no,no,no,False
101548298,METROPOLITAN NASHVILLE POLICE DEPT,20170125071,Davidson,Nashville,2/8/2017 4:07:00 PM,2,3,0,36.115190,-86.743750,WHITSETT RD,,,,41.00,Feet,West,FOSTER AV,,,,0.00,N,Not at Intersection,N,Non-Junction,None,,,         ,Jessie,Meadows,Clear,Angle,no,no,no,no,no,False
101548316,METROPOLITAN NASHVILLE POLICE DEPT,20170125317,Davidson,Nashville,2/8/2017 3:32:00 PM,2,0,0,36.134560,-86.782730,WEDGEWOOD AV,,,,100.00,Feet,West,ELLIOTT AV,,,,0.00,N,Not at Intersection, ,Non-Junction,None,,,         ,Patrick,Martin,Clear,Front to Rear,no,no,no,no,no,False
101548331,METROPOLITAN NASHVILLE POLICE DEPT,20170125140,Davidson,Nashville,2/8/2017 3:15:00 PM,2,6,0,36.185810,-86.761940,CLEVELAND ST,,,,0.00,,,N 6TH ST,,,,0.00,Y,Four-Way,N,Intersection,None,,,         ,Charles,Wakefield,Clear,Angle,no,no,no,no,no,False
101548334,METROPOLITAN NASHVILLE POLICE DEPT,20170125371,Davidson,Nashville,2/8/2017 3:47:00 PM,2,0,0,36.213630,-86.766240,PLUM ST,,,,219.00,Feet,South,ROCK ST,,,,0.00,N,Not at Intersection, ,Non-Junction,None,,,         ,Christopher,Valdez,Clear,Rear to Side,no,no,no,no,no,False
101548337,METROPOLITAN NASHVILLE POLICE DEPT,20170125529,Davidson,Nashville,2/8/2017 4:54:00 PM,2,0,0,36.099330,-86.660500,MURFREESBORO PKE,,,,424.00,Feet,West,HARDING PL,,,,0.00,N,Not at Intersection, ,Non-Junction,None,,,         ,Michael,Apsey,Cloudy,Front to Rear,no,no,no,no,no,False
101548347,METROPOLITAN NASHVILLE POLICE DEPT,20170125233,Davidson,Nashville,2/8/2017 3:40:00 PM,2,0,0,36.157880,-86.781440,MCGAVOCK ST,,,,0.00,,,8TH AVS,,,,0.00,Y,Four-Way, ,Intersection-Related,None,,,         ,Brady,Reynolds,Cloudy,"Sideswipe, Same Direction",no,no,no,no,no,False
101548349,METROPOLITAN NASHVILLE POLICE DEPT,20170125487,Davidson,Nashville,2/8/2017 4:30:00 PM,2,0,0,36.152340,-86.771580,4TH AVS,,,,0.00,,,ASH ST,,,,0.00,Y,OTHER, ,Intersection,None,,,         ,Michael,Baron,Cloudy,Angle,no,no,no,no,no,False
101548351,METROPOLITAN NASHVILLE POLICE DEPT,20170125400,Davidson,Nashville,2/8/2017 4:40:00 PM,2,0,0,36.215120,-86.597670,LEBANON PKE,,,,0.00,,,ANDREW JACKSON PKWY,,,,0.00,Y,Four-Way, ,,None,,,         ,Matthew,Turppa,,,no,no,no,no,no,False
101548357,METROPOLITAN NASHVILLE POLICE DEPT,20170125620,Davidson,Nashville,2/8/2017 5:25:00 PM,2,0,0,36.154630,-86.779160,LAFAYETTE ST,,,,0.00,,,8TH AVS,,,,0.00,Y,Roundabout, ,OtherLocation,None,,,         ,Brian,Woodard,Rain,Angle,no,no,no,no,no,False
101548361,METROPOLITAN NASHVILLE POLICE DEPT,20170125621,Davidson,Antioch,2/8/2017 5:52:00 PM,2,0,0,36.026640,-86.615470,OLD HICKORY BLVD,,,,1562.00,Feet,South,LOGISTICS WAY,,,,0.00,N,Not at Intersection,N,Non-Junction,None,,,         ,Jessie,Meadows,Rain,Front to Rear,no,no,no,no,yes,False
101548362,METROPOLITAN NASHVILLE POLICE DEPT,20170125285,Davidson,Nashville,2/8/2017 3:52:00 PM,3,1,0,36.183620,-86.775060,I 24,,,,0.00,,,,,,,47.35,N,Not at Intersection,N,Non-Junction,None,,,         ,Joshua,Lackey,Cloudy,Front to Rear,no,no,no,no,no,False
101548366,METROPOLITAN NASHVILLE POLICE DEPT,20170125827,Davidson,Nashville,2/8/2017 5:58:00 PM,2,0,0,36.121200,-86.773320,I 65,,,,0.00,,,,,,,80.45,N,Not at Intersection,N,Non-Junction,None,,,         ,Tien,Nguyen,Cloudy,Front to Rear,no,no,no,no,yes,False
101548369,METROPOLITAN NASHVILLE POLICE DEPT,20170125583,Davidson,Not in City Limit,2/8/2017 5:11:00 PM,2,0,0,36.279580,-86.778740,OLD HICKORY BLVD,,,,1421.00,Feet,East,BRICK CHURCH PKE,,,,0.00,N,Not at Intersection,N,Non-Junction,None,,,         ,Christopher,Littles,Cloudy,Front to Rear,no,no,no,no,yes,False
101548372,METROPOLITAN NASHVILLE POLICE DEPT,20170125654,Davidson,Nashville,2/8/2017 5:20:00 PM,2,0,0,36.180150,-86.774120,I 24,,,,0.00,,,,,,,47.70,N,Not at Intersection, ,,None,,,         ,Charles,Wakefield,,,no,no,no,no,no,False
101548373,METROPOLITAN NASHVILLE POLICE DEPT,20170125622,Davidson,Nashville,2/8/2017 5:23:00 PM,2,0,0,36.169450,-86.679140,LEBANON PKE,,,,222.00,Feet,East,MCGAVOCK PKE,,,,0.00,N,Not at Intersection, ,Non-Junction,None,,,         ,Jonathan,Cavezza,Rain,Angle,no,no,no,no,no,False
101548392,METROPOLITAN NASHVILLE POLICE DEPT,20170125828,Davidson,Nashville,2/8/2017 6:02:00 PM,2,0,0,36.131520,-86.773980,I 65,,,,0.00,,,,,,,81.20,N,Not at Intersection, ,Non-Junction,None,,,         ,Tien,Nguyen,Clear,"Sideswipe, Same Direction",no,no,no,no,no,False
101548404,METROPOLITAN NASHVILLE POLICE DEPT,20170125446,Davidson,Nashville,2/8/2017 3:51:00 PM,2,0,0,36.069830,-86.721350,NOLENSVILLE PKE,,,,92.00,Feet,West,TAYLOR RD,,,,0.00,N,Not at Intersection, ,Non-Junction,None,,,         ,Akira,McSwain,Clear,Angle,no,no,no,no,no,False
101548406,METROPOLITAN NASHVILLE POLICE DEPT,20170125538,Davidson,Nashville,2/8/2017 4:23:00 PM,2,0,0,36.184660,-86.797670,I 65,,,,0.00,,,,,,,85.35,N,Not at Intersection, ,Non-Junction,None,,,         ,Michael,Brooks,Cloudy,Front to Rear,no,no,no,no,no,False
101548407,METROPOLITAN NASHVILLE POLICE DEPT,20170125671,Davidson,Nashville,2/8/2017 4:37:00 PM,2,0,0,36.169090,-86.809600,JEFFERSON ST,,,,0.00,,,21ST AVN,,,,0.00,Y,Four-Way,N,Intersection,None,,,         ,Michael,Brooks,Cloudy,Front to Rear,no,no,no,no,no,False
101548444,METROPOLITAN NASHVILLE POLICE DEPT,20170126053,Davidson,Nashville,2/8/2017 7:08:00 PM,2,0,0,36.090330,-86.626500,SMITH SPRINGS RD,,,,0.00,,,BELL RD,,,,0.00,Y,Four-Way, ,,None,,,         ,Michael,Apsey,,,no,no,no,no,no,False
101548448,METROPOLITAN NASHVILLE POLICE DEPT,20170125944,Davidson,Nashville,2/8/2017 5:25:00 PM,2,0,0,36.164030,-86.786240,CHARLOTTE AV,,,,0.00,,,ROSA L PARKS BLVD,,,,0.00,Y,T-Intersection, ,,None,,,         ,Brady,Reynolds,,,no,no,no,no,no,False
101548452,GOODLETTSVILLE POLICE DEPT,17-05176,Davidson,Goodlettsville,2/8/2017 3:58:00 PM,3,1,0,36.306760,-86.694860,VIETNAM VETERANS BLVD NB EXT R,,,,0.00,,,VIETNAM VETERANS BLVD NB ENT R,,,,0.00,Y,T-Intersection,N,Entrance/Exit Ramp Related,None,,,         ,James,Wells,Clear,Front to Rear,no,no,no,no,no,False
101548453,METROPOLITAN NASHVILLE POLICE DEPT,20170125745,Davidson,Nashville,2/8/2017 5:00:00 PM,4,0,0,36.154470,-86.815810,CHARLOTTE AV,,,,54.00,Feet,West,26TH AVN,,,,0.00,N,Not at Intersection, ,Non-Junction,None,,,         ,Clayton,Lewis,Rain,Front to Rear,no,no,no,no,no,False
101548464,METROPOLITAN NASHVILLE POLICE DEPT,20170126092,Davidson,Nashville,2/8/2017 7:01:00 PM,2,0,0,36.216620,-86.855480,KINGS LN,,,,0.00,,,W HAMILTON RD,,,,0.00,Y,Four-Way, ,Intersection,None,,,         ,Michael,Brooks,Rain,"Sideswipe, Opposite Direction",no,no,no,no,no,False
101548466,METROPOLITAN NASHVILLE POLICE DEPT,20170125912,Davidson,Nashville,2/8/2017 6:14:00 PM,2,0,0,36.039440,-86.785580,FRANKLIN PKE,,,,41.00,Feet,North,FRANKLIN PIKE CIR,,,,0.00,N,Not at Intersection, ,Non-Junction,None,,,         ,Jacob,Masteller,Rain,Front to Rear,no,no,no,no,no,False
101548467,METROPOLITAN NASHVILLE POLICE DEPT,20170125696,Davidson,Not in City Limit,2/8/2017 5:43:00 PM,2,0,0,36.314900,-86.865580,WHITES CREEK PKE,,,,334.00,Feet,South,UNION HILL RD,,,,0.00,N,Not at Intersection,N,Non-Junction,None,,,         ,Kayla,Castro,Rain,Angle,no,no,no,no,no,False
101548474,METROPOLITAN NASHVILLE POLICE DEPT,20170125567,Davidson,Nashville,2/8/2017 4:50:00 PM,1,0,0,36.109480,-86.752540,ARMORY DR,,,,343.00,Feet,East,FOSTER CREIGHTON DR,,,,0.00,N,Not at Intersection,N,Non-Junction,None,,,         ,Charles,Griffin,Cloudy,Not Collision with Motor Vehicle in Transport,no,no,no,no,no,False
101548477,METROPOLITAN NASHVILLE POLICE DEPT,20170125360,Davidson,Nashville,2/8/2017 3:57:00 PM,2,0,0,36.153020,-86.846050,49TH AVN,,,,50.00,Feet,South,ALABAMA AV,,,,0.00,N,Not at Intersection, ,Non-Junction,None,,,         ,Walter,Gray II,Cloudy,Angle,no,no,no,no,no,False
101548482,VANDERBILT UNIVERSITY POLICE,17--0125928,Davidson,Nashville,2/8/2017 5:58:00 PM,1,1,0,36.141200,-86.810460,NATCHEZ TRC,,,,597.00,Feet,North,CHILDRENS WAY,,,,0.00,N,Not at Intersection,N,Non-Junction,None,,,         ,Robert,Skucy,Clear,Not Collision with Motor Vehicle in Transport,yes,no,no,no,no,Campus
101548492,METROPOLITAN NASHVILLE POLICE DEPT,20170125968,Davidson,Nashville,2/8/2017 6:11:00 PM,2,0,0,36.235460,-86.758280,DICKERSON PKE,,,,132.00,Feet,North,HOMESTEAD RD,,,,0.00,N,Not at Intersection, ,Non-Junction,None,,,         ,Michael,Moss,Rain,"Sideswipe, Same Direction",no,no,no,no,no,False
101548503,METROPOLITAN NASHVILLE POLICE DEPT,20170125504,Davidson,Nashville,2/8/2017 4:33:00 PM,2,0,0,36.151070,-86.850900,53RD AVN,,,,129.00,Feet,North,PARK AV,,,,0.00,N,Not at Intersection,N,Non-Junction,None,,,         ,Walter,Gray II,Cloudy,Angle,no,no,no,yes,yes,False
101548507,METROPOLITAN NASHVILLE POLICE DEPT,20170125964,Davidson,Nashville,2/8/2017 5:58:00 PM,2,0,0,36.185090,-86.773660,DICKERSON PKE,,,,247.00,Feet,North,HANCOCK ST,,,,0.00,N,Not at Intersection,N,Non-Junction,None,,,         ,James,Smith,Rain,Front to Rear,no,no,no,no,no,False