master_record_number,agency,agency_tracking_number,county,city,collision_date,vehicles_involved,number_injured,number_dead,latitude,longitude,roadway_name,roadway_suffix,roadway_number,roadway_local_id,distance_from_reference,miles-feet_indicator,direction_from_reference,intersection_road_name,intersection_road_name_suffix,intersection_road_number,intersection_local_id,mile_marker,intersection_indicator,intersect_type,interchange_related_indicator,relation_to_junction,work_zone_type,construction_maintenance_zone,construction_maintenance_zone_location,fatal_case_number,officer_first_name,officer_last_name,weather_condition(s),manner_of_crash,pedestrian,bicycle,scooter,parking,hitrun,mou
101548514,METROPOLITAN NASHVILLE POLICE DEPT,20170126151,Davidson,Nashville,2/8/2017 7:20:00 PM,2,0,0,36.172900,-86.737010,FATHERLAND ST,,,,0.00,,,S 19TH ST,,,,0.00,Y,Four-Way, ,Intersection,None,,,         ,Alexander,Georgeson,Cloudy,Angle,no,no,no,no,no,False
101548519,METROPOLITAN NASHVILLE POLICE DEPT,20170125581,Davidson,Nashville,2/8/2017 4:24:00 PM,2,0,0,36.123890,-86.846610,WOODMONT BLVD,,,,500.00,Feet,South,HARDING PKE,,,,0.00,N,Not at Intersection,N,Non-Junction,None,,,         ,Walter,Gray II,Cloudy,Front to Rear,no,no,no,no,no,False
101548528,METROPOLITAN NASHVILLE POLICE DEPT,20170126017,Davidson,Not in City Limit,2/8/2017 7:05:00 PM,2,0,0,36.262770,-86.712020,GALLATIN PKES,,,,75.00,Feet,South,STATE RT 45,,,,0.00,N,Not at Intersection,N,Non-Junction,None,,,         ,Christopher,Littles,Cloudy,"Sideswipe, Same Direction",no,no,no,no,no,False
101548529,METROPOLITAN NASHVILLE POLICE DEPT,20170125998,Davidson,Not in City Limit,2/8/2017 6:58:00 PM,2,0,0,36.262780,-86.712020,GALLATIN PKES,,,,100.00,Feet,South,STATE RT 45,,,,0.00,N,Not at Intersection, ,Non-Junction,None,,,         ,Christopher,Littles,Cloudy,"Sideswipe, Same Direction",no,no,no,no,no,False
101548536,METROPOLITAN NASHVILLE POLICE DEPT,20170125945,Davidson,Nashville,2/8/2017 6:36:00 PM,3,0,0,36.075150,-86.918890,HIGHWAY 70S,,,,50.00,Feet,East,BELLE FOREST SHOPPING CENTER P,,,,0.00,N,Not at Intersection, ,Non-Junction,None,,,         ,Walter,Gray II,Cloudy,"Sideswipe, Same Direction",no,no,no,no,yes,False
101548542,METROPOLITAN NASHVILLE POLICE DEPT,20170126132,Davidson,Nashville,2/8/2017 7:20:00 PM,2,0,0,36.037410,-86.786500,OLD HICKORY BLVD,,,,0.00,,,FRANKLIN PKE,,,,0.00,Y,Four-Way, ,Intersection,None,,,         ,Akira,McSwain,Clear,Angle,no,no,no,no,no,False
101548548,METROPOLITAN NASHVILLE POLICE DEPT,20170126484,Davidson,Nashville,2/8/2017 9:27:00 PM,2,0,0,36.210670,-86.837690,NORTHSIDE STATION PVTDR,,,,0.00,,,,,,,0.00,,, ,Non-Junction,None,,,         ,Michael,Brooks,Cloudy,Front to Rear,no,no,no,no,no,False
101548549,METROPOLITAN NASHVILLE POLICE DEPT,20170126147,Davidson,Nashville,2/8/2017 7:30:00 AM,2,0,0,36.087420,-86.730780,NOLENSVILLE PKE,,,,258.00,Feet,North,ELYSIAN FIELDS CT,,,,0.00,N,Not at Intersection, ,Non-Junction,None,,,         ,Alyson,Cook,Clear,"Sideswipe, Opposite Direction",no,no,no,no,yes,False
101548556,METROPOLITAN NASHVILLE POLICE DEPT,20170126418,Davidson,Nashville,2/8/2017 6:51:00 PM,2,0,0,36.150350,-86.867120,I 40,,,,0.00,,,,,,,203.40,N,Not at Intersection, ,Non-Junction,None,,,         ,Walter,Gray II,Rain,"Sideswipe, Same Direction",no,no,no,no,no,False
101548563,METROPOLITAN NASHVILLE POLICE DEPT,20170126549,Davidson,Nashville,2/8/2017 9:35:00 PM,2,0,0,36.185370,-86.747690,GALLATIN AV,,,,107.00,Feet,South,SEYMOUR AV,,,,0.00,N,Not at Intersection,N,Non-Junction,None,,,         ,James,Smith,Clear,Other,no,no,no,no,no,False
101548571,METROPOLITAN NASHVILLE POLICE DEPT,20170126186,Davidson,Nashville,2/8/2017 7:57:00 PM,2,0,0,36.067920,-86.631810,MURFREESBORO PKE,,,,249.00,Feet,North,FOREST VIEW DR,,,,0.00,N,Not at Intersection,N,Non-Junction,None,,,         ,Alyson,Cook,Clear,Front to Rear,no,no,no,no,no,False
101548600,THP District 3 - Nashville,317007454,Davidson,Nashville,2/7/2017 4:30:00 PM,2,0,0,36.151380,-86.862260,I 40,,,,0.00,,,,,,,203.70,N,Not at Intersection, ,Non-Junction,None,,,         ,Brandon,Smith,Clear,"Sideswipe, Same Direction",no,no,no,no,no,False
101548603,METROPOLITAN NASHVILLE POLICE DEPT,20170126478,Davidson,Nashville,2/8/2017 9:29:00 PM,4,0,0,36.106870,-86.674650,MURFREESBORO PKE,,,,528.00,Feet,West,DONELSON PKE,,,,0.00,N,Not at Intersection,N,Non-Junction,None,,,         ,Alyson,Cook,Clear,Front to Rear,no,no,no,no,no,False
101548609,METROPOLITAN NASHVILLE POLICE DEPT,2017-0126694,Davidson,Nashville,2/8/2017 10:30:00 PM,2,1,0,36.201900,-86.593570,SCOTTS CREEK TRL,,,,255.00,Feet,South,GREER STATION DR,,,,0.00,N,Not at Intersection,N,Non-Junction,None,,,         ,Bo,Branum,Clear,Front to Rear,no,no,no,no,no,False
101548614,METROPOLITAN NASHVILLE POLICE DEPT,20170126869,Davidson,Nashville,2/8/2017 12:00:00 AM,1,0,0,36.109930,-86.734600,THOMPSON LN,,,,0.00,Feet,East,WINGATE AV,,,,0.00,N,Not at Intersection, ,Non-Junction,None,,,         ,Brian,Mclarty,Clear,Not Collision with Motor Vehicle in Transport,no,no,no,no,no,False
101548644,METROPOLITAN NASHVILLE POLICE DEPT,20170126910,Davidson,Nashville,2/8/2017 11:45:00 PM,1,0,0,36.169920,-86.808140,I 40,,,,0.00,,,,,,,207.20,N,Not at Intersection,N,Non-Junction,None,,,         ,Ian,Ward,Cloudy,Not Collision with Motor Vehicle in Transport,no,no,no,no,no,False
101548663,METROPOLITAN NASHVILLE POLICE DEPT,20170127004,Davidson,Nashville,2/9/2017 12:35:00 AM,1,1,0,36.042570,-86.624290,ASHEFORD TRC,,,,134.00,Feet,East,ASHEFORD CT,,,,0.00,N,Not at Intersection,N,Non-Junction,None,,,         ,Sandra,Fly,Cloudy,Not Collision with Motor Vehicle in Transport,no,no,no,no,no,False
101548691,METROPOLITAN NASHVILLE POLICE DEPT,20170127483,Davidson,Nashville,2/9/2017 3:36:00 AM,1,0,0,36.086420,-86.701800,PARAGON MILLS RD,,,,38.00,Feet,West,EISENHOWER DR,,,,0.00,N,Not at Intersection,N,Non-Junction,None,,,         ,Kurt,Lewton,Clear,Not Collision with Motor Vehicle in Transport,no,no,no,no,no,False
101548696,METROPOLITAN NASHVILLE POLICE DEPT,20170127608,Davidson,Antioch,2/9/2017 2:50:00 AM,2,0,0,0.000000,0.000000,CALUMET,DR,SR4008,,1000.00,Feet,North,HAMILTON CHURCH,RD,SR4008,,0.00,N,Not at Intersection, ,Non-Junction,None,,,         ,Daniel,Garrett,Clear,HeadOn,no,no,no,no,no,False
101548698,METROPOLITAN NASHVILLE POLICE DEPT,20170126743,Davidson,Nashville,2/8/2017 10:52:00 PM,2,0,0,36.087530,-86.649070,MURFREESBORO PKE,,,,251.00,Feet,North,NASHBORO BLVD,,,,0.00,N,Not at Intersection,N,Non-Junction,None,,,         ,David,Moser,Clear,HeadOn,no,no,no,no,no,False
101548732,METROPOLITAN NASHVILLE POLICE DEPT,20170127653,Davidson,Nashville,2/9/2017 5:05:00 AM,1,2,0,36.187470,-86.794670,I 65,,,,0.00,,,,,,,85.40,N,Not at Intersection,N,Non-Junction,None,,,         ,Phillip,Black,Clear,Not Collision with Motor Vehicle in Transport,no,no,no,no,no,False
101548794,METROPOLITAN NASHVILLE POLICE DEPT,20170127844,Davidson,Nashville,2/9/2017 6:30:00 AM,2,1,0,36.140510,-86.823490,I440 E EXT RAMP,,,,0.00,Feet,East,I 440,,,,0.00,N,Not at Intersection,N,Entrance/Exit Ramp Related,None,,,         ,Gregory,McDaniel,Cloudy,Front to Rear,no,no,no,no,no,False
101548808,METROPOLITAN NASHVILLE POLICE DEPT,20170127876,Davidson,Nashville,2/9/2017 7:15:00 AM,2,0,0,36.168760,-86.685010,LEBANON PKE,,,,879.00,Feet,East,BRILEY PKWY N ENT RAMP,,,,0.00,N,Not at Intersection,N,Non-Junction,None,,,         ,Samuel,Galluzzi,Clear,Front to Rear,no,no,no,no,no,False
101548810,METROPOLITAN NASHVILLE POLICE DEPT,20170128048,Davidson,Not in City Limit,2/9/2017 7:30:00 AM,1,0,0,36.081590,-86.967440,HIGHWAY 70S,,,,544.00,Feet,North,SADDLE RIDGE TRC,,,,0.00,N,Not at Intersection, ,Non-Junction,None,,,         ,Wesley,Tilley,Clear,Not Collision with Motor Vehicle in Transport,no,no,no,no,no,False
101548812,METROPOLITAN NASHVILLE POLICE DEPT,20170127941,Davidson,Nashville,2/9/2017 7:35:00 AM,2,0,0,36.254640,-86.715590,GALLATIN PKES,,,,170.00,Feet,South,MADISON BLVD,,,,0.00,N,Not at Intersection,N,Non-Junction,None,,,         ,Brian,Otto,Clear,Angle,no,no,no,no,no,False
101548825,METROPOLITAN NASHVILLE POLICE DEPT,20170128042,Davidson,Nashville,2/9/2017 8:09:00 AM,3,0,0,36.081870,-86.761080,HARDING PL,,,,852.00,Feet,West,TROUSDALE DR,,,,0.00,N,Not at Intersection, ,Non-Junction,None,,,         ,YUNUS,ADAK,Clear,Front to Rear,no,no,no,no,no,False
101548832,METROPOLITAN NASHVILLE POLICE DEPT,20170128020,Davidson,Nashville,2/9/2017 8:01:00 AM,3,2,0,36.083430,-86.647130,MURFREESBORO PKE,,,,84.00,Feet,South,BROOKSBORO PL,,,,0.00,N,Not at Intersection,N,Non-Junction,None,,,         ,Steven,Rowlett,Cloudy,"Sideswipe, Same Direction",no,no,no,no,no,False
101548837,GOODLETTSVILLE POLICE DEPT,17-05184,Davidson,Goodlettsville,2/8/2017 5:18:00 PM,2,0,0,36.305919,-86.702138,VIETNAM VETERANS,BLVD,SR386,,0.10,Miles,East,VIETNAM VETERANS,BLVD,SR386,,1.00,N,Not at Intersection,N,Non-Junction,None,,,         ,Charles,Hauskin,Other,Front to Rear,no,no,no,no,no,False
101548843,METROPOLITAN NASHVILLE POLICE DEPT,20170127785,Davidson,Nashville,2/9/2017 6:13:00 AM,3,1,0,36.150120,-86.748400,I 40,,,,0.00,,,,,,,211.70,N,Not at Intersection,N,Non-Junction,None,,,         ,James,Curtis,Cloudy,Front to Rear,no,no,no,no,no,False
101548844,METROPOLITAN NASHVILLE POLICE DEPT,20170127832,Davidson,Nashville,2/9/2017 6:48:00 AM,2,0,0,36.152330,-86.754050,I 40,,,,0.00,,,,,,,211.35,N,Not at Intersection,N,Non-Junction,None,,,         ,James,Curtis,Cloudy,Front to Rear,no,no,no,no,no,False
101548845,METROPOLITAN NASHVILLE POLICE DEPT,20170128005,Davidson,Nashville,2/9/2017 7:54:00 AM,2,0,0,36.143970,-86.721880,ELM HILL PKE,,,,204.00,Feet,East,SPENCE LN,,,,0.00,N,Not at Intersection, ,Non-Junction,None,,,         ,James,Curtis,Cloudy,Front to Rear,no,no,no,no,no,False
101548848,METROPOLITAN NASHVILLE POLICE DEPT,20170127996,Davidson,Nashville,2/9/2017 7:45:00 AM,2,0,0,36.213970,-86.872380,BRILEY PKWYS,,,,254.00,Feet,North,BRILEY PKWYN,,,,0.00,N,Not at Intersection,N,Non-Junction,None,,,         ,Benjamin,Williams,Clear,Front to Rear,no,no,no,no,no,False
101548855,METROPOLITAN NASHVILLE POLICE DEPT,20170128091,Davidson,Nashville,2/9/2017 8:27:00 AM,2,0,0,36.117510,-86.773530,I 65,,,,0.00,,,,,,,80.30,N,Not at Intersection, ,Non-Junction,None,,,         ,Ronald,Raynore,Clear,Front to Rear,no,no,no,no,no,False
101548856,METROPOLITAN NASHVILLE POLICE DEPT,20170127863,Davidson,Nashville,2/9/2017 7:00:00 AM,2,1,0,36.171270,-86.870990,CENTENNIAL BLVD,,,,1.00,Feet,West,BRILEY PKWY S EXT RAMP,,,,0.00,N,Not at Intersection,Y,Entrance/Exit Ramp Related,None,,,         ,George,Spencer,Clear,Front to Rear,no,no,no,no,no,False
101548858,METROPOLITAN NASHVILLE POLICE DEPT,20170127968,Davidson,Nashville,2/9/2017 7:47:00 AM,2,0,0,36.110910,-86.744790,THOMPSON LN,,,,125.00,Feet,East,NOLENSVILLE PKE,,,,0.00,N,Not at Intersection, ,Non-Junction,None,,,         ,James,Thomas,Clear,Front to Rear,no,no,no,no,no,False
101548861,METROPOLITAN NASHVILLE POLICE DEPT,20170128072,Davidson,Nashville,2/9/2017 8:19:00 AM,2,1,0,36.086130,-86.729410,NOLENSVILLE PKE,,,,0.00,,,ELYSIAN FIELDS RD,,,,0.00,Y,T-Intersection,N,Intersection,None,,,         ,Phillip,Murphy,Clear,Angle,no,no,no,no,no,False
101548862,METROPOLITAN NASHVILLE POLICE DEPT,20170128097,Davidson,Nashville,2/9/2017 8:19:00 AM,2,0,0,36.157650,-86.773410,KOREAN VETERANS BLVD,,,,0.00,,,3RD AVS,,,,0.00,Y,Four-Way, ,Intersection,None,,,         ,FELIKS,ABRAHAMYAN,Clear,Angle,no,no,no,no,no,False
101548885,METROPOLITAN NASHVILLE POLICE DEPT,20170128217,Davidson,Nashville,2/9/2017 8:29:00 AM,2,0,0,36.049250,-86.816140,GRANNY WHITE PKE,,,,11.00,Feet,North,WINDY RIDGE DR,,,,0.00,N,Not at Intersection, ,Non-Junction,None,,,         ,Kevin,Crawford,Clear,Front to Rear,no,no,no,no,no,False
101548886,METROPOLITAN NASHVILLE POLICE DEPT,20170128229,Davidson,Nashville,2/9/2017 9:23:00 AM,2,0,0,36.141110,-86.730700,I 40,,,,0.00,,,,,,,212.90,N,Not at Intersection, ,Non-Junction,None,,,         ,Samuel,Galluzzi,Clear,Front to Rear,no,no,no,no,no,False
101548908,METROPOLITAN NASHVILLE POLICE DEPT,20170128089,Davidson,Nashville,2/9/2017 8:29:00 AM,3,0,0,36.176500,-86.765870,ELLINGTON PKWYS,,,,200.00,Feet,North,SPRING ST,,,,0.00,N,Not at Intersection, ,,None,,,         ,Jeremy,Stricklin,,,no,no,no,no,no,False
101548909,METROPOLITAN NASHVILLE POLICE DEPT,20170128165,Davidson,Nashville,2/9/2017 8:40:00 AM,3,0,0,36.040380,-86.745260,OLD HICKORY BLVD,,,,545.00,Feet,West,EDMONDSON PKE,,,,0.00,N,Not at Intersection,N,Non-Junction,None,,,         ,Je-Marc,Sears,Clear,Angle,no,no,no,no,no,False
101548912,METROPOLITAN NASHVILLE POLICE DEPT,17-0128138,Davidson,Nashville,2/9/2017 8:45:00 AM,2,0,0,36.164380,-86.779410,4TH AVN,,,,0.00,,,BANKERS ALY,,,,0.00,Y,OTHER, ,OtherLocation,Unknown,,,         ,Frank,Campbell,Clear,"Sideswipe, Same Direction",no,no,no,no,no,False
101548917,METROPOLITAN NASHVILLE POLICE DEPT,20170128412,Davidson,Not in City Limit,2/9/2017 10:25:00 AM,1,0,0,36.073870,-86.928530,HIGHWAY 70S,,,,223.00,Feet,East,CLUB PKWY,,,,0.00,N,Not at Intersection, ,Non-Junction,None,,,         ,Wesley,Tilley,Clear,Not Collision with Motor Vehicle in Transport,no,no,no,no,no,False
101548921,METROPOLITAN NASHVILLE POLICE DEPT,20170128250,Davidson,Nashville,2/9/2017 8:25:00 AM,2,0,0,36.213390,-86.872420,BRILEY PKWYS,,,,58.00,Feet,North,BRILEY PKWYN,,,,0.00,N,Not at Intersection,N,Non-Junction,None,,,         ,Benjamin,Williams,Clear,Front to Rear,no,no,no,no,yes,False
101548923,METROPOLITAN NASHVILLE POLICE DEPT,20170128170,Davidson,Nashville,2/9/2017 8:53:00 AM,2,0,0,36.183350,-86.748570,GALLATIN AV,,,,0.00,Feet,,W EASTLAND AV,,,,0.00,Y,T-Intersection,N,Intersection-Related,None,,,         ,Samuel,Kersten,Clear,Angle,no,no,no,no,no,False
101548928,METROPOLITAN NASHVILLE POLICE DEPT,2017-0128239,Davidson,Nashville,2/9/2017 9:31:00 AM,1,0,0,36.190000,-86.769050,EVANSTON AV,,,,0.00,,,STOCKELL ST,,,,0.00,Y,Four-Way,N,Non-Junction,None,,,         ,Charles,Embry,Clear,Not Collision with Motor Vehicle in Transport,no,no,no,yes,yes,False
101548934,METROPOLITAN NASHVILLE POLICE DEPT,20170128276,Davidson,Nashville,2/9/2017 9:39:00 AM,1,1,0,36.035570,-86.639380,CROSSINGS BLVD,,,,300.00,Feet,West,OLD FRANKLIN RD,,,,0.00,N,Not at Intersection,N,Non-Junction,None,,,         ,Randall,Combs,Clear,Not Collision with Motor Vehicle in Transport,no,no,no,no,no,False
101548936,METROPOLITAN NASHVILLE POLICE DEPT,20170128463,Davidson,Nashville,2/9/2017 10:49:00 AM,2,0,0,36.124760,-86.806000,I440 W EXT RAMP,,,,0.00,,,HILLSBORO PKE,,,,0.00,Y,OTHER, ,,None,,,         ,Phillip,Murphy,,,no,no,no,no,no,False
101548959,VANDERBILT UNIVERSITY POLICE,17-0128472,Davidson,Nashville,2/9/2017 10:40:00 AM,2,0,0,36.140590,-86.803090,PIERCE AV,,,,0.00,,,,,,,0.00,,, ,Non-Junction,None,,,         ,William,Gladu,Clear,"Sideswipe, Same Direction",no,no,no,yes,no,Campus
101548960,METROPOLITAN NASHVILLE POLICE DEPT,20170128404,Davidson,Nashville,2/9/2017 10:09:00 AM,3,0,0,36.037650,-86.793570,OLD HICKORY BLVD,,,,69.00,Feet,West,HILLVIEW DR,,,,0.00,N,Not at Intersection,N,Non-Junction,None,,,         ,Kevin,Crawford,Clear,Front to Rear,no,no,no,no,no,False
101548963,METROPOLITAN NASHVILLE POLICE DEPT,20170128355,Davidson,Nashville,2/9/2017 10:07:00 AM,2,0,0,36.149370,-86.803470,WEST END AV,,,,0.00,,,LOUISE AV,,,,0.00,Y,T-Intersection,N,Intersection,None,,,         ,Phillip,Murphy,Clear,Angle,no,no,no,no,no,Campus
101549004,THP District 3 - Nashville,317007291,Davidson,Nashville,2/6/2017 7:21:00 PM,2,0,0,36.150400,-86.771060,I 40,,,,0.00,,,,,,,210.35,N,Not at Intersection, ,Non-Junction,None,,,         ,Devin,Bargatze,Clear,"Sideswipe, Same Direction",no,no,no,no,no,False
101549008,METROPOLITAN NASHVILLE POLICE DEPT,20170128490,Davidson,Nashville,2/9/2017 11:00:00 AM,2,0,0,36.140600,-86.724530,I 40,,,,0.00,,,,,,,213.40,N,Not at Intersection,N,Non-Junction,None,,,         ,Wesley,Young,Clear,Front to Rear,no,no,no,no,no,False
101549022,METROPOLITAN NASHVILLE POLICE DEPT,20170128684,Davidson,Not in City Limit,2/9/2017 12:20:00 PM,2,0,0,36.279680,-86.703900,PALMER AV,,,,139.00,Feet,South,PIERCE RD,,,,0.00,N,Not at Intersection,N,Non-Junction,None,,,         ,Brian,Otto,Clear,Angle,no,no,no,no,yes,False
101549024,METROPOLITAN NASHVILLE POLICE DEPT,20170128597,Davidson,Nashville,2/9/2017 11:49:00 AM,2,0,0,36.134240,-86.776570,WEDGEWOOD AV,,,,62.00,Feet,West,I65 S EXT RAMP,,,,0.00,N,Not at Intersection, ,,None,,,         ,Ronald,Raynore,,,no,no,no,no,no,False
101549028,METROPOLITAN NASHVILLE POLICE DEPT,20170128588,Davidson,Nashville,2/9/2017 11:40:00 AM,2,2,0,36.134260,-86.774730,I65 N EXT RAMP,,,,0.00,,,I 65,,,,0.00,Y,Four-Way,Y,Entrance/Exit Ramp Related,None,,,         ,Brent,Bauer,Clear,Angle,no,no,no,no,no,False
101549041,METROPOLITAN NASHVILLE POLICE DEPT,20170128596,Davidson,Nashville,2/9/2017 11:47:00 AM,2,0,0,36.082070,-86.761630,HARDING PL,,,,24.00,Feet,East,SIDCO DR,,,,0.00,N,Not at Intersection, ,Non-Junction,None,,,         ,Je-Marc,Sears,Clear,Angle,no,no,no,no,no,False
101549044,METROPOLITAN NASHVILLE POLICE DEPT,20170128571,Davidson,Nashville,2/9/2017 11:36:00 AM,2,0,0,36.144840,-86.795470,18TH AVS,,,,440.00,Feet,North,GRAND AV,,,,0.00,N,Not at Intersection, ,Non-Junction,None,,,         ,Phillip,Murphy,Clear,"Sideswipe, Same Direction",no,no,no,no,no,Campus
101549052,METROPOLITAN NASHVILLE POLICE DEPT,20170128560,Davidson,Nashville,2/9/2017 10:24:00 AM,2,0,0,36.184840,-86.749480,CHICAMAUGA AV,,,,165.00,Feet,East,BAILEY ST,,,,0.00,N,Not at Intersection, ,,Construction Zone,,,         ,Samuel,Kersten,,,no,no,no,no,no,False
101549056,METROPOLITAN NASHVILLE POLICE DEPT,2017-0127837,Davidson,Nashville,2/9/2017 6:54:00 AM,2,0,0,36.147070,-86.765550,2ND AVS,,,,0.00,,,MILDRED SHUTE AV,,,,0.00,Y,Four-Way,N,Intersection,None,,,         ,William,Whitworth,Cloudy,"Sideswipe, Same Direction",no,no,no,no,yes,False
101549061,METROPOLITAN NASHVILLE POLICE DEPT,2017-0128659,Davidson,Nashville,2/9/2017 11:30:00 AM,2,0,0,36.107960,-86.743710,NOLENSVILLE PKE,,,,145.00,Feet,North,TIMMONS ST,,,,0.00,N,Not at Intersection, ,"Driveway, Alley Access, etc",None,,,         ,William,Whitworth,Clear,Angle,no,no,no,no,no,False
101549071,METROPOLITAN NASHVILLE POLICE DEPT,20170128652,Davidson,Nashville,2/9/2017 12:12:00 PM,2,0,0,36.040900,-86.779380,STONE BROOK DR,,,,0.00,,,OLD HICKORY BLVD,,,,0.00,Y,Four-Way, ,Intersection,None,,,         ,Kevin,Crawford,Clear,Angle,no,no,no,no,no,False
101549082,METROPOLITAN NASHVILLE POLICE DEPT,20170128391,Davidson,Nashville,2/9/2017 10:15:00 AM,2,1,0,36.205020,-86.737620,MCGAVOCK PKE,,,,0.00,,,GALLATIN PKE,,,,0.00,Y,Four-Way,Y,Intersection,None,,,         ,Michael,Thompson,Clear,Angle,no,no,no,no,no,False
101549083,METROPOLITAN NASHVILLE POLICE DEPT,20170128657,Davidson,Nashville,2/9/2017 12:09:00 PM,2,0,0,36.071870,-86.636180,MURFREESBORO PKE,,,,0.00,,,BELL RD,,,,0.00,Y,Four-Way, ,Intersection-Related,None,,,         ,James,Curtis,Clear,Front to Rear,no,no,no,no,no,False
101549150,METROPOLITAN NASHVILLE POLICE DEPT,20170127908,Davidson,Nashville,2/9/2017 7:19:00 AM,2,0,0,36.239950,-86.766400,OAKVIEW DR,,,,71.00,Feet,North,VAILVIEW DR,,,,0.00,N,Not at Intersection, ,Non-Junction,None,,,         ,Terrence,Bradley,Clear,"Sideswipe, Same Direction",no,no,no,no,no,False
101549154,METROPOLITAN NASHVILLE POLICE DEPT,20170128740,Davidson,Nashville,2/9/2017 12:48:00 PM,5,1,0,36.038530,-86.783360,OLD HICKORY BLVD,,,,32.00,Feet,East,I65 N EXT RAMP,,,,0.00,N,Not at Intersection,N,Non-Junction,None,,,         ,Phillip,Murphy,Clear,Front to Rear,no,no,no,no,no,False
101549161,METROPOLITAN NASHVILLE POLICE DEPT,20170128906,Davidson,Not in City Limit,2/9/2017 1:48:00 PM,1,0,0,36.323590,-86.865400,I 24,,,,0.00,,,,,,,35.10,N,Not at Intersection,N,Non-Junction,None,,,         ,William,Caillouette,Clear,Not Collision with Motor Vehicle in Transport,no,no,no,no,no,False
101549171,BERRY HILL POLICE DEPT,17-0467,Davidson,Berry Hill,2/8/2017 12:35:00 PM,2,0,0,36.126190,-86.777070,FRANKLIN PKE,,,,0.00,,,CRAIGHEAD ST,,,,0.00,Y,T-Intersection,Y,Intersection,Construction Zone,,,         ,Ronnie,Hill,Cloudy,Angle,no,no,no,no,yes,False
101549211,METROPOLITAN NASHVILLE POLICE DEPT,20170128770,Davidson,Nashville,2/9/2017 1:03:00 PM,2,3,0,36.112050,-86.630250,COUCHVILLE PKE,,,,0.00,,,BELL RD,,,,0.00,Y,T-Intersection,N,Intersection,None,,,         ,Wesley,Young,Clear,Angle,no,no,no,no,no,False
101549235,METROPOLITAN NASHVILLE POLICE DEPT,20170128712,Davidson,Nashville,2/9/2017 12:35:00 PM,2,4,0,36.191760,-86.763580,LISCHEY AV,,,,0.00,,,RICHARDSON AV,,,,0.00,Y,T-Intersection,Y,Intersection,None,,,         ,Michael,Thompson,Clear,Angle,no,no,no,no,no,False
101549268,METROPOLITAN NASHVILLE POLICE DEPT,20170128863,Davidson,Nashville,2/9/2017 12:00:00 AM,2,1,0,36.156010,-86.788850,BROADWAY,,,,0.00,,,I40 W ENT RAMP,,,,0.00,Y,Four-Way,N,Intersection,None,,,         ,FELIKS,ABRAHAMYAN,Clear,Angle,no,no,no,no,no,False
101549280,METROPOLITAN NASHVILLE POLICE DEPT,20170129069,Davidson,Nashville,2/9/2017 3:02:00 PM,2,0,0,36.035380,-86.783010,I 65,,,,0.00,,,,,,,74.30,N,Not at Intersection,N,Non-Junction,None,,,         ,Jacob,Masteller,Clear,Front to Rear,no,no,no,no,yes,False
101549296,METROPOLITAN NASHVILLE POLICE DEPT,20170129084,Davidson,Nashville,2/9/2017 3:06:00 PM,2,0,0,36.145950,-86.666600,ROYAL PKWY,,,,0.00,,,DONELSON PKE,,,,0.00,Y,Four-Way, ,Intersection,None,,,         ,Wesley,Young,Clear,Front to Rear,no,no,no,no,no,False
101549297,METROPOLITAN NASHVILLE POLICE DEPT,20170128924,Davidson,Nashville,2/9/2017 12:00:00 AM,2,0,0,36.166680,-86.764460,I24 W ENT RAMP,,,,0.00,Feet,East,SHELBY AV,,,,0.00,N,Not at Intersection,N,Entrance/Exit Ramp Related,None,,,         ,Paxton,Montgomery,Clear,Front to Rear,no,no,no,no,no,False
101549319,METROPOLITAN NASHVILLE POLICE DEPT,20170129216,Davidson,Nashville,2/9/2017 3:58:00 PM,2,0,0,36.119090,-86.808070,STOKES LN,,,,266.00,Feet,East,HILLSBORO PKE,,,,0.00,N,Not at Intersection, ,"Driveway, Alley Access, etc",None,,,         ,Charles,Griffin,Clear,Angle,no,no,no,no,no,False
101549351,METROPOLITAN NASHVILLE POLICE DEPT,20170129053,Davidson,Nashville,2/9/2017 2:32:00 PM,3,1,0,36.064790,-86.628480,HAMILTON CHURCH RD,,,,0.00,,,MURFREESBORO PKE,,,,0.00,Y,Four-Way,N,Intersection-Related,None,,,         ,Alyson,Cook,Clear,Angle,no,no,no,no,no,False
101549355,Nashville Airport Police,2017-00423,Davidson,Nashville,2/8/2017 5:45:00 PM,2,0,0,0.000000,0.000000,DONELSON,PIKE,SR255,,0.00,,,SATELLITE,WAY,SR255,,0.00,Y,T-Intersection,Y,Intersection,None,,,         ,Steve,Wright,Clear,Angle,no,no,no,no,no,False
101549359,METROPOLITAN NASHVILLE POLICE DEPT,20170129182,Davidson,Nashville,2/9/2017 4:02:00 PM,1,0,0,36.203770,-86.689590,BRILEY PKWYS,,,,0.00,,,,,,,0.00,,,N,Non-Junction,None,,,         ,Brian,Smith,Clear,Not Collision with Motor Vehicle in Transport,no,no,no,no,no,False
101549362,GOODLETTSVILLE POLICE DEPT,17-05263,Davidson,Goodlettsville,2/9/2017 10:10:00 AM,2,1,0,36.323590,-86.705980,LONG HOLLOW PKE,,,,0.00,,,I65 S ENT RAMP,,,,0.00,Y,Y-Intersection,N,Intersection,None,,,         ,Albert,Vincent,Clear,Angle,no,no,no,no,no,False