master_record_number,agency,agency_tracking_number,county,city,collision_date,vehicles_involved,number_injured,number_dead,latitude,longitude,roadway_name,roadway_suffix,roadway_number,roadway_local_id,distance_from_reference,miles-feet_indicator,direction_from_reference,intersection_road_name,intersection_road_name_suffix,intersection_road_number,intersection_local_id,mile_marker,intersection_indicator,intersect_type,interchange_related_indicator,relation_to_junction,work_zone_type,construction_maintenance_zone,construction_maintenance_zone_location,fatal_case_number,officer_first_name,officer_last_name,weather_condition(s),manner_of_crash,pedestrian,bicycle,scooter,parking,hitrun,mou
101549370,METROPOLITAN NASHVILLE POLICE DEPT,20170129134,Davidson,Not in City Limit,2/9/2017 3:39:00 PM,2,0,0,36.313340,-86.830450,I 24,,,,0.00,,,,,,,37.40,N,Not at Intersection,N,Non-Junction,None,,,         ,Michael,Brooks,Clear,Front to Rear,no,no,no,no,no,False
101549371,METROPOLITAN NASHVILLE POLICE DEPT,20170129322,Davidson,Nashville,2/9/2017 4:49:00 PM,2,0,0,36.141980,-86.677790,I 40,,,,0.00,,,,,,,216.00,N,Not at Intersection, ,,None,,,         ,Thomas,Barnes,,,no,no,no,no,no,False
101549374,METROPOLITAN NASHVILLE POLICE DEPT,2017-0128982,Davidson,Nashville,2/9/2017 2:33:00 PM,2,2,0,36.040840,-86.773470,OLD HICKORY BLVD,,,,0.00,,,OAKES DR,,,,0.00,Y,Four-Way,N,Intersection,None,,,         ,William,Whitworth,Clear,Front to Rear,no,no,no,no,no,False
101549375,BERRY HILL POLICE DEPT,17-0479,Davidson,Berry Hill,2/9/2017 3:35:00 PM,2,0,0,0.000000,0.000000,THOMPSON,LN,SR660,,1000.00,Feet,North,THOMPSON,LN,SR,,6.00,N,Not at Intersection, ,,None,,,         ,Roy,Morris,,,no,no,no,yes,no,False
101549376,METROPOLITAN NASHVILLE POLICE DEPT,20170129367,Davidson,Nashville,2/9/2017 4:14:00 PM,2,0,0,36.185880,-86.676170,FERNBROOK LN,,,,0.00,,,MCGAVOCK PKE,,,,0.00,Y,Four-Way,Y,Intersection-Related,None,,,         ,Brian,Smith,Clear,Angle,no,no,no,no,no,False
101549380,METROPOLITAN NASHVILLE POLICE DEPT,20170129268,Davidson,Not in City Limit,2/9/2017 4:30:00 PM,2,0,0,36.269260,-86.755740,OLD HICKORY BLVDW,,,,0.00,,,DICKERSON PKE,,,,0.00,Y,OTHER,N,Non-Junction,None,,,         ,William,Crowe,Clear,Angle,no,no,no,no,yes,False
101549384,METROPOLITAN NASHVILLE POLICE DEPT,20170129308,Davidson,Nashville,2/9/2017 3:54:00 PM,2,0,0,36.104800,-86.814600,HILLSBORO PKE,,,,0.00,,,RICHARD JONES RD,,,,0.00,Y,T-Intersection, ,Intersection,None,,,         ,Charles,Griffin,Clear,Front to Rear,no,no,no,no,no,False
101549389,METROPOLITAN NASHVILLE POLICE DEPT,20170129209,Davidson,Nashville,2/9/2017 3:25:00 PM,2,0,0,36.150290,-86.857370,CHARLOTTE PKE,,,,0.00,Feet,,ORLANDO AV,,,,0.00,Y,Four-Way, ,Intersection-Related,None,,,         ,Torian,Cox,Clear,"Sideswipe, Same Direction",no,no,no,no,no,False
101549394,VANDERBILT UNIVERSITY POLICE,2017-0129114,Davidson,Nashville,2/9/2017 3:20:00 PM,3,0,0,36.139610,-86.810720,CHILDRENS WAY,,,,0.00,,,NATCHEZ TRC,,,,0.00,Y,Four-Way, ,Intersection,None,,,         ,Christopher,Dion,Clear,"Sideswipe, Same Direction",no,no,no,no,no,Campus
101549405,METROPOLITAN NASHVILLE POLICE DEPT,20170129285,Davidson,Nashville,2/9/2017 3:38:00 PM,2,1,0,36.153960,-86.818220,28TH AVN,,,,0.00,,,CHARLOTTE AV,,,,0.00,Y,Four-Way,N,Intersection-Related,None,,,         ,Alex,Lampley,Clear,"Sideswipe, Same Direction",no,no,no,no,no,False
101549407,METROPOLITAN NASHVILLE POLICE DEPT,20170129303,Davidson,Nashville,2/9/2017 4:44:00 PM,2,1,0,36.155220,-86.764780,HERMITAGE AV,,,,0.00,Feet,,ROLLING MILL HILL GRNWY,,,,0.00,Y,T-Intersection,N,OtherLocation,None,,,         ,Brandon,Hughes,Clear,Angle,no,no,no,no,no,False
101549408,METROPOLITAN NASHVILLE POLICE DEPT,20170129265,Davidson,Nashville,2/9/2017 4:19:00 PM,2,0,0,36.110040,-86.770300,I 65,,,,0.00,,,,,,,79.75,N,Not at Intersection, ,Non-Junction,None,,,         ,Akira,McSwain,Clear,"Sideswipe, Same Direction",no,no,no,no,no,False
101549412,METROPOLITAN NASHVILLE POLICE DEPT,20170129412,Davidson,Nashville,2/9/2017 5:03:00 PM,3,0,0,36.154780,-86.831660,I 40,,,,0.00,,,,,,,205.40,N,Not at Intersection, ,,None,,,         ,Shaun,Heath,,,no,no,no,no,no,False
101549415,METROPOLITAN NASHVILLE POLICE DEPT,20170129355,Davidson,Nashville,2/9/2017 3:41:00 PM,2,1,0,36.130070,-86.900780,CHARLOTTE PKE,,,,0.00,,,CABOT DR,,,,0.00,Y,Four-Way,N,Intersection,None,,,         ,Justin,Miller,Clear,Front to Rear,no,no,no,no,no,False
101549422,METROPOLITAN NASHVILLE POLICE DEPT,20170129473,Davidson,Nashville,2/9/2017 4:38:00 PM,2,0,0,36.118910,-86.755900,MELROSE AV,,,,0.00,,,EUGENIA AV,,,,0.00,Y,Four-Way,N,Intersection,None,,,         ,Charles,Griffin,Clear,Angle,no,no,no,no,no,False
101549429,GOODLETTSVILLE POLICE DEPT,17-05290,Davidson,Goodlettsville,2/9/2017 5:15:00 PM,2,1,0,36.310520,-86.686160,VIETNAM VETERANS BLVDN,,,,916.00,Feet,West,VIETNAM VETERANS BLVD SB EXT R,,,,0.00,N,Not at Intersection,Y,Entrance/Exit Ramp Related,None,,,         ,James,Wells,Clear,Front to Rear,no,no,no,no,no,False
101549435,METROPOLITAN NASHVILLE POLICE DEPT,20170129424,Davidson,Nashville,2/9/2017 5:38:00 PM,2,0,0,36.153760,-86.779390,8TH AVS,,,,96.00,Feet,South,LEA AV,,,,0.00,N,Not at Intersection, ,,None,,,         ,Pedro,Rivera Chaparro,,,no,no,no,no,no,False
101549445,METROPOLITAN NASHVILLE POLICE DEPT,20170129556,Davidson,Nashville,2/9/2017 6:18:00 PM,2,0,0,36.176470,-86.800930,I40 W ENT RAMP,,,,0.00,Feet,East,I 65,,,,0.00,N,Not at Intersection, ,Entrance/Exit Ramp Related,None,,,         ,Michael,Brooks,Cloudy,Front to Rear,no,no,no,no,yes,False
101549446,METROPOLITAN NASHVILLE POLICE DEPT,20170129431,Davidson,Nashville,2/9/2017 5:39:00 PM,3,0,0,36.178310,-86.800930,I 65,,,,0.00,,,,,,,84.90,N,Not at Intersection, ,Entrance/Exit Ramp Related,None,,,         ,Michael,Brooks,Cloudy,Front to Rear,no,no,no,no,no,False
101549449,METROPOLITAN NASHVILLE POLICE DEPT,20170129378,Davidson,Nashville,2/9/2017 3:56:00 PM,2,0,0,36.153550,-86.800550,CHURCH ST,,,,100.00,Feet,East,20TH AVN,,,,0.00,N,Not at Intersection, ,Non-Junction,None,,,         ,Charles,Griffin,Clear,Front to Rear,no,no,no,no,no,False
101549451,METROPOLITAN NASHVILLE POLICE DEPT,20170129018,Davidson,Nashville,2/9/2017 2:50:00 PM,2,0,0,36.047840,-86.612050,MURFREESBORO PKE,,,,0.00,,,MOUNTAIN SPRINGS RD,,,,0.00,Y,Four-Way, ,Non-Junction,None,,,         ,Eric,Keller,Clear,Front to Rear,no,no,no,no,no,False
101549466,METROPOLITAN NASHVILLE POLICE DEPT,20170129382,Davidson,Nashville,2/9/2017 12:00:00 AM,2,0,0,36.174190,-86.604230,CENTRAL PKE,,,,0.00,,,SHURGARD WAY,,,,0.00,Y,T-Intersection,N,Non-Junction,None,,,         ,Kimberly,Annson,,"Sideswipe, Opposite Direction",no,no,no,no,no,False
101549468,METROPOLITAN NASHVILLE POLICE DEPT,20170128783,Davidson,Nashville,2/9/2017 10:59:00 AM,2,0,0,36.135415,-86.896458,7184 CABOT DR,,,,50.00,Feet,North,CABOT DR,,,,0.00,N,Not at Intersection,N,Non-Junction,None,,,         ,Jeremy,Huffine,Clear,Angle,no,no,no,yes,yes,False
101549469,METROPOLITAN NASHVILLE POLICE DEPT,20170129506,Davidson,Nashville,2/9/2017 6:00:00 PM,2,0,0,36.140830,-86.659750,I 40,,,,0.00,,,,,,,218.00,N,Not at Intersection,N,Non-Junction,None,,,         ,Jaby,Djabbarov,Clear,Front to Rear,no,no,no,no,no,False
101549470,METROPOLITAN NASHVILLE POLICE DEPT,20170129543,Davidson,Nashville,2/9/2017 5:00:00 PM,2,0,0,36.109450,-86.728050,BRILEY PKWYN,,,,0.00,,,BRILEY PKWYS,,,,0.00,Y,Four-Way,N,Intersection-Related,None,,,         ,Alyson,Cook,Clear,Angle,no,no,no,no,no,False
101549471,METROPOLITAN NASHVILLE POLICE DEPT,20170129635,Davidson,Nashville,2/9/2017 6:13:00 PM,2,0,0,36.231630,-86.766000,OAK VALLEY DR,,,,406.00,Feet,North,LARKSPUR DR,,,,0.00,N,Not at Intersection, ,Non-Junction,None,,,         ,Amanda,Fox,Clear,"Sideswipe, Opposite Direction",no,no,no,no,no,False
101549480,METROPOLITAN NASHVILLE POLICE DEPT,20170129611,Davidson,Nashville,2/9/2017 6:45:00 PM,1,1,0,36.221630,-86.726370,GALLATIN PKE,,,,191.00,Feet,North,MCALPINE AV,,,,0.00,N,Not at Intersection,N,Non-Junction,None,,,         ,Phillip,Box,Clear,Not Collision with Motor Vehicle in Transport,yes,no,no,no,no,False
101549481,METROPOLITAN NASHVILLE POLICE DEPT,20170129500,Davidson,Nashville,2/9/2017 4:59:00 PM,2,0,0,36.175410,-86.602990,OLD HICKORY BLVD,,,,355.00,Feet,North,BURNING TREE DR,,,,0.00,N,Not at Intersection, ,Non-Junction,None,,,         ,Kimberly,Annson,Clear,"Sideswipe, Opposite Direction",no,no,no,no,no,False
101549482,METROPOLITAN NASHVILLE POLICE DEPT,20170129625,Davidson,Old Hickory,2/9/2017 6:40:00 PM,2,0,0,36.256150,-86.653880,ROBINSON,RD,,,0.00,,,MERRITT,ST,,,0.00,Y,Four-Way, ,,None,,,         ,Codey,Mullins,,,no,no,no,no,no,False
101549490,VANDERBILT UNIVERSITY POLICE,2017-0129591,Davidson,Nashville,2/9/2017 6:23:00 PM,2,0,0,36.139080,-86.805070,CHILDRENS WAY,,,,0.00,,,24TH AVS,,,,0.00,Y,Four-Way, ,Intersection,None,,,         ,Christopher,Dion,Clear,Front to Rear,no,no,no,no,no,Campus
101549491,METROPOLITAN NASHVILLE POLICE DEPT,20170129426,Davidson,Nashville,2/9/2017 5:21:00 PM,2,0,0,36.154660,-86.779780,8TH AVS,,,,190.00,Feet,West,LAFAYETTE ST,,,,0.00,N,Not at Intersection,N,Non-Junction,None,,,         ,Jason,Thomas,Clear,Front to Rear,no,no,no,no,yes,False
101549511,METROPOLITAN NASHVILLE POLICE DEPT,20170129543,Davidson,Antioch,2/9/2017 6:17:00 PM,4,0,0,36.018110,-86.619630,OLD HICKORY BLVD,,,,61.00,Feet,South,OWEN DR,,,,0.00,N,Not at Intersection,N,Non-Junction,None,,,         ,Alyson,Cook,Clear,Front to Rear,no,no,no,no,yes,False
101549524,METROPOLITAN NASHVILLE POLICE DEPT,20170129551,Davidson,Nashville,2/9/2017 5:00:00 PM,2,1,0,36.065740,-86.629470,MURFREESBORO PKE,,,,0.00,,,HAMILTON CROSSINGS,,,,0.00,Y,T-Intersection,N,Non-Junction,None,,,         ,Eric,Keller,Clear,Angle,no,no,no,no,no,False
101549526,METROPOLITAN NASHVILLE POLICE DEPT,20170129508,Davidson,Nashville,2/9/2017 5:40:00 PM,2,0,0,36.150550,-86.856310,CHARLOTTE PKE,,,,328.00,Feet,East,ORLANDO AV,,,,0.00,N,Not at Intersection,N,Non-Junction,None,,,         ,Torian,Cox,Clear,Front to Rear,no,no,no,no,no,False
101549527,METROPOLITAN NASHVILLE POLICE DEPT,20170129642,Davidson,Nashville,2/9/2017 5:48:00 PM,2,0,0,36.110460,-86.716120,BRILEY PKWYN,,,,111.00,Feet,East,BRILEY PKWYS,,,,0.00,N,Not at Intersection, ,Non-Junction,None,,,         ,Andrew,Mullen,Clear,"Sideswipe, Same Direction",no,no,no,no,no,False
101549535,METROPOLITAN NASHVILLE POLICE DEPT,20170128345,Davidson,Nashville,2/9/2017 1:42:00 PM,2,0,0,36.124810,-86.752090,NOLENSVILLE PKE,,,,71.00,Feet,South,ROSEDALE AV,,,,0.00,N,Not at Intersection, ,Non-Junction,None,,,         ,Jessie,Meadows,Clear,"Sideswipe, Same Direction",no,no,no,no,no,False
101549536,METROPOLITAN NASHVILLE POLICE DEPT,20170128403,Davidson,Nashville,2/9/2017 1:50:00 PM,2,0,0,36.112520,-86.746070,NOLENSVILLE PKE,,,,73.00,Feet,South,MCCLAIN AV,,,,0.00,N,Not at Intersection, ,Non-Junction,None,,,         ,Jessie,Meadows,Clear,Angle,no,no,no,no,no,False
101549537,METROPOLITAN NASHVILLE POLICE DEPT,20170128451,Davidson,Nashville,2/9/2017 11:25:00 AM,2,1,0,36.148770,-86.762260,LAFAYETTE ST,,,,66.00,Feet,East,CHARLES E DAVIS BLVD,,,,0.00,N,Not at Intersection,N,Non-Junction,None,,,         ,Jessie,Meadows,Clear,Angle,no,no,no,no,no,False
101549538,METROPOLITAN NASHVILLE POLICE DEPT,20170128696,Davidson,Nashville,2/9/2017 9:42:00 AM,2,0,0,36.063570,-86.691910,COLEMONT PL,,,,51.00,Feet,North,COLEMONT TER,,,,0.00,N,Not at Intersection,N,Non-Junction,None,,,         ,Jessie,Meadows,Clear,Front to Rear,no,no,no,no,no,False
101549539,METROPOLITAN NASHVILLE POLICE DEPT,20170128975,Davidson,Nashville,2/9/2017 4:17:00 PM,2,0,0,36.068710,-86.715830,HAYWOOD LN,,,,133.00,Feet,East,HOPEDALE DR,,,,0.00,N,Not at Intersection,N,Non-Junction,None,,,         ,Jessie,Meadows,Clear,Front to Rear,no,no,no,no,no,False
101549540,METROPOLITAN NASHVILLE POLICE DEPT,20170129109,Davidson,Nashville,2/9/2017 4:28:00 PM,2,0,0,36.115170,-86.743610,FOSTER AV,,,,0.00,Feet,East,WHITSETT RD,,,,0.00,N,Not at Intersection, ,Non-Junction,None,,,         ,Jessie,Meadows,Clear,Front to Rear,no,no,no,no,no,False
101549541,METROPOLITAN NASHVILLE POLICE DEPT,20170129550,Davidson,Nashville,2/9/2017 6:20:00 PM,3,1,0,36.115340,-86.778630,I65 ENT RAMP,,,,0.00,Feet,East,I 440,,,,0.00,N,Not at Intersection,N,Non-Junction,None,,,         ,Akira,McSwain,Clear,Front to Rear,no,no,no,no,no,False
101549542,METROPOLITAN NASHVILLE POLICE DEPT,20170129287,Davidson,Nashville,2/9/2017 5:20:00 PM,1,1,0,36.026890,-86.702950,BARNES COVE DR,,,,128.00,Feet,North,BARNES COVE CT,,,,0.00,N,Not at Intersection,N,Non-Junction,None,,,         ,Jessie,Meadows,Clear,Not Collision with Motor Vehicle in Transport,no,no,no,no,no,False
101549544,METROPOLITAN NASHVILLE POLICE DEPT,20170129653,Davidson,Nashville,2/9/2017 5:13:00 PM,2,0,0,36.155290,-86.812060,25TH AVN,,,,0.00,,,CHARLOTTE AV,,,,0.00,Y,T-Intersection, ,Non-Junction,None,,,         ,Charles,Griffin,Clear,Front to Rear,no,no,no,no,no,False
101549549,METROPOLITAN NASHVILLE POLICE DEPT,20170129498,Davidson,Nashville,2/9/2017 5:46:00 PM,3,1,0,36.129780,-86.773310,I 65,,,,0.00,,,,,,,81.05,N,Not at Intersection,N,Non-Junction,None,,,         ,Nicholas,Carroll,Clear,Front to Rear,no,no,no,no,no,False
101549554,METROPOLITAN NASHVILLE POLICE DEPT,20170129619,Davidson,Not in City Limit,2/9/2017 6:40:00 PM,3,0,0,36.261970,-86.737800,I65 N EXT RAMP,,,,0.00,Feet,East,I 65,,,,0.00,N,Not at Intersection,N,Non-Junction,None,,,         ,Jerry,Pirtle,Cloudy,Front to Rear,no,no,no,no,no,False
101549573,METROPOLITAN NASHVILLE POLICE DEPT,20170129607,Davidson,Nashville,2/9/2017 8:15:00 PM,2,0,0,36.206860,-86.781670,W TRINITY LN,,,,196.00,Feet,West,SCRUGGS LN,,,,0.00,N,Not at Intersection, ,Non-Junction,None,,,         ,Michael,Brooks,Cloudy,Front to Rear,no,no,no,no,no,False
101549574,METROPOLITAN NASHVILLE POLICE DEPT,20170129762,Davidson,Nashville,2/9/2017 7:43:00 PM,2,0,0,36.180070,-86.811040,BUCHANAN ST,,,,0.00,,,DR D B TODD JR BLVD,,,,0.00,Y,Four-Way,N,Intersection,None,,,         ,Michael,Brooks,Cloudy,Angle,no,no,no,no,yes,False
101549586,METROPOLITAN NASHVILLE POLICE DEPT,20170129491,Davidson,Not in City Limit,2/9/2017 5:57:00 PM,2,0,0,36.263200,-86.713320,OLD HICKORY BLVDW,,,,60.00,Feet,West,OLD TIME VILLAGE PVTDR,,,,0.00,N,Not at Intersection,N,Non-Junction,None,,,         ,Samuel,Miller,Clear,Angle,no,no,no,no,yes,False
101549587,METROPOLITAN NASHVILLE POLICE DEPT,20170129583,Davidson,Not in City Limit,2/9/2017 6:31:00 PM,2,0,0,36.260220,-86.712920,GALLATIN PKES,,,,55.00,Feet,South,HICKORY ST,,,,0.00,N,Not at Intersection,N,Non-Junction,None,,,         ,Samuel,Miller,Clear,Rear to Rear,no,no,no,no,yes,False
101549607,METROPOLITAN NASHVILLE POLICE DEPT,20170129207,Davidson,Not in City Limit,2/9/2017 4:12:00 PM,3,1,0,36.262630,-86.789440,I 24,,,,0.00,,,,,,,41.70,N,Not at Intersection,N,Non-Junction,None,,,         ,Samuel,Miller,Clear,Front to Rear,no,no,no,no,no,False
101549612,METROPOLITAN NASHVILLE POLICE DEPT,20170129807,Davidson,Nashville,2/9/2017 7:55:00 PM,2,0,0,36.148840,-86.762470,LAFAYETTE ST,,,,0.00,,,CHARLES E DAVIS BLVD,,,,0.00,Y,Four-Way,N,Intersection,None,,,         ,John,Daugherty,Clear,Angle,no,no,no,no,no,False
101549613,METROPOLITAN NASHVILLE POLICE DEPT,20170129783,Davidson,Nashville,2/9/2017 7:51:00 PM,2,0,0,36.154370,-86.759780,I 40,,,,0.00,,,,,,,211.00,N,Not at Intersection,N,Non-Junction,None,,,         ,Jonathan,Cavezza,Cloudy,Front to Rear,no,no,no,no,no,False
101549614,METROPOLITAN NASHVILLE POLICE DEPT,20170129737,Davidson,Nashville,2/9/2017 5:53:00 PM,2,0,0,36.115250,-86.791990,GRANNY WHITE PKE,,,,0.00,,,BATTLEFIELD DR,,,,0.00,Y,Four-Way,N,Intersection,None,,,         ,Charles,Griffin,Clear,Angle,no,no,no,no,no,False
101549616,GOODLETTSVILLE POLICE DEPT,17-05293,Davidson,Goodlettsville,2/9/2017 5:40:00 PM,2,0,0,36.305666,-86.703255,VIETNAM VETERANS,BLVD,SR386,,100.00,Feet,East,VIETNAM VETERANS,BLVD,SRSR386,,0.60,N,Not at Intersection,N,Non-Junction,None,,,         ,Charles,Hauskin,Clear,Front to Rear,no,no,no,no,no,False
101549628,METROPOLITAN NASHVILLE POLICE DEPT,20170129707,Davidson,Nashville,2/9/2017 7:25:00 PM,2,0,0,36.161580,-86.783890,ROSA L PARKS BLVD,,,,0.00,,,CHURCH ST,,,,0.00,Y,Five Point Or More, ,Non-Junction,None,,,         ,Darrien,Spann,Clear,Angle,no,no,no,no,no,False
101549658,METROPOLITAN NASHVILLE POLICE DEPT,20170129688,Davidson,Nashville,2/9/2017 7:17:00 PM,2,0,0,36.198440,-86.620270,LEBANON PKE,,,,0.00,,,OLD HICKORY BLVD,,,,0.00,Y,Four-Way,N,Intersection,None,,,         ,Jefferson,Hughes,Clear,Front to Rear,no,no,no,no,no,False
101549659,METROPOLITAN NASHVILLE POLICE DEPT,20170129970,Davidson,Nashville,2/9/2017 8:43:00 PM,2,0,0,36.152480,-86.773240,LAFAYETTE ST,,,,0.00,,,5TH AVS,,,,0.00,Y,Four-Way,N,Intersection,None,,,         ,Pedro,Rivera Chaparro,,"Sideswipe, Same Direction",no,no,no,no,yes,False
101549673,METROPOLITAN NASHVILLE POLICE DEPT,20170129962,Davidson,Antioch,2/9/2017 8:40:00 PM,2,0,0,36.043070,-86.585150,LAVERGNE COUCHVILLE PKE,,,,435.00,Feet,South,OLD HICKORY BLVD,,,,0.00,N,Not at Intersection,N,Non-Junction,None,,,         ,Benny,Pittman,Clear,"Sideswipe, Opposite Direction",no,no,no,no,yes,False
101549704,METROPOLITAN NASHVILLE POLICE DEPT,20170130200,Davidson,Nashville,2/9/2017 9:48:00 PM,2,0,0,36.215120,-86.597670,LEBANON PKE,,,,0.00,,,ANDREW JACKSON PKWY,,,,0.00,Y,Four-Way,N,Intersection,None,,,         ,Codey,Mullins,Clear,"Sideswipe, Opposite Direction",no,no,no,no,no,False
101549732,METROPOLITAN NASHVILLE POLICE DEPT,20170130245,Davidson,Nashville,2/9/2017 10:10:00 PM,2,3,0,36.167600,-86.762220,S 5TH ST,,,,0.00,,,SHELBY AV,,,,0.00,Y,Four-Way,N,Intersection,None,,,         ,Steven,Frazier Jr.,Clear,Angle,no,no,no,no,no,False
101549743,METROPOLITAN NASHVILLE POLICE DEPT,2017-0130338,Davidson,Nashville,2/9/2017 10:07:00 PM,2,0,0,36.138950,-86.638680,EAST LAKE DR,,,,145.00,Feet,North,LAKEFORD DR,,,,0.00,N,Not at Intersection,N,Non-Junction,None,,,         ,Bo,Branum,Clear,Not Collision with Motor Vehicle in Transport,no,no,no,no,no,False
101549752,METROPOLITAN NASHVILLE POLICE DEPT,20170130443,Davidson,Nashville,2/9/2017 11:25:00 PM,2,0,0,36.238810,-86.723860,GALLATIN PKES,,,,0.00,,,WALTON LN,,,,0.00,Y,T-Intersection,N,Intersection,None,,,         ,Jason,Sweeney,Clear,Angle,no,no,no,no,yes,False
101549758,METROPOLITAN NASHVILLE POLICE DEPT,20170130198,Davidson,Nashville,2/9/2017 10:00:00 PM,1,1,0,36.187430,-86.773360,CLEVELAND ST,,,,0.00,,,DICKERSON PKE,,,,0.00,Y,Four-Way,N,Intersection,None,,,         ,Audrean,Manquero,Clear,Not Collision with Motor Vehicle in Transport,yes,no,no,no,no,False
101549772,METROPOLITAN NASHVILLE POLICE DEPT,20170130729,Davidson,Nashville,2/10/2017 1:00:00 AM,2,0,0,36.078260,-86.642960,MURFREESBORO PKE,,,,27.00,Feet,East,MARTWAY DR,,,,0.00,N,Not at Intersection, ,Non-Junction,None,,,         ,David,Robberson,Clear,Angle,no,no,no,yes,yes,False
101549780,METROPOLITAN NASHVILLE POLICE DEPT,20170130884,Davidson,Not in City Limit,2/9/2017 11:26:00 PM,2,0,0,36.263900,-86.712010,OLD TIME VILLAGE PVTDR,,,,108.00,Feet,West,GALLATIN PKEN,,,,0.00,N,Not at Intersection, ,Non-Junction,None,,,         ,Devon,Morgan,Clear,Front to Rear,no,no,no,yes,yes,False
101549791,METROPOLITAN NASHVILLE POLICE DEPT,20170131104,Davidson,Nashville,2/9/2017 6:00:00 PM,1,0,0,36.193100,-86.744170,GALLATIN AV,,,,152.00,Feet,North,DOUGLAS AV,,,,0.00,N,Not at Intersection, ,Non-Junction,None,,,         ,Joshua,Billotte,Clear,Not Collision with Motor Vehicle in Transport,no,no,no,yes,no,False
101549793,METROPOLITAN NASHVILLE POLICE DEPT,20170131101,Davidson,Madison,2/10/2017 3:45:00 AM,1,1,0,36.263270,-86.713060,OLD TIME VILLAGE PVTDR,,,,33.00,Feet,North,OLD HICKORY BLVDW,,,,0.00,N,Not at Intersection,N,Non-Junction,None,,,         ,Devon,Morgan,Clear,Not Collision with Motor Vehicle in Transport,yes,no,no,no,no,False
101549799,METROPOLITAN NASHVILLE POLICE DEPT,20170131181,Davidson,Nashville,2/10/2017 4:41:00 AM,2,1,0,36.110740,-86.722510,I 24,,,,0.00,,,,,,,53.60,N,Not at Intersection,N,Non-Junction,None,,,         ,Erik,Dabbs,Clear,Front to Rear,no,no,no,no,no,False
101549802,METROPOLITAN NASHVILLE POLICE DEPT,2017-0131220,Davidson,Nashville,2/10/2017 5:15:00 AM,2,2,0,36.155590,-86.771070,2ND AVS,,,,0.00,,,LEA AV,,,,0.00,Y,T-Intersection,N,Intersection-Related,None,,,         ,Hunter,Fikes,Clear,Angle,no,no,no,no,no,False
101549814,METROPOLITAN NASHVILLE POLICE DEPT,20170131195,Davidson,Nashville,2/10/2017 4:50:00 AM,2,0,0,36.169470,-86.806620,DR D B TODD JR BLVD,,,,0.00,,,JEFFERSON ST,,,,0.00,Y,Four-Way,N,Non-Junction,None,,,         ,Johnathan,Pannell,Clear,HeadOn,no,no,no,no,no,False
101549841,METROPOLITAN NASHVILLE POLICE DEPT,20170131317,Davidson,Nashville,2/10/2017 6:18:00 AM,2,0,0,36.195720,-86.776130,I 65,,,,0.00,,,,,,,86.60,N,Not at Intersection,N,Non-Junction,None,,,         ,James,Murphy,Clear,"Sideswipe, Same Direction",yes,no,no,no,no,False
101549846,METROPOLITAN NASHVILLE POLICE DEPT,20170131271,Davidson,Nashville,2/10/2017 5:40:00 AM,2,1,0,36.195590,-86.776150,I 65,,,,0.00,,,,,,,86.55,N,Not at Intersection,N,Non-Junction,None,,,         ,Geoffrey,Daugherty,Clear,"Sideswipe, Same Direction",no,no,no,no,no,False
101549858,METROPOLITAN NASHVILLE POLICE DEPT,20170131382,Davidson,Nashville,2/10/2017 7:11:00 AM,2,0,0,36.047740,-86.864310,OLD HICKORY BLVD,,,,491.00,Feet,West,HILLSBORO PKE,,,,0.00,N,Not at Intersection, ,Non-Junction,None,,,         ,Curtis,Rich,Clear,Front to Rear,no,no,no,no,no,False
101549868,METROPOLITAN NASHVILLE POLICE DEPT,20170131348,Davidson,Nashville,2/10/2017 12:00:00 AM,2,3,0,36.172280,-86.768970,I 24,,,,0.00,,,,,,,48.30,N,Not at Intersection,N,Non-Junction,None,,,         ,Daniel,Russett,Clear,Front to Rear,no,no,no,no,no,False
101549873,METROPOLITAN NASHVILLE POLICE DEPT,20170131490,Davidson,Nashville,2/10/2017 7:48:00 AM,2,0,0,36.158930,-86.800810,DR D B TODD JR BLVD,,,,0.00,,,PEARL ST,,,,0.00,Y,T-Intersection, ,Intersection,None,,,         ,Julie,Nabors,Clear,Angle,no,no,no,no,no,False
101549875,METROPOLITAN NASHVILLE POLICE DEPT,20170131472,Davidson,Nashville,2/10/2017 7:46:00 AM,2,0,0,36.053610,-86.775160,I 65,,,,0.00,,,,,,,74.80,N,Not at Intersection,N,Non-Junction,None,,,         ,Phillip,Murphy,Clear,Front to Rear,no,no,no,no,no,False
101549883,METROPOLITAN NASHVILLE POLICE DEPT,20170131479,Davidson,Nashville,2/10/2017 7:49:00 AM,2,0,0,36.126610,-86.908600,CHARLOTTE PKE,,,,864.00,Feet,South,CHARLOTTE PKE PVTDR,,,,0.00,N,Not at Intersection, ,Non-Junction,None,,,         ,Michael,Phelps,Clear,Front to Rear,no,no,no,no,no,False
101549906,METROPOLITAN NASHVILLE POLICE DEPT,20170131491,Davidson,Nashville,2/10/2017 7:45:00 AM,2,0,0,36.128410,-86.803080,21ST AVS,,,,0.00,,,SUNSET PL,,,,0.00,Y,T-Intersection,N,Intersection,None,,,         ,Brent,Bauer,Clear,Angle,no,no,no,no,no,False
101549909,METROPOLITAN NASHVILLE POLICE DEPT,20170131392,Davidson,Madison,2/10/2017 6:52:00 AM,2,0,0,36.277940,-86.751090,DICKERSON PKE,,,,117.00,Feet,North,NESBITT DR,,,,0.00,N,Not at Intersection,N,Non-Junction,None,,,         ,Spencer,Pittman,,Front to Rear,no,no,no,no,no,False