master_record_number,agency,agency_tracking_number,county,city,collision_date,vehicles_involved,number_injured,number_dead,latitude,longitude,roadway_name,roadway_suffix,roadway_number,roadway_local_id,distance_from_reference,miles-feet_indicator,direction_from_reference,intersection_road_name,intersection_road_name_suffix,intersection_road_number,intersection_local_id,mile_marker,intersection_indicator,intersect_type,interchange_related_indicator,relation_to_junction,work_zone_type,construction_maintenance_zone,construction_maintenance_zone_location,fatal_case_number,officer_first_name,officer_last_name,weather_condition(s),manner_of_crash,pedestrian,bicycle,scooter,parking,hitrun,mou
101554600,METROPOLITAN NASHVILLE POLICE DEPT,20170146094,Davidson,Nashville,2/14/2017 10:01:00 PM,2,0,0,36.121650,-86.806820,I440 E ENT RAMP,,,,0.00,Feet,East,I 440,,,,0.00,N,Not at Intersection, ,Entrance/Exit Ramp Related,None,,,         ,Charles,Griffin,Rain,Front to Rear,no,no,no,no,no,False
101554601,METROPOLITAN NASHVILLE POLICE DEPT,20170146061,Davidson,Nashville,2/14/2017 9:44:00 PM,2,0,0,36.119370,-86.802060,I 440,,,,0.00,,,,,,,3.05,N,Not at Intersection, ,Non-Junction,None,,,         ,Ralph,Smith IV,Rain,Angle,no,no,no,no,no,False
101554602,METROPOLITAN NASHVILLE POLICE DEPT,20170146115,Davidson,Nashville,2/14/2017 9:22:00 PM,2,0,0,36.087670,-86.649160,MURFREESBORO PKE,,,,310.00,Feet,North,RANSOM PL,,,,0.00,N,Not at Intersection,N,Non-Junction,None,,,         ,Alyson,Cook,Rain,Front to Rear,no,no,no,no,yes,False
101554607,METROPOLITAN NASHVILLE POLICE DEPT,20170145919,Davidson,Nashville,2/14/2017 9:02:00 PM,4,3,0,36.115880,-86.784730,I 440,,,,0.00,,,,,,,4.25,N,Not at Intersection,N,Entrance/Exit Ramp Related,None,,,         ,Tien,Nguyen,Rain,Front to Rear,no,no,no,no,no,False
101554610,METROPOLITAN NASHVILLE POLICE DEPT,20170146103,Davidson,Nashville,2/14/2017 9:29:00 PM,2,0,0,36.044950,-86.659750,I24 E ENT RAMP,,,,0.00,,,I 24,,,,0.00,Y,T-Intersection, ,Intersection-Related,None,,,         ,Kevin,Keating,Rain,Front to Rear,no,no,no,no,no,False
101554612,METROPOLITAN NASHVILLE POLICE DEPT,20170146141,Davidson,Nashville,2/14/2017 9:26:00 PM,2,0,0,36.107020,-86.674990,MURFREESBORO PKE,,,,623.00,Feet,East,DELL PKWY,,,,0.00,N,Not at Intersection,N,Non-Junction,None,,,         ,Alyson,Cook,Rain,Unknown,no,no,no,no,yes,False
101554613,METROPOLITAN NASHVILLE POLICE DEPT,20170145303,Davidson,Nashville,2/14/2017 5:10:00 PM,2,0,0,36.152480,-86.766170,I 40,,,,0.00,,,,,,,210.60,N,Not at Intersection, ,Non-Junction,None,,,         ,John,Daugherty,Cloudy,Front to Rear,no,no,no,no,no,False
101554614,METROPOLITAN NASHVILLE POLICE DEPT,20170146022,Davidson,Nashville,2/14/2017 9:30:00 PM,2,0,0,36.168110,-86.817000,JEFFERSON ST,,,,20.00,Feet,West,I40 W ENT RAMP,,,,0.00,N,Not at Intersection,N,OtherLocation,None,,,         ,Landon,Bagwell,Rain,Angle,no,no,no,no,no,False
101554617,METROPOLITAN NASHVILLE POLICE DEPT,20170145739,Davidson,Nashville,2/14/2017 7:00:00 PM,2,0,0,36.164420,-86.819150,I40 W ENT RAMP,,,,0.00,,,I 40,,,,0.00,Y,Y-Intersection, ,Intersection,None,,,         ,Charles,Holmes,Rain,Front to Rear,yes,no,no,no,no,False
101554618,METROPOLITAN NASHVILLE POLICE DEPT,20170144917,Davidson,Nashville,2/14/2017 2:30:00 PM,1,0,0,36.169520,-86.606540,I40 E EXT RAMP,,,,0.00,Feet,East,I 40,,,,0.00,N,Not at Intersection,N,OtherLocation,None,,,         ,Christopher,Mackey,Rain,Not Collision with Motor Vehicle in Transport,no,no,no,no,no,False
101554622,METROPOLITAN NASHVILLE POLICE DEPT,20170146144,Davidson,Nashville,2/14/2017 9:45:00 PM,2,0,0,36.235830,-86.780020,RICHMOND HILL DR,,,,0.00,,,SPEARS RD,,,,0.00,Y,Four-Way, ,Non-Junction,None,,,         ,Ryan,Kozlowski,Rain,Angle,no,no,no,no,no,False
101554626,METROPOLITAN NASHVILLE POLICE DEPT,20170143663,Davidson,Nashville,2/14/2017 12:00:00 AM,6,0,0,36.088230,-86.701610,I 24,,,,0.00,,,,,,,55.55,N,Not at Intersection,N,Non-Junction,None,,,         ,Brian,Mclarty,Clear,Front to Rear,no,no,no,no,yes,False
101554640,METROPOLITAN NASHVILLE POLICE DEPT,20170146255,Davidson,Nashville,2/14/2017 10:04:00 PM,1,0,0,36.078800,-86.696680,LINBAR DR,,,,1235.00,Feet,West,EAST RIDGE DR,,,,0.00,N,Not at Intersection,N,Non-Junction,None,,,         ,Sandra,Fly,Rain,Not Collision with Motor Vehicle in Transport,no,no,no,no,no,False
101554646,METROPOLITAN NASHVILLE POLICE DEPT,20170146344,Davidson,Nashville,2/14/2017 11:30:00 PM,1,0,0,36.153750,-86.754950,HERMITAGE AV,,,,336.00,Feet,East,FAIRFIELD AV,,,,0.00,N,Not at Intersection,N,Non-Junction,None,,,         ,Curtis,Fisher,Rain,Not Collision with Motor Vehicle in Transport,no,no,no,no,no,False
101554651,METROPOLITAN NASHVILLE POLICE DEPT,20170146342,Davidson,Nashville,2/14/2017 11:40:00 PM,2,0,0,36.152300,-86.797450,WEST END AV,,,,0.00,,,19TH AVN,,,,0.00,Y,Four-Way,Y,Intersection-Related,None,,,         ,Brian,Birch,Rain,Rear to Side,no,no,no,no,yes,False
101554663,METROPOLITAN NASHVILLE POLICE DEPT,20170146310,Davidson,Nashville,2/14/2017 11:38:00 PM,1,1,0,36.153240,-86.687680,ELM HILL PKE,,,,0.00,,,ATRIUM WAY,,,,0.00,Y,T-Intersection,N,Non-Junction,None,,,         ,Joseph,Zambardi,Rain,Not Collision with Motor Vehicle in Transport,no,no,no,no,no,False
101554664,METROPOLITAN NASHVILLE POLICE DEPT,20170146519,Davidson,Nashville,2/15/2017 12:30:00 AM,2,0,0,36.154130,-86.801360,20TH AVN,,,,104.00,Feet,South,STATE ST,,,,0.00,N,Not at Intersection, ,Non-Junction,None,,,         ,Eric,Westbrook,Rain,"Sideswipe, Same Direction",no,no,no,no,no,False
101554671,METROPOLITAN NASHVILLE POLICE DEPT,20170146633,Davidson,Nashville,2/15/2017 1:36:00 AM,1,1,0,36.141910,-86.676930,I 40,,,,0.00,,,,,,,215.00,N,Not at Intersection,N,Non-Junction,None,,,         ,Curtis,Fisher,Rain,Not Collision with Motor Vehicle in Transport,no,no,no,no,no,False
101554677,METROPOLITAN NASHVILLE POLICE DEPT,20170146316,Davidson,Nashville,2/14/2017 11:35:00 PM,2,0,0,36.151160,-86.769230,I 40,,,,0.00,,,,,,,210.50,N,Not at Intersection, ,Non-Junction,None,,,         ,Luis,De Los Santos,Rain,Front to Rear,no,no,no,no,no,False
101554679,METROPOLITAN NASHVILLE POLICE DEPT,20170146414,Davidson,Nashville,2/15/2017 12:03:00 AM,1,1,0,36.177660,-86.695090,BRILEY PKWYS,,,,821.00,Feet,East,BRILEY PKWYN,,,,0.00,N,Not at Intersection,N,Non-Junction,None,,,         ,Sean,Wuethrich,Rain,Not Collision with Motor Vehicle in Transport,no,no,no,no,no,False
101554680,METROPOLITAN NASHVILLE POLICE DEPT,20170146455,Davidson,Nashville,2/15/2017 12:00:00 AM,1,2,0,36.184480,-86.798020,I 65,,,,0.00,,,,,,,85.35,N,Not at Intersection,N,Non-Junction,None,,,         ,Myriah,Iles,Rain,Not Collision with Motor Vehicle in Transport,no,no,no,no,no,False
101554681,VANDERBILT UNIVERSITY POLICE,2017-0146298,Davidson,Nashville,2/14/2017 11:00:00 PM,1,0,0,36.149670,-86.798290,BROADWAY,,,,0.00,,,,,,,0.00,,, ,Non-Junction,None,,,         ,Joel,Newsom,Rain,Not Collision with Motor Vehicle in Transport,no,no,no,yes,no,Campus
101554686,METROPOLITAN NASHVILLE POLICE DEPT,20170146461,Davidson,Nashville,2/15/2017 12:20:00 AM,1,0,0,36.166870,-86.795500,I 40,,,,0.00,,,,,,,208.25,N,Not at Intersection,N,Non-Junction,None,,,         ,Anthony,Cavis,Rain,Not Collision with Motor Vehicle in Transport,no,no,no,no,no,False
101554718,Nashville Airport Police,2017-0470,Davidson,Nashville,2/12/2017 7:00:00 AM,2,0,0,36.106210,-86.673060,MURFREESBORO PKE,,,,0.00,,,DONELSON PKE,,,,0.00,Y,Four-Way,N,Intersection-Related,None,,,         ,Bradley,Kessler,Clear,Front to Rear,no,no,no,no,no,False
101554725,METROPOLITAN NASHVILLE POLICE DEPT,20170146517,Davidson,Nashville,2/15/2017 12:00:00 AM,1,0,0,36.083890,-86.727670,NOLENSVILLE PKE,,,,189.00,Feet,North,PARAGON MILLS RD,,,,0.00,N,Not at Intersection,N,OtherLocation,None,,,         ,Jose,Salazar,Rain,Not Collision with Motor Vehicle in Transport,no,no,no,yes,yes,False
101554746,METROPOLITAN NASHVILLE POLICE DEPT,20170144717,Davidson,Not in City Limit,2/14/2017 1:15:00 PM,2,0,0,36.086490,-86.936670,HICKS RD,,,,95.00,Feet,East,SAWYER BROWN RD,,,,0.00,N,Not at Intersection, ,Non-Junction,None,,,         ,Curtis,Rich,Rain,Angle,no,no,no,no,no,False
101554762,METROPOLITAN NASHVILLE POLICE DEPT,20170147042,Davidson,Nashville,2/15/2017 4:30:00 AM,1,0,0,36.054810,-86.674200,I 24,,,,0.00,,,,,,,58.30,N,Not at Intersection, ,Non-Junction,None,,,         ,Daniel,Garrett,Clear,Not Collision with Motor Vehicle in Transport,no,no,no,no,no,False
101554763,METROPOLITAN NASHVILLE POLICE DEPT,20170144880,Davidson,Nashville,2/14/2017 2:16:00 PM,2,0,0,36.072910,-86.623660,OWENDALE DR,,,,350.00,Feet,South,ANDERSON RD,,,,0.00,N,Not at Intersection, ,Non-Junction,None,,,         ,Randall,Combs,Rain,Angle,no,no,no,no,no,False
101554776,METROPOLITAN NASHVILLE POLICE DEPT,20170144832,Davidson,Nashville,2/14/2017 1:40:00 PM,2,0,0,36.172840,-86.765340,JAMES ROBERTSON PKWY,,,,0.00,,,MAIN ST,,,,0.00,Y,Four-Way, ,Intersection-Related,None,,,         ,David,Boone,Rain,Front to Rear,no,no,no,no,no,False
101554777,METROPOLITAN NASHVILLE POLICE DEPT,20170144736,Davidson,Nashville,2/14/2017 1:18:00 PM,2,0,0,36.040170,-86.782640,I 65,,,,0.00,,,,,,,74.70,N,Not at Intersection,N,Non-Junction,None,,,         ,YUNUS,ADAK,Rain,Angle,no,no,no,no,no,False
101554780,METROPOLITAN NASHVILLE POLICE DEPT,20170147195,Davidson,Nashville,2/15/2017 5:48:00 AM,2,0,0,36.066250,-86.686100,I 24,,,,0.00,,,,,,,57.30,N,Not at Intersection,N,Non-Junction,None,,,         ,Sandra,Fly,Clear,Front to Rear,no,no,no,no,no,False
101554781,METROPOLITAN NASHVILLE POLICE DEPT,20170144785,Davidson,Nashville,2/14/2017 1:43:00 PM,2,0,0,36.082100,-86.761700,HARDING PL,,,,0.00,,,SIDCO DR,,,,0.00,Y,Four-Way, ,Intersection-Related,None,,,         ,Brent,Bauer,Rain,Front to Rear,no,no,no,no,no,False
101554782,METROPOLITAN NASHVILLE POLICE DEPT,20170144753,Davidson,Nashville,2/14/2017 1:25:00 PM,2,1,0,36.140960,-86.729230,I 40,,,,0.00,,,,,,,213.15,N,Not at Intersection,N,Non-Junction,None,,,         ,Michael,Dance,Rain,"Sideswipe, Same Direction",no,no,no,no,yes,False
101554792,METROPOLITAN NASHVILLE POLICE DEPT,20170147224,Davidson,Nashville,2/15/2017 6:06:00 AM,3,0,0,36.153790,-86.794410,WEST END AV,,,,0.00,,,17TH AVN,,,,0.00,Y,T-Intersection, ,Intersection,None,,,         ,Brian,Birch,Cloudy,Front to Rear,no,no,no,no,no,False
101554809,METROPOLITAN NASHVILLE POLICE DEPT,20170144793,Davidson,Nashville,2/14/2017 1:42:00 PM,1,0,0,36.212470,-86.622730,RACHELS LN,,,,0.00,,,OLD HICKORY BLVD,,,,0.00,Y,T-Intersection,N,Non-Junction,None,,,         ,William,Mckay,Rain,Not Collision with Motor Vehicle in Transport,no,no,no,no,no,False
101554810,METROPOLITAN NASHVILLE POLICE DEPT,20170144800,Davidson,Nashville,2/14/2017 1:30:00 PM,2,0,0,36.239970,-86.700050,RIVERBEND DR,,,,65.00,Feet,North,CAIN HARBOR DR,,,,0.00,N,Not at Intersection, ,Non-Junction,None,,,         ,Wesley,Young,Rain,Angle,no,no,no,no,no,False
101554812,BERRY HILL POLICE DEPT,17-0529,Davidson,Berry Hill,2/14/2017 1:35:00 PM,2,1,0,36.116670,-86.766320,E IRIS DR,,,,0.00,,,W IRIS DR,,,,0.00,Y,Four-Way,N,Non-Junction,None,,,         ,Timothy,Coleman,Rain,Front to Rear,no,no,no,no,no,False
101554814,METROPOLITAN NASHVILLE POLICE DEPT,20170147353,Davidson,Nashville,2/15/2017 7:37:00 AM,2,1,0,36.183850,-86.797980,I65 N ENT RAMP,,,,0.00,,,I 65,,,,0.00,Y,Four-Way,Y,Intersection,None,,,         ,James,Jarvis,Clear,Front to Rear,no,no,no,no,no,False
101554823,METROPOLITAN NASHVILLE POLICE DEPT,20170147316,Davidson,Nashville,2/15/2017 7:10:00 AM,2,0,0,36.143090,-86.705860,I 40,,,,0.00,,,,,,,214.45,N,Not at Intersection, ,Non-Junction,None,,,         ,Richard,Conger,Clear,Not Collision with Motor Vehicle in Transport,no,no,no,no,yes,False
101554826,METROPOLITAN NASHVILLE POLICE DEPT,20170147329,Davidson,Madison,2/15/2017 7:27:00 AM,2,0,0,36.249570,-86.666070,ARABIAN CT,,,,0.00,,,CANTON PASS,,,,0.00,Y,OTHER,N,Non-Junction,None,,,         ,Eric,Richardson,Clear,Rear to Rear,no,no,no,no,yes,False
101554828,METROPOLITAN NASHVILLE POLICE DEPT,2017144847,Davidson,Nashville,2/14/2017 1:46:00 PM,2,0,0,36.212470,-86.622730,RACHELS LN,,,,0.00,,,OLD HICKORY BLVD,,,,0.00,Y,T-Intersection,N,Non-Junction,None,,,         ,Christopher,Dickerson,Rain,Front to Rear,no,no,no,no,no,False
101554829,METROPOLITAN NASHVILLE POLICE DEPT,20170147257,Davidson,Not in City Limit,2/15/2017 6:23:00 AM,2,0,0,36.279810,-86.874080,CLARKSVILLE PKE,,,,228.00,Feet,West,OLD HICKORY BLVD,,,,0.00,N,Not at Intersection,N,Non-Junction,None,,,         ,Chad,Wilkinson,Clear,Angle,no,no,no,no,no,False
101554835,METROPOLITAN NASHVILLE POLICE DEPT,20170147378,Davidson,Not in City Limit,2/15/2017 7:40:00 AM,2,0,0,36.078670,-86.951250,HIGHWAY 70S,,,,139.00,Feet,West,BELLEVUE CTR PVTDR,,,,0.00,N,Not at Intersection, ,,None,,,         ,Wesley,Tilley,,,no,no,no,no,no,False
101554853,METROPOLITAN NASHVILLE POLICE DEPT,20170147354,Davidson,Nashville,2/15/2017 8:00:00 AM,2,0,0,36.106370,-86.884860,BROOK HOLLOW RD,,,,0.00,,,ROBIN HILL RD,,,,0.00,Y,Four-Way, ,Intersection,None,,,         ,Curtis,Rich,Cloudy,Angle,no,no,no,no,no,False
101554857,METROPOLITAN NASHVILLE POLICE DEPT,2017-0147301,Davidson,Nashville,2/15/2017 7:00:00 AM,2,0,0,36.156580,-86.787480,BROADWAY,,,,0.00,,,12TH AVS,,,,0.00,Y,Four-Way, ,Intersection-Related,None,,,         ,Charles,Coe,Cloudy,Front to Rear,no,no,no,no,yes,False
101554860,METROPOLITAN NASHVILLE POLICE DEPT,20170147424,Davidson,Nashville,2/15/2017 7:30:00 AM,1,0,0,36.089300,-86.702460,I 24,,,,0.00,,,,,,,55.45,N,Not at Intersection, ,Non-Junction,None,,,         ,Thomas,White,Clear,Not Collision with Motor Vehicle in Transport,no,no,no,no,no,False
101554861,METROPOLITAN NASHVILLE POLICE DEPT,20170147509,Davidson,Nashville,2/15/2017 8:30:00 AM,2,0,0,36.118010,-86.800470,I 440,,,,0.00,,,,,,,3.20,N,Not at Intersection, ,Non-Junction,None,,,         ,Nathan,Kemp,Clear,Front to Rear,no,no,no,no,no,False
101554880,GOODLETTSVILLE POLICE DEPT,17-05675,Davidson,Goodlettsville,2/13/2017 5:35:00 PM,2,0,0,36.299110,-86.700260,RIVERGATE PKWY,,,,67.00,Feet,North,GLANCY ST,,,,0.00,N,Not at Intersection, ,Non-Junction,None,,,         ,Jeremy,Baker,Clear,Front to Rear,no,no,no,no,no,False
101554893,VANDERBILT UNIVERSITY POLICE,17-0144834,Davidson,Nashville,2/14/2017 1:15:00 PM,2,0,0,36.142450,-86.800400,21ST AVS,,,,0.00,,,,,,,0.00,,,N,Non-Junction,None,,,         ,Karl,Haury,Clear,Front to Rear,no,no,no,yes,yes,Campus
101554899,METROPOLITAN NASHVILLE POLICE DEPT,20170147478,Davidson,Nashville,2/15/2017 7:50:00 AM,2,0,0,36.188300,-86.796840,DOMINICAN DR,,,,0.00,,,FRENCH LANDING DR,,,,0.00,Y,T-Intersection,N,Intersection-Related,None,,,         ,Shawn,Taylor,Cloudy,Front to Rear,no,no,no,no,yes,False
101554916,METROPOLITAN NASHVILLE POLICE DEPT,20170147263,Davidson,Nashville,2/15/2017 6:47:00 AM,1,0,0,36.235850,-86.705220,BRILEY PKWYW,,,,1552.00,Feet,East,PENNINGTON BEND RD,,,,0.00,N,Not at Intersection,N,Non-Junction,None,,,         ,James,Curtis,Clear,Not Collision with Motor Vehicle in Transport,no,no,no,no,no,False
101554917,METROPOLITAN NASHVILLE POLICE DEPT,20170147587,Davidson,Nashville,2/15/2017 8:45:00 AM,2,0,0,36.143460,-86.687370,I 40,,,,0.00,,,,,,,215.45,N,Not at Intersection,N,Non-Junction,None,,,         ,James,Curtis,Clear,Front to Rear,no,no,no,no,no,False
101554924,METROPOLITAN NASHVILLE POLICE DEPT,20170147542,Davidson,Nashville,2/15/2017 8:36:00 AM,2,0,0,36.042680,-86.654200,I 24,,,,0.00,,,,,,,59.70,N,Not at Intersection,N,Non-Junction,None,,,         ,Robert,Erickson,Clear,Front to Rear,no,no,no,no,no,False
101554928,METROPOLITAN NASHVILLE POLICE DEPT,20170147312,Davidson,Nashville,2/15/2017 7:15:00 AM,2,0,0,36.128610,-86.907810,RIVER RD,,,,263.00,Feet,West,RIVER RD PVTDR,,,,0.00,N,Not at Intersection, ,"Driveway, Alley Access, etc",None,,,         ,Mary,Williams,Clear,Angle,no,no,no,no,no,False
101554930,METROPOLITAN NASHVILLE POLICE DEPT,20170147748,Davidson,Nashville,2/15/2017 9:48:00 AM,2,0,0,36.143530,-86.813940,WEST END AV,,,,97.00,Feet,East,30TH AVN,,,,0.00,N,Not at Intersection,N,Non-Junction,None,,,         ,Nathan,Kemp,Clear,Front to Rear,no,no,no,yes,yes,Campus
101554932,METROPOLITAN NASHVILLE POLICE DEPT,20170147733,Davidson,Nashville,2/15/2017 9:36:00 AM,2,0,0,36.152390,-86.836790,CHARLOTTE AV,,,,79.00,Feet,East,42ND AVN,,,,0.00,N,Not at Intersection, ,Non-Junction,None,,,         ,Curtis,Rich,Cloudy,Front to Rear,no,no,no,no,no,False
101554933,METROPOLITAN NASHVILLE POLICE DEPT,20170144133,Davidson,Nashville,2/14/2017 6:40:00 AM,1,0,0,36.159880,-86.782120,ROSA L PARKS BLVD,,,,0.00,,,,,,,0.00,,Not at Intersection, ,Non-Junction,None,,,         ,Christopher,Higdon,Cloudy,Not Collision with Motor Vehicle in Transport,no,no,no,yes,no,False
101554943,METROPOLITAN NASHVILLE POLICE DEPT,20170147634,Davidson,Nashville,2/15/2017 9:05:00 AM,2,0,0,36.238930,-86.725250,WALTON LN,,,,410.00,Feet,West,GALLATIN PKE,,,,0.00,N,Not at Intersection,N,Non-Junction,None,,,         ,Brian,Otto,Cloudy,Angle,no,no,no,yes,no,False
101554950,METROPOLITAN NASHVILLE POLICE DEPT,20170147423,Davidson,Nashville,2/14/2017 8:00:00 PM,1,0,0,36.095530,-86.707510,I 24,,,,0.00,,,,,,,54.95,N,Not at Intersection,N,Non-Junction,None,,,         ,Thomas,White,Rain,Not Collision with Motor Vehicle in Transport,no,no,no,no,no,False
101554983,BERRY HILL POLICE DEPT,17-501,Davidson,Berry Hill,2/11/2017 12:00:00 AM,2,0,0,36.122050,-86.774670,BILOXI AV,,,,0.00,,,,,,,0.00,,, ,Non-Junction,None,,,         ,John,Gleixner,Cloudy,Angle,no,no,no,yes,no,False
101554998,METROPOLITAN NASHVILLE POLICE DEPT,2017-147838,Davidson,Nashville,2/15/2017 9:30:00 AM,2,0,0,36.158960,-86.760460,I 24,,,,0.00,,,,,,,49.55,N,Not at Intersection, ,Non-Junction,None,,,         ,Melissa,Flores,Clear,Front to Rear,no,no,no,no,no,False
101554999,METROPOLITAN NASHVILLE POLICE DEPT,20170147540,Davidson,Nashville,2/15/2017 8:37:00 AM,2,1,0,36.160510,-86.794210,CHARLOTTE AV,,,,180.00,Feet,West,14TH AVN,,,,0.00,N,Not at Intersection,Y,Non-Junction,None,,,         ,Isaac,Wood,Clear,Angle,no,no,no,no,no,False
101555001,METROPOLITAN NASHVILLE POLICE DEPT,20170147786,Davidson,Not in City Limit,2/15/2017 9:55:00 AM,1,0,0,36.267590,-86.944290,LITTLE MARROWBONE RD,,,,0.69,Miles,East,HIGDON RD PVTDR,,,,0.00,N,Not at Intersection,N,Non-Junction,None,,,         ,Chad,Wilkinson,Clear,Not Collision with Motor Vehicle in Transport,no,no,no,no,no,False
101555006,METROPOLITAN NASHVILLE POLICE DEPT,20170147692,Davidson,Nashville,2/15/2017 9:30:00 AM,2,0,0,36.089590,-86.688520,EZELL PKE,,,,0.00,Feet,,HARDING PL,,,,0.00,Y,Four-Way,N,Intersection,None,,,         ,Thomas,White,Clear,Angle,no,no,no,no,no,False
101555007,VANDERBILT UNIVERSITY POLICE,2017-0147754,Davidson,Nashville,2/15/2017 9:45:00 AM,2,0,0,36.140840,-86.801480,MEDICAL CENTER DR,,,,0.00,,,MEDICAL CENTER DR,,,,0.00,Y,OTHER, ,,None,,,         ,Shaneithia,Lewis,,,no,no,no,yes,no,Campus
101555018,METROPOLITAN NASHVILLE POLICE DEPT,20170147971,Davidson,Nashville,2/15/2017 11:00:00 AM,2,0,0,36.131960,-86.664410,DONELSON PKE,,,,432.00,Feet,South,DONELSON PKEN,,,,0.00,N,Not at Intersection, ,Non-Junction,None,,,         ,Brian,Lamb,Clear,"Sideswipe, Opposite Direction",no,no,no,no,no,False
101555025,METROPOLITAN NASHVILLE POLICE DEPT,20170148063,Davidson,Nashville,2/15/2017 11:44:00 AM,3,0,0,36.142060,-86.857530,WHITE BRIDGE PKE,,,,249.00,Feet,North,OAKMONT CIR,,,,0.00,N,Not at Intersection, ,,None,,,         ,Curtis,Rich,,,no,no,no,no,no,False
101555027,METROPOLITAN NASHVILLE POLICE DEPT,20170148041,Davidson,Nashville,2/15/2017 11:34:00 AM,1,0,0,36.143880,-86.799880,21ST AVS,,,,80.00,Feet,South,EDGEHILL AV,,,,0.00,N,Not at Intersection, ,,None,,,         ,Nathan,Kemp,,,no,no,no,no,no,Campus
101555033,METROPOLITAN NASHVILLE POLICE DEPT,20170147628,Davidson,Nashville,2/15/2017 9:05:00 AM,2,0,0,36.160760,-86.793690,CHARLOTTE AV,,,,0.00,,,14TH AVN,,,,0.00,Y,Four-Way,Y,Intersection,None,,,         ,Royce,McLester,Clear,"Sideswipe, Same Direction",no,no,no,no,no,False
101555034,METROPOLITAN NASHVILLE POLICE DEPT,2017-0147277,Davidson,Nashville,2/15/2017 6:21:00 AM,2,1,0,36.044850,-86.668370,BELL RD,,,,0.00,,,ARBOR COMMON,,,,0.00,Y,Four-Way,N,"Driveway, Alley Access, etc",None,,,         ,William,Whitworth,Clear,Angle,no,no,no,no,no,False
101555035,METROPOLITAN NASHVILLE POLICE DEPT,20170148079,Davidson,Nashville,2/15/2017 11:47:00 AM,2,0,0,36.105100,-86.795930,GRANNY WHITE PKE,,,,182.00,Feet,South,MORROW AV,,,,0.00,N,Not at Intersection, ,Non-Junction,None,,,         ,YUNUS,ADAK,Clear,Angle,no,no,no,no,no,False
101555036,METROPOLITAN NASHVILLE POLICE DEPT,2017-0147454,Davidson,Nashville,2/15/2017 6:18:00 AM,2,0,0,36.069120,-86.683840,ANTIOCH PKE,,,,0.00,,,RICHARDS RD,,,,0.00,Y,T-Intersection, ,Intersection,None,,,         ,William,Whitworth,Clear,Angle,no,no,no,no,no,False
101555038,METROPOLITAN NASHVILLE POLICE DEPT,2017-0147652,Davidson,Nashville,2/15/2017 7:23:00 AM,3,1,0,36.068590,-86.675810,RICHARDS RD,,,,128.00,Feet,East,WAIKIKI BLVD,,,,0.00,N,Not at Intersection,N,Non-Junction,None,,,         ,William,Whitworth,Clear,Front to Rear,no,no,no,no,yes,False
101555039,METROPOLITAN NASHVILLE POLICE DEPT,20170147750,Davidson,Nashville,2/15/2017 8:00:00 AM,3,0,0,36.099250,-86.739260,NOLENSVILLE PKE,,,,151.00,Feet,South,MCCALL ST,,,,0.00,N,Not at Intersection,N,Non-Junction,None,,,         ,Todd,Watson,Cloudy,Front to Rear,no,no,no,no,yes,False
101555040,METROPOLITAN NASHVILLE POLICE DEPT,20170147481,Davidson,Nashville,2/15/2017 8:15:00 AM,2,0,0,36.152330,-86.857400,I 40,,,,0.00,,,,,,,204.00,N,Not at Intersection,N,Non-Junction,None,,,         ,Gregory,McDaniel,Clear,"Sideswipe, Same Direction",no,no,no,no,no,False
101555064,METROPOLITAN NASHVILLE POLICE DEPT,20170144685,Davidson,Nashville,2/14/2017 12:42:00 PM,2,0,0,36.141950,-86.816230,32ND AVS,,,,0.00,,,WEST END AV,,,,0.00,Y,T-Intersection, ,Intersection-Related,None,,,         ,Phillip,Murphy,Cloudy,Angle,no,no,no,no,no,Campus
101555073,METROPOLITAN NASHVILLE POLICE DEPT,20170148204,Davidson,Nashville,2/15/2017 12:44:00 PM,2,0,0,36.140080,-86.879310,CHARLOTTE PKE,,,,33.00,Feet,West,RUSSLEO DR,,,,0.00,N,Not at Intersection, ,Non-Junction,None,,,         ,Curtis,Rich,Clear,Front to Rear,no,no,no,no,no,False
101555083,METROPOLITAN NASHVILLE POLICE DEPT,20170148075,Davidson,Madison,2/15/2017 11:45:00 AM,2,1,0,36.264280,-86.728420,OLD HICKORY BLVDW,,,,370.00,Feet,West,E MARTHONA RD,,,,0.00,N,Not at Intersection,N,Non-Junction,None,,,         ,Michael,Agee,Clear,Front to Rear,no,no,no,no,no,False
101555084,METROPOLITAN NASHVILLE POLICE DEPT,20170144926,Davidson,Nashville,2/14/2017 2:01:00 PM,2,0,0,36.136570,-86.700940,GLASTONBURY RD,,,,436.00,Feet,West,BRILEY PKWY,,,,0.00,N,Not at Intersection, ,Non-Junction,None,,,         ,Michael,Apsey,Cloudy,Front to Rear,no,no,no,no,no,False
101555085,METROPOLITAN NASHVILLE POLICE DEPT,20170145289,Davidson,Nashville,2/14/2017 3:48:00 PM,2,0,0,36.154320,-86.742130,LEBANON PKE,,,,0.00,,,FESSLERS LN,,,,0.00,Y,T-Intersection, ,Intersection,None,,,         ,Michael,Apsey,Cloudy,Front to Rear,no,no,no,no,no,False