master_record_number,agency,agency_tracking_number,county,city,collision_date,vehicles_involved,number_injured,number_dead,latitude,longitude,roadway_name,roadway_suffix,roadway_number,roadway_local_id,distance_from_reference,miles-feet_indicator,direction_from_reference,intersection_road_name,intersection_road_name_suffix,intersection_road_number,intersection_local_id,mile_marker,intersection_indicator,intersect_type,interchange_related_indicator,relation_to_junction,work_zone_type,construction_maintenance_zone,construction_maintenance_zone_location,fatal_case_number,officer_first_name,officer_last_name,weather_condition(s),manner_of_crash,pedestrian,bicycle,scooter,parking,hitrun,mou
101560037,METROPOLITAN NASHVILLE POLICE DEPT,20170161872,Davidson,Nashville,2/19/2017 5:00:00 PM,2,0,0,36.139640,-86.826790,BOWLING AV,,,,102.00,Feet,South,WESTBROOK AV,,,,0.00,N,Not at Intersection, ,Non-Junction,None,,,         ,Torian,Cox,Clear,"Sideswipe, Opposite Direction",no,no,no,no,yes,False
101560052,METROPOLITAN NASHVILLE POLICE DEPT,20170162040,Davidson,Nashville,2/19/2017 6:55:00 PM,2,0,0,36.167090,-86.660500,LEBANON PKE,,,,504.00,Feet,East,EDDINGS LN,,,,0.00,N,Not at Intersection,N,Non-Junction,Construction Zone,Lane Shift-Crossover,Before First Warning Area,         ,Kimberly,Annson,Clear,"Sideswipe, Opposite Direction",no,no,no,no,no,False
101560093,METROPOLITAN NASHVILLE POLICE DEPT,20170160431,Davidson,Nashville,2/19/2017 1:00:00 AM,1,1,0,36.189130,-86.799570,ROSA L PARKS BLVD,,,,0.00,,,,,,,0.00,,,N,Non-Junction,None,,,         ,Trevin,Tolbert,Clear,Not Collision with Motor Vehicle in Transport,yes,no,no,yes,yes,False
101560112,METROPOLITAN NASHVILLE POLICE DEPT,20170162525,Davidson,Nashville,2/19/2017 10:30:00 PM,3,2,0,36.106210,-86.673060,MURFREESBORO PKE,,,,0.00,,,DONELSON PKE,,,,0.00,Y,Four-Way,N,Intersection,None,,,         ,Marcus,Darden,Clear,Front to Rear,no,no,no,no,yes,False
101560122,METROPOLITAN NASHVILLE POLICE DEPT,20170162695,Davidson,Nashville,2/20/2017 12:00:00 AM,2,0,0,0.000000,0.000000,HARDING,PL,,415,1.00,Feet,North,,,,,415.00,N,Not at Intersection,N,Non-Junction,None,,,         ,William,Hamblen,Clear,Angle,no,no,no,yes,yes,False
101560141,METROPOLITAN NASHVILLE POLICE DEPT,20170162753,Davidson,Nashville,2/20/2017 12:22:00 AM,1,0,0,36.255470,-86.724370,VANTREASE RD,,,,0.00,,,,,,,0.00,,,N,Non-Junction,None,,,         ,Patrick,McGinnis,Clear,Not Collision with Motor Vehicle in Transport,no,no,no,no,no,False
101560164,METROPOLITAN NASHVILLE POLICE DEPT,20170162809,Davidson,Nashville,2/20/2017 12:48:00 AM,2,0,0,36.144280,-86.694940,I 40,,,,0.00,,,,,,,215.00,N,Not at Intersection, ,Entrance/Exit Ramp Related,None,,,         ,Robert,Fondren,Clear,"Sideswipe, Same Direction",no,no,no,no,no,False
101560175,METROPOLITAN NASHVILLE POLICE DEPT,20170162812,Davidson,Nashville,2/20/2017 12:40:00 AM,2,0,0,36.129490,-86.714700,MURFREESBORO PKE,,,,0.00,,,MILLWOOD DR,,,,0.00,Y,Four-Way,N,Non-Junction,None,,,         ,Chad,Mahoney,Clear,"Sideswipe, Opposite Direction",no,no,no,no,yes,False
101560234,METROPOLITAN NASHVILLE POLICE DEPT,20170163456,Davidson,Nashville,2/20/2017 6:15:00 AM,2,0,0,36.149530,-86.782840,I 40,,,,0.00,,,,,,,209.65,N,Not at Intersection, ,Non-Junction,None,,,         ,Darrien,Spann,Clear,"Sideswipe, Same Direction",no,no,no,no,no,False
101560272,METROPOLITAN NASHVILLE POLICE DEPT,2017-0163489,Davidson,Antioch,2/20/2017 6:45:00 AM,3,1,0,36.052885,-86.617517,MURFREESBORO,PIKE,US70 S,,453.00,Feet,South,MT VIEW,CIR,,,0.00,N,Not at Intersection,N,Non-Junction,None,,,         ,William,Whitworth,Cloudy,Front to Rear,no,no,no,no,yes,False
101560286,METROPOLITAN NASHVILLE POLICE DEPT,20170163498,Davidson,Nashville,2/20/2017 6:53:00 AM,2,0,0,36.133740,-86.636640,HARBORWOOD CIR,,,,88.00,Feet,East,QUAIL VIEW DR,,,,0.00,N,Not at Intersection,N,Non-Junction,None,,,         ,James,Curtis,Clear,Front to Rear,no,no,no,no,no,False
101560300,METROPOLITAN NASHVILLE POLICE DEPT,20170163512,Davidson,Not in City Limit,2/20/2017 7:04:00 AM,1,0,0,36.282510,-86.805680,I 24,,,,0.00,,,,,,,40.10,N,Not at Intersection,N,Non-Junction,None,,,         ,James,Wray,Clear,Not Collision with Motor Vehicle in Transport,no,no,no,no,no,False
101560303,METROPOLITAN NASHVILLE POLICE DEPT,20170163504,Davidson,Nashville,2/20/2017 6:56:00 AM,3,1,0,36.204710,-86.776680,I 65,,,,0.00,,,,,,,87.20,N,Not at Intersection,N,Non-Junction,None,,,         ,Michael,McCord,Clear,Front to Rear,no,no,no,no,no,False
101560320,METROPOLITAN NASHVILLE POLICE DEPT,20170163493,Davidson,Nashville,2/20/2017 6:50:00 AM,1,0,0,36.047070,-86.661730,I 24,,,,0.00,,,,,,,59.20,N,Not at Intersection,N,Non-Junction,None,,,         ,Randall,Combs,Cloudy,Not Collision with Motor Vehicle in Transport,no,no,no,no,no,False
101560340,METROPOLITAN NASHVILLE POLICE DEPT,20170163762,Davidson,Nashville,2/20/2017 8:47:00 AM,2,0,0,36.150540,-86.749260,I 40,,,,0.00,,,,,,,211.65,N,Not at Intersection,N,Non-Junction,None,,,         ,Michael,Dance,Clear,"Sideswipe, Same Direction",no,no,no,no,no,False
101560343,METROPOLITAN NASHVILLE POLICE DEPT,2017-0163744,Davidson,Nashville,2/20/2017 8:41:00 AM,2,0,0,36.075900,-86.652630,CLAPHAM RD,,,,359.00,Feet,South,SPLIT OAK TRL,,,,0.00,N,Not at Intersection, ,"Driveway, Alley Access, etc",None,,,         ,William,Whitworth,Cloudy,Angle,no,no,no,no,no,False
101560344,METROPOLITAN NASHVILLE POLICE DEPT,20170163620,Davidson,Nashville,2/20/2017 7:55:00 AM,3,0,0,36.121510,-86.696710,BRILEY PKWYS,,,,0.00,,,BRILEY PKWY,,,,0.00,Y,OTHER,N,Non-Junction,None,,,         ,Steven,Heimbach,Clear,Front to Rear,no,no,no,no,no,False
101560359,METROPOLITAN NASHVILLE POLICE DEPT,20170163780,Davidson,Nashville,2/20/2017 12:00:00 AM,2,0,0,36.223700,-86.806290,WHITES CREEK PKE,,,,0.00,,,KNIGHT DR,,,,0.00,Y,Y-Intersection,N,Intersection,None,,,         ,William,Caillouette,Clear,"Sideswipe, Opposite Direction",no,no,no,no,yes,False
101560373,METROPOLITAN NASHVILLE POLICE DEPT,20170163947,Davidson,Nashville,2/20/2017 9:59:00 AM,1,0,0,36.129850,-86.759180,DUNN AV,,,,507.00,Feet,North,NAPOLEON AV,,,,0.00,N,Not at Intersection, ,Non-Junction,None,,,         ,Nathan,Kemp,Clear,Not Collision with Motor Vehicle in Transport,no,no,no,no,no,False
101560389,METROPOLITAN NASHVILLE POLICE DEPT,20170144736,Davidson,Nashville,2/14/2017 1:21:00 PM,2,0,0,36.035320,-86.783020,I 65,,,,0.00,,,,,,,74.30,N,Not at Intersection,N,Non-Junction,None,,,         ,Justin,Pinkelton,Rain,Angle,no,no,no,no,no,False
101560418,VANDERBILT UNIVERSITY POLICE,17-0164047,Davidson,Nashville,2/20/2017 12:00:00 AM,1,0,0,36.140890,-86.810520,NATCHEZ TRC,,,,615.00,Feet,North,CHILDRENS WAY,,,,0.00,N,Not at Intersection, ,,None,,,         ,Brent,Clark,,,no,no,no,yes,no,Campus
101560422,METROPOLITAN NASHVILLE POLICE DEPT,20170164084,Davidson,Nashville,2/20/2017 10:50:00 AM,2,0,0,36.099840,-86.819720,HILLSBORO PKE,,,,0.00,,,,,,,0.00,,,N,OtherLocation,None,,,         ,Justin,Pinkelton,Cloudy,Angle,no,no,no,yes,yes,False
101560425,METROPOLITAN NASHVILLE POLICE DEPT,20170164065,Davidson,Nashville,2/20/2017 10:40:00 AM,2,0,0,36.058190,-86.722580,MCMURRAY DR,,,,0.00,,,TUSCULUM RD,,,,0.00,Y,T-Intersection, ,Intersection,None,,,         ,Ian,Hammond,Cloudy,Angle,no,no,no,no,no,False
101560432,METROPOLITAN NASHVILLE POLICE DEPT,20170163821,Davidson,Nashville,2/20/2017 12:00:00 AM,1,0,0,36.149910,-86.675560,ROYAL PKWY,,,,118.00,Feet,East,PERIMETER PLACE DR,,,,0.00,N,Not at Intersection,N,Non-Junction,None,,,         ,James,Curtis,Unknown,Not Collision with Motor Vehicle in Transport,no,no,no,no,yes,False
101560437,METROPOLITAN NASHVILLE POLICE DEPT,20170164250,Davidson,Nashville,2/20/2017 11:44:00 AM,2,1,0,36.157230,-86.803110,CHARLOTTE AV,,,,122.00,Feet,West,JO JOHNSTON AV,,,,0.00,N,Not at Intersection,N,Non-Junction,None,,,         ,Nathan,Kemp,Clear,Front to Rear,no,no,no,no,no,False
101560438,METROPOLITAN NASHVILLE POLICE DEPT,20170164193,Davidson,Not in City Limit,2/20/2017 11:44:00 AM,2,0,0,36.080510,-86.954310,HIGHWAY 70S,,,,158.00,Feet,East,I40 E ENT RAMP,,,,0.00,N,Not at Intersection, ,Non-Junction,None,,,         ,Curtis,Rich,Clear,Angle,no,no,no,yes,yes,False
101560462,VANDERBILT UNIVERSITY POLICE,17-0164111,Davidson,Nashville,2/20/2017 12:00:00 AM,2,0,0,36.141370,-86.801380,MEDICAL CENTER DR,,,,297.00,Feet,West,21ST AVS,,,,0.00,N,Not at Intersection,N,Non-Junction,None,,,         ,John,Whittaker,Unknown,Unknown,no,no,no,yes,yes,Campus
101560469,METROPOLITAN NASHVILLE POLICE DEPT,20170164424,Davidson,Nashville,2/20/2017 12:44:00 PM,2,1,0,36.155650,-86.789720,BROADWAY,,,,0.00,,,14TH AVS,,,,0.00,Y,Four-Way,N,Intersection,None,,,         ,Nathan,Kemp,Clear,Front to Rear,no,no,no,no,no,False
101560473,METROPOLITAN NASHVILLE POLICE DEPT,20170164255,Davidson,Nashville,2/20/2017 11:48:00 AM,2,1,0,36.169980,-86.654510,LEBANON PKE,,,,0.00,,,GUILL CT,,,,0.00,Y,T-Intersection,N,Intersection-Related,None,,,         ,Cody,O'Quinn,Clear,Angle,no,no,no,no,no,False
101560499,METROPOLITAN NASHVILLE POLICE DEPT,2017-0164260,Davidson,Nashville,2/20/2017 11:48:00 AM,1,0,0,36.108490,-86.922440,OLD HICKORY BLVD,,,,239.00,Feet,North,ROCKY LN,,,,0.00,N,Not at Intersection,N,Non-Junction,None,,,         ,Douglas,Atwood,Clear,Not Collision with Motor Vehicle in Transport,no,no,no,no,no,False
101560567,VANDERBILT UNIVERSITY POLICE,17-0164295,Davidson,Nashville,2/20/2017 12:00:00 AM,2,0,0,36.141400,-86.801590,MEDICAL CENTER DR,,,,0.00,,,,,,,0.00,,, ,,Work Zone,,,         ,Donald,McCormick,,,no,no,no,yes,no,Campus
101560572,METROPOLITAN NASHVILLE POLICE DEPT,2017-0163844,Davidson,Old Hickory,2/20/2017 9:20:00 AM,2,0,0,36.255740,-86.653860,ROBINSON RD,,,,54.00,Feet,East,MERRITT ST,,,,0.00,N,Not at Intersection, ,Non-Junction,None,,,         ,Michael,Baker,Clear,Front to Rear,no,no,no,no,no,False
101560626,METROPOLITAN NASHVILLE POLICE DEPT,20170164379,Davidson,Nashville,2/20/2017 12:10:00 PM,2,0,0,36.235970,-86.705820,BRILEY PKWYW,,,,405.00,Feet,South,BRILEY PKWYE,,,,0.00,N,Not at Intersection,N,Non-Junction,None,,,         ,Coleman,McKellar,Cloudy,"Sideswipe, Same Direction",no,no,no,no,yes,False
101560628,METROPOLITAN NASHVILLE POLICE DEPT,20170164520,Davidson,Nashville,2/20/2017 1:21:00 PM,2,0,0,36.161220,-86.664260,DONELSON PKE,,,,298.00,Feet,North,WOODBERRY DR,,,,0.00,N,Not at Intersection, ,,None,,,         ,James,Curtis,,,no,no,no,no,no,False
101560649,METROPOLITAN NASHVILLE POLICE DEPT,2017-0164103,Davidson,Nashville,2/20/2017 10:58:00 AM,2,1,0,36.143960,-86.799860,21ST AVS,,,,50.00,Feet,South,EDGEHILL AV,,,,0.00,N,Not at Intersection,N,Non-Junction,None,,,         ,Allen,Bates,Clear,Front to Rear,no,no,no,no,no,Campus
101560655,METROPOLITAN NASHVILLE POLICE DEPT,2017-0164406,Davidson,Nashville,2/20/2017 12:40:00 PM,2,0,0,36.044850,-86.668370,BELL RD,,,,0.00,,,ARBOR COMMON,,,,0.00,Y,Four-Way,N,"Driveway, Alley Access, etc",None,,,         ,William,Whitworth,Cloudy,"Sideswipe, Same Direction",no,no,no,no,no,False
101560657,METROPOLITAN NASHVILLE POLICE DEPT,20170164011,Davidson,Nashville,2/20/2017 10:00:00 AM,2,0,0,36.127980,-86.792560,LINDEN AV,,,,0.00,,,15TH AVS,,,,0.00,Y,T-Intersection, ,,None,,,         ,Shedie,Herbert III,,,no,no,no,no,no,False
101560663,METROPOLITAN NASHVILLE POLICE DEPT,2017-0164247,Davidson,Nashville,2/20/2017 11:30:00 AM,2,0,0,36.159900,-86.773860,2ND AVS,,,,0.00,,,DEMONBREUN ST,,,,0.00,Y,Four-Way, ,Intersection,Construction Zone,,,         ,William,Vincion,Clear,Not Collision with Motor Vehicle in Transport,no,no,no,no,no,False
101560700,VANDERBILT UNIVERSITY POLICE,17-0164501,Davidson,Nashville,2/19/2017 12:00:00 AM,2,0,0,36.111930,-86.765440,THOMPSON LN,,,,0.00,,,,,,,0.00,,,N,Non-Junction,None,,,         ,Robert,Pasinger,Clear,Angle,no,no,no,yes,yes,OHO
101560701,METROPOLITAN NASHVILLE POLICE DEPT,2017-0164470,Davidson,Nashville,2/20/2017 12:57:00 PM,2,0,0,36.150010,-86.817810,PARK PLZ,,,,50.00,Feet,East,28TH AVN,,,,0.00,N,Not at Intersection, ,,None,,,         ,Allen,Bates,,,no,no,no,no,no,False
101560754,METROPOLITAN NASHVILLE POLICE DEPT,20170164403,Davidson,Nashville,2/20/2017 1:31:00 PM,2,0,0,36.092460,-86.735780,NOLENSVILLE PKE,,,,339.00,Feet,South,MCNALLY DR,,,,0.00,N,Not at Intersection,N,Non-Junction,None,,,         ,Jessie,Meadows,Clear,"Sideswipe, Same Direction",no,no,no,no,no,False
101560755,METROPOLITAN NASHVILLE POLICE DEPT,20170164665,Davidson,Nashville,2/20/2017 2:47:00 PM,2,0,0,36.045450,-86.647600,CROSSINGS BLVD,,,,93.00,Feet,West,MT VIEW RD,,,,0.00,N,Not at Intersection, ,Non-Junction,None,,,         ,Jessie,Meadows,Clear,Front to Rear,no,no,no,no,no,False
101560777,VANDERBILT UNIVERSITY POLICE,17-0161546,Davidson,Nashville,2/19/2017 12:00:00 AM,2,0,0,36.142200,-86.800480,21ST AVS,,,,0.00,,,,,,,0.00,,,N,OtherLocation,None,,,         ,Lydell,Reedy,Clear,Angle,no,no,no,yes,yes,Campus
101560793,METROPOLITAN NASHVILLE POLICE DEPT,20170164596,Davidson,Nashville,2/20/2017 1:45:00 PM,2,0,0,36.136140,-86.698940,BRILEY PKWY,,,,76.00,Feet,North,ARBOR CREEK BLVD,,,,0.00,N,Not at Intersection, ,Non-Junction,None,,,         ,Cody,O'Quinn,Clear,Unknown,no,no,no,yes,yes,False
101560795,METROPOLITAN NASHVILLE POLICE DEPT,20170164761,Davidson,Nashville,2/20/2017 3:37:00 PM,2,0,0,36.085000,-86.703200,HARDING PL,,,,76.00,Feet,East,TRAVELERS INN DR,,,,0.00,N,Not at Intersection, ,Non-Junction,None,,,         ,Jessie,Meadows,Clear,Front to Rear,no,no,no,no,no,False
101560806,METROPOLITAN NASHVILLE POLICE DEPT,20170164702,Davidson,Nashville,2/20/2017 2:09:00 PM,2,0,0,36.209680,-86.870980,ASHLAND CITY HWY,,,,175.00,Feet,East,BRILEY PKWYN,,,,0.00,N,Not at Intersection, ,Non-Junction,None,,,         ,Victor,Alexander,Cloudy,"Sideswipe, Opposite Direction",no,no,no,no,no,False
101560815,METROPOLITAN NASHVILLE POLICE DEPT,20170164802,Davidson,Nashville,2/20/2017 3:22:00 PM,2,0,0,36.118100,-86.768020,I440 E ENT RAMP,,,,0.00,Feet,East,I 440,,,,0.00,N,Not at Intersection, ,Entrance/Exit Ramp Related,None,,,         ,Tien,Nguyen,Clear,Front to Rear,no,no,no,no,no,False
101560820,METROPOLITAN NASHVILLE POLICE DEPT,20170164829,Davidson,Nashville,2/20/2017 3:02:00 PM,2,0,0,36.106580,-86.821230,ABBOTT MARTIN RD,,,,0.00,Feet,,BEDFORD AV,,,,0.00,Y,T-Intersection, ,Intersection,None,,,         ,Jessica,Scott,Clear,Front to Rear,no,no,no,no,no,False
101560823,METROPOLITAN NASHVILLE POLICE DEPT,20170164586,Davidson,Nashville,2/20/2017 1:44:00 PM,2,0,0,36.114390,-86.810820,HILLSBORO PKE,,,,158.00,Feet,North,WOODMONT BLVD,,,,0.00,N,Not at Intersection,N,Non-Junction,None,,,         ,Phillip,Murphy,Clear,Front to Rear,no,no,no,no,yes,False
101560830,METROPOLITAN NASHVILLE POLICE DEPT,20170164922,Davidson,Nashville,2/20/2017 3:54:00 PM,2,0,0,36.110940,-86.767210,POWELL AV,,,,0.00,,,OLD POWELL AV,,,,0.00,Y,OTHER,N,Non-Junction,None,,,         ,Ralph,Smith IV,Clear,Front to Rear,no,no,no,no,yes,False
101560838,METROPOLITAN NASHVILLE POLICE DEPT,20170164925,Davidson,Not in City Limit,2/20/2017 3:37:00 PM,2,1,0,36.034710,-86.972430,HIGHWAY 100,,,,170.00,Feet,East,NATCHEZ TRACE PKWY EXT RAMP,,,,0.00,N,Not at Intersection,N,Non-Junction,None,,,         ,Adam,Reese,Clear,Front to Rear,no,no,no,no,no,False
101560843,METROPOLITAN NASHVILLE POLICE DEPT,20170164921,Davidson,Nashville,2/20/2017 3:43:00 PM,2,0,0,36.117710,-86.699570,MURFREESBORO PKE,,,,144.00,Feet,North,BRILEY PKWY N ENT RAMP,,,,0.00,N,Not at Intersection, ,Non-Junction,None,,,         ,Thomas,Barnes,Clear,Front to Rear,no,no,no,no,no,False
101560845,METROPOLITAN NASHVILLE POLICE DEPT,20170164863,Davidson,Nashville,2/20/2017 3:20:00 PM,2,0,0,36.178580,-86.800700,I 65,,,,0.00,,,,,,,84.90,N,Not at Intersection, ,Non-Junction,None,,,         ,Landon,Bagwell,Clear,"Sideswipe, Same Direction",no,no,no,no,no,False
101560857,METROPOLITAN NASHVILLE POLICE DEPT,20170165000,Davidson,Nashville,2/20/2017 3:58:00 PM,2,0,0,36.074480,-86.920940,OLD HICKORY BLVD,,,,0.00,,,HIGHWAY 70S,,,,0.00,Y,Four-Way, ,Non-Junction,None,,,         ,Brandon,Pedigo,Cloudy,Front to Rear,no,no,no,no,no,False
101560859,METROPOLITAN NASHVILLE POLICE DEPT,20170164812,Davidson,Nashville,2/20/2017 3:21:00 PM,2,3,0,36.200200,-86.618720,LEBANON PKE,,,,58.00,Feet,South,HERMITAGE RD,,,,0.00,N,Not at Intersection,N,Non-Junction,None,,,         ,Kimberly,Annson,Clear,"Sideswipe, Opposite Direction",no,no,no,no,no,False
101560868,METROPOLITAN NASHVILLE POLICE DEPT,20170164972,Davidson,Nashville,2/20/2017 12:00:00 AM,4,1,0,36.171980,-86.798930,I65 N ENT RAMP,,,,0.00,Feet,East,I 40,,,,0.00,N,Not at Intersection,N,Non-Junction,None,,,         ,Adam,Gartner,Clear,Front to Rear,no,no,no,no,yes,False
101560870,METROPOLITAN NASHVILLE POLICE DEPT,20170164906,Davidson,Nashville,2/20/2017 3:47:00 PM,1,0,0,36.204360,-86.723550,RIVERSIDE DR,,,,0.00,,,,,,,0.00,,,N,Non-Junction,None,,,         ,Michael,Moss,Clear,Not Collision with Motor Vehicle in Transport,no,no,no,yes,no,False
101560916,METROPOLITAN NASHVILLE POLICE DEPT,20170165012,Davidson,Nashville,2/20/2017 4:25:00 PM,2,0,0,36.136830,-86.788420,12TH AVS,,,,0.00,,,WADE AV,,,,0.00,Y,T-Intersection,N,Intersection-Related,None,,,         ,Phillip,Murphy,Clear,"Sideswipe, Same Direction",no,no,no,no,no,False
101560945,GOODLETTSVILLE POLICE DEPT,17-06273,Davidson,Goodlettsville,2/17/2017 5:24:00 AM,1,0,0,36.335359,-86.687714,LONG HOLLOW,PIKE,,,0.50,Miles,West,WILLIS BRANCH,DR,,,0.00,N,Not at Intersection, ,Non-Junction,None,,,         ,Shane,Farrell,Clear,Not Collision with Motor Vehicle in Transport,no,no,no,no,no,False
101560982,METROPOLITAN NASHVILLE POLICE DEPT,20170165067,Davidson,Nashville,2/20/2017 6:04:00 PM,2,0,0,36.124110,-86.743250,I 440,,,,0.00,,,,,,,6.65,N,Not at Intersection, ,Non-Junction,None,,,         ,Jessie,Meadows,Clear,Front to Rear,no,no,no,no,no,False
101560983,METROPOLITAN NASHVILLE POLICE DEPT,20170165182,Davidson,Nashville,2/20/2017 5:50:00 PM,2,0,0,36.080710,-86.716680,HARDING PL,,,,214.00,Feet,South,WELCH RD,,,,0.00,N,Not at Intersection,N,Non-Junction,None,,,         ,Jessie,Meadows,Clear,Front to Rear,no,no,no,no,no,False
101560985,METROPOLITAN NASHVILLE POLICE DEPT,20170165293,Davidson,Nashville,2/20/2017 5:50:00 PM,2,0,0,36.160980,-86.760230,DAVIDSON STREET BIKE CNCTR,,,,4.00,Feet,East,DAVIDSON ST,,,,0.00,N,Not at Intersection, ,Non-Junction,None,,,         ,Michael,Moss,Clear,"Sideswipe, Same Direction",no,no,no,no,no,False
101560987,METROPOLITAN NASHVILLE POLICE DEPT,20170165346,Davidson,Nashville,2/20/2017 6:13:00 PM,2,0,0,36.151970,-86.626610,BLACKWOOD DR,,,,464.00,Feet,West,BELL RD,,,,0.00,N,Not at Intersection, ,Non-Junction,None,,,         ,Patrick,Taylor,Clear,Angle,no,no,no,no,no,False
101560997,METROPOLITAN NASHVILLE POLICE DEPT,20170165260,Davidson,Nashville,2/20/2017 5:46:00 PM,2,0,0,36.210380,-86.733510,GALLATIN PKE,,,,84.00,Feet,North,HOME RD,,,,0.00,N,Not at Intersection,N,Non-Junction,None,,,         ,James,Smith,Clear,Other,no,no,no,no,no,False
101561011,Metro Park Police,20170164804,Davidson,Nashville,2/20/2017 12:00:00 AM,1,0,0,36.192120,-86.816710,ROSA L PARKS BLVD,,,,319.00,Feet,West,25TH AVN,,,,0.00,N,Not at Intersection,N,Non-Junction,None,,,         ,Martin,Owens,Clear,Unknown,no,no,no,no,no,False
101561012,METROPOLITAN NASHVILLE POLICE DEPT,2017-0165198,Davidson,Nashville,2/20/2017 5:11:00 PM,2,2,0,36.170820,-86.601570,I40 W ENT RAMP,,,,0.00,,,I 40,,,,0.00,Y,Four-Way,N,Intersection,None,,,         ,Sandra,Talavera,Cloudy,Angle,no,no,no,no,no,False
101561015,METROPOLITAN NASHVILLE POLICE DEPT,20170165321,Davidson,Nashville,2/20/2017 6:02:00 PM,2,2,0,36.077770,-86.742140,HARDING PL,,,,451.00,Feet,East,BINKLEY DR,,,,0.00,N,Not at Intersection,N,Non-Junction,None,,,         ,Tien,Nguyen,Clear,HeadOn,no,no,no,no,no,False
101561024,METROPOLITAN NASHVILLE POLICE DEPT,20170165486,Davidson,Nashville,2/20/2017 6:21:00 PM,3,0,0,36.054570,-86.674240,I 24,,,,0.00,,,,,,,58.35,N,Not at Intersection, ,Non-Junction,None,,,         ,Nakia,Reid,,Front to Rear,no,no,no,no,no,False
101561050,METROPOLITAN NASHVILLE POLICE DEPT,20170165639,Davidson,Nashville,2/20/2017 8:00:00 PM,2,0,0,36.185300,-86.636500,JACKSON DOWNS BLVD,,,,0.00,,,LEBANON PKE,,,,0.00,Y,T-Intersection, ,Intersection,None,,,         ,Mikala,Moore,Clear,Front to Rear,no,no,no,no,no,False
101561054,METROPOLITAN NASHVILLE POLICE DEPT,20170165651,Davidson,Nashville,2/20/2017 8:15:00 PM,1,2,0,36.047920,-86.646290,BELL FORGE LNE,,,,590.00,Feet,East,MT VIEW RD,,,,0.00,N,Not at Intersection,N,Non-Junction,None,,,         ,Candice,Soper,Clear,Not Collision with Motor Vehicle in Transport,no,no,no,no,no,False
101561066,METROPOLITAN NASHVILLE POLICE DEPT,20170165579,Davidson,Nashville,2/20/2017 7:52:00 PM,1,1,0,36.135540,-86.698300,BRILEY PKWYN,,,,210.00,Feet,South,CORPORATE DR,,,,0.00,N,Not at Intersection,N,Non-Junction,None,,,         ,Thomas,Barnes,Clear,Not Collision with Motor Vehicle in Transport,no,no,no,no,no,False
101561067,METROPOLITAN NASHVILLE POLICE DEPT,20170165166,Davidson,Nashville,2/20/2017 4:54:00 PM,2,0,0,36.148490,-86.857610,LENOX AV,,,,89.00,Feet,East,WHITE BRIDGE PKE,,,,0.00,N,Not at Intersection, ,Non-Junction,None,,,         ,Torian,Cox,Clear,Angle,no,no,no,no,no,False
101561089,METROPOLITAN NASHVILLE POLICE DEPT,2017-0165500,Davidson,Nashville,2/20/2017 7:15:00 PM,2,0,0,36.074170,-86.921970,HIGHWAY 70S,,,,0.00,,,OLD HARDING PKE,,,,0.00,Y,Y-Intersection, ,Intersection,None,,,         ,Michael,Rogers,Clear,Angle,no,no,no,no,no,False
101561144,BERRY HILL POLICE DEPT,17-0601,Davidson,Berry Hill,2/20/2017 12:00:00 AM,2,0,0,36.128590,-86.777890,FRANKLIN PKE,,,,0.00,,,8TH AVS,,,,0.00,Y,Four-Way,Y,Intersection,None,,,         ,John,Gleixner,Clear,Angle,no,no,no,no,no,False
101561162,METROPOLITAN NASHVILLE POLICE DEPT,20170165813,Davidson,Nashville,2/20/2017 9:28:00 PM,2,1,0,36.111440,-86.758000,THOMPSON LN,,,,0.00,,,KRAFT DR,,,,0.00,Y,T-Intersection,N,Intersection-Related,None,,,         ,Tien,Nguyen,Clear,Front to Rear,no,no,no,no,no,False
101561168,METROPOLITAN NASHVILLE POLICE DEPT,20170165610,Davidson,Nashville,2/20/2017 7:39:00 PM,2,0,0,36.110940,-86.745220,THOMPSON LN,,,,0.00,,,NOLENSVILLE PKE,,,,0.00,Y,Four-Way, ,Intersection-Related,None,,,         ,Tien,Nguyen,Clear,Front to Rear,no,no,no,no,no,False
101561186,METROPOLITAN NASHVILLE POLICE DEPT,20170165447,Davidson,Nashville,2/20/2017 6:50:00 PM,2,0,0,36.125500,-86.772520,I 65,,,,0.00,,,,,,,80.75,N,Not at Intersection,N,Non-Junction,None,,,         ,William,Taylor,Clear,"Sideswipe, Same Direction",no,no,no,no,yes,False
101561240,METROPOLITAN NASHVILLE POLICE DEPT,20170165496,Davidson,Nashville,2/20/2017 7:10:00 PM,2,1,0,36.040010,-86.743470,OLD HICKORY BLVD,,,,0.00,,,EDMONDSON PKE,,,,0.00,Y,OTHER,N,Non-Junction,None,,,         ,Eric,Thomas,Clear,Angle,no,no,no,no,no,False
101561288,METROPOLITAN NASHVILLE POLICE DEPT,20170166494,Davidson,Nashville,2/21/2017 2:13:00 AM,1,2,0,36.275180,-86.764900,OLD HICKORY BLVD,,,,86.00,Feet,West,LAWING DR,,,,0.00,N,Not at Intersection,N,Non-Junction,None,,,         ,Christina,Buckner,Clear,Not Collision with Motor Vehicle in Transport,no,no,no,no,no,False