master_record_number,agency,agency_tracking_number,county,city,collision_date,vehicles_involved,number_injured,number_dead,latitude,longitude,roadway_name,roadway_suffix,roadway_number,roadway_local_id,distance_from_reference,miles-feet_indicator,direction_from_reference,intersection_road_name,intersection_road_name_suffix,intersection_road_number,intersection_local_id,mile_marker,intersection_indicator,intersect_type,interchange_related_indicator,relation_to_junction,work_zone_type,construction_maintenance_zone,construction_maintenance_zone_location,fatal_case_number,officer_first_name,officer_last_name,weather_condition(s),manner_of_crash,pedestrian,bicycle,scooter,parking,hitrun,mou
101564130,METROPOLITAN NASHVILLE POLICE DEPT,20170177123,Davidson,Nashville,2/23/2017 11:13:00 PM,2,0,0,36.144930,-86.766660,4TH AVS,,,,0.00,,,CHESTNUT ST,,,,0.00,Y,Four-Way,N,Intersection,None,,,         ,Ciarra,Rench,Clear,Angle,no,no,no,no,yes,False
101564132,METROPOLITAN NASHVILLE POLICE DEPT,20170177208,Davidson,Nashville,2/24/2017 12:03:00 AM,2,2,0,36.153960,-86.818220,28TH AVN,,,,0.00,,,CHARLOTTE AV,,,,0.00,Y,Four-Way,N,Intersection,None,,,         ,Joshua,Green,Clear,Angle,no,no,no,no,no,False
101564162,METROPOLITAN NASHVILLE POLICE DEPT,20170177258,Davidson,Nashville,2/24/2017 12:00:00 AM,1,1,0,36.203890,-86.664170,NEELYS BEND RD,,,,0.00,,,OVERTON RD,,,,0.00,Y,OTHER,N,Non-Junction,None,,,         ,Caesar,Harris,Clear,Not Collision with Motor Vehicle in Transport,no,no,no,no,no,False
101564166,METROPOLITAN NASHVILLE POLICE DEPT,20170177284,Davidson,Nashville,2/23/2017 11:46:00 PM,2,0,0,36.169550,-86.600980,OLD HICKORY BLVD,,,,0.00,,,I40 E ENT RAMP,,,,0.00,Y,Four-Way, ,Intersection,None,,,         ,Bridget,Griepentrog,Clear,Angle,no,no,no,no,no,False
101564168,METROPOLITAN NASHVILLE POLICE DEPT,20170177441,Davidson,Nashville,2/24/2017 2:10:00 AM,2,0,0,36.163080,-86.776450,COMMERCE ST,,,,129.00,Feet,West,2ND AVN,,,,0.00,N,Not at Intersection, ,Non-Junction,None,,,         ,Jeremy,King,Clear,Front to Rear,no,no,no,no,yes,False
101564182,METROPOLITAN NASHVILLE POLICE DEPT,20170177475,Davidson,Nashville,2/24/2017 2:47:00 AM,2,0,0,36.116060,-86.696530,MURFREESBORO PKE,,,,276.00,Feet,East,MCGAVOCK PKE,,,,0.00,N,Not at Intersection, ,OtherLocation,None,,,         ,Dale,Dameron,Clear,Front to Rear,no,no,no,yes,no,False
101564186,METROPOLITAN NASHVILLE POLICE DEPT,20170177407,Davidson,Nashville,2/24/2017 2:00:00 AM,2,0,0,36.106060,-86.672760,MURFREESBORO PKE,,,,103.00,Feet,East,DONELSON PKE,,,,0.00,N,Not at Intersection,N,Non-Junction,None,,,         ,Charles,Shaw,Clear,Angle,no,no,no,no,yes,False
101564187,METROPOLITAN NASHVILLE POLICE DEPT,20170177071,Davidson,Nashville,2/23/2017 10:52:00 PM,3,0,0,36.134280,-86.722940,MURFREESBORO PKE,,,,543.00,Feet,West,PLUS PARK BLVD,,,,0.00,N,Not at Intersection,N,Non-Junction,None,,,         ,Allyson,Reis,Clear,Front to Rear,no,no,no,yes,yes,False
101564192,METROPOLITAN NASHVILLE POLICE DEPT,20170177588,Davidson,Nashville,2/24/2017 12:00:00 AM,1,0,0,36.029350,-86.712540,NOLENSVILLE PKE,,,,379.00,Feet,West,RETRIEVER CT,,,,0.00,N,Not at Intersection,N,Non-Junction,None,,,         ,Cody,Jaworski,Unknown,Not Collision with Motor Vehicle in Transport,no,no,no,no,yes,False
101564206,METROPOLITAN NASHVILLE POLICE DEPT,20170177611,Davidson,Nashville,2/24/2017 12:00:00 AM,1,0,0,36.068970,-86.696030,KEELEY DR,,,,300.00,Feet,South,HAYWOOD LN,,,,0.00,N,Not at Intersection,N,Non-Junction,None,,,         ,Justin,McCormick,Clear,Not Collision with Motor Vehicle in Transport,no,no,no,no,yes,False
101564213,METROPOLITAN NASHVILLE POLICE DEPT,20170177180,Davidson,Nashville,2/23/2017 11:31:00 PM,2,0,0,36.045480,-86.647290,CROSSINGS BLVD,,,,0.00,,,MT VIEW RD,,,,0.00,Y,Four-Way, ,Intersection,None,,,         ,David,Moser,Clear,Angle,no,no,no,no,no,False
101564227,METROPOLITAN NASHVILLE POLICE DEPT,20170177675,Davidson,Nashville,2/24/2017 5:25:00 AM,2,1,0,36.143960,-86.722570,SPENCE LN,,,,0.00,,,ELM HILL PKE,,,,0.00,Y,Four-Way,N,Intersection-Related,None,,,         ,Austin,Childress,Clear,Front to Rear,no,no,no,no,no,False
101564235,METROPOLITAN NASHVILLE POLICE DEPT,20170177810,Davidson,Nashville,2/24/2017 6:45:00 AM,2,0,0,36.121860,-86.910140,I 40,,,,0.00,,,,,,,200.20,N,Not at Intersection,N,Non-Junction,None,,,         ,Curtis,Rich,Clear,Front to Rear,no,no,no,no,no,False
101564279,METROPOLITAN NASHVILLE POLICE DEPT,20170177863,Davidson,Nashville,2/24/2017 7:15:00 AM,2,0,0,36.253220,-86.716800,GALLATIN PKES,,,,0.00,,,MADISON SQ,,,,0.00,Y,Four-Way, ,Intersection,None,,,         ,Brian,Otto,Clear,Angle,no,no,no,no,no,False
101564352,METROPOLITAN NASHVILLE POLICE DEPT,20170177950,Davidson,Nashville,2/24/2017 7:56:00 AM,2,1,0,36.167630,-86.787750,ROSA L PARKS BLVD,,,,0.00,,,10TH CIRN,,,,0.00,Y,T-Intersection,N,Intersection,None,,,         ,Frank,Campbell,Clear,Front to Rear,no,no,no,no,no,False
101564354,METROPOLITAN NASHVILLE POLICE DEPT,20170178052,Davidson,Nashville,2/24/2017 8:00:00 AM,2,1,0,36.186950,-86.860860,COUNTY HOSPITAL RD,,,,0.00,,,BRILEY PKWY N EXT RAMP,,,,0.00,Y,Four-Way,N,Entrance/Exit Ramp Related,None,,,         ,Royce,McLester,Cloudy,Angle,no,no,no,no,no,False
101564377,METROPOLITAN NASHVILLE POLICE DEPT,2017-0177722,Davidson,Nashville,2/24/2017 5:43:00 AM,8,2,0,36.080240,-86.696350,I 24,,,,0.00,,,,,,,56.20,N,Not at Intersection,N,Non-Junction,None,,,         ,Autumn,Manning,Clear,Front to Rear,no,no,no,no,yes,False
101564387,METROPOLITAN NASHVILLE POLICE DEPT,20170178241,Davidson,Nashville,2/24/2017 9:59:00 AM,2,0,0,36.111490,-86.791540,WOODMONT BLVD,,,,310.00,Feet,East,GRANNY WHITE PKE,,,,0.00,N,Not at Intersection, ,Non-Junction,None,,,         ,Nathan,Kemp,Clear,Front to Rear,no,no,no,no,no,False
101564423,METROPOLITAN NASHVILLE POLICE DEPT,20170177930,Davidson,Nashville,2/24/2017 7:46:00 AM,2,1,0,36.041820,-86.716000,SWISS AV,,,,377.00,Feet,West,KNOLLS PL,,,,0.00,N,Not at Intersection,N,Non-Junction,None,,,         ,Gary,Peters,Clear,Front to Rear,no,no,no,no,no,False
101564438,BERRY HILL POLICE DEPT,17-0647,Davidson,Berry Hill,2/24/2017 7:20:00 AM,2,0,0,36.120730,-86.775240,FRANKLIN PKE,,,,0.00,Feet,East,KIRKWOOD AV,,,,0.00,N,Not at Intersection,N,Non-Junction,None,,,         ,Timothy,Coleman,Clear,Front to Rear,no,no,no,no,no,False
101564440,METROPOLITAN NASHVILLE POLICE DEPT,20170178159,Davidson,Nashville,2/24/2017 9:28:00 AM,2,0,0,36.082100,-86.761700,HARDING PL,,,,0.00,,,SIDCO DR,,,,0.00,Y,Four-Way, ,,None,,,         ,Ronald,Raynore,,,no,no,no,no,no,False
101564441,METROPOLITAN NASHVILLE POLICE DEPT,20170178154,Davidson,Nashville,2/24/2017 8:05:00 AM,2,0,0,36.244140,-86.762230,SKYLINE COMMONS PVTDR,,,,0.00,Feet,East,DOVERSIDE DR,,,,0.00,N,Not at Intersection,N,Non-Junction,None,,,         ,Coleman,McKellar,Clear,Angle,no,no,no,yes,yes,False
101564444,METROPOLITAN NASHVILLE POLICE DEPT,2017-0178508,Davidson,Nashville,2/24/2017 8:21:00 AM,2,0,0,36.139350,-86.819100,ORLEANS DR,,,,0.00,,,WEST END AV,,,,0.00,Y,Four-Way, ,OtherLocation,None,,,         ,Jonathan,Seidl,Clear,"Sideswipe, Same Direction",no,no,no,no,no,False
101564468,METROPOLITAN NASHVILLE POLICE DEPT,20170178126,Davidson,Nashville,2/24/2017 9:17:00 AM,2,1,0,36.118330,-86.701000,BRILEY PKWY S ENT RAMP,,,,0.00,,,BRILEY PKWYS,,,,0.00,Y,OTHER,Y,Entrance/Exit Ramp Related,None,,,         ,Wesley,Young,Clear,"Sideswipe, Same Direction",no,no,no,no,no,False
101564501,METROPOLITAN NASHVILLE POLICE DEPT,2017-0178212,Davidson,Nashville,2/24/2017 9:35:00 AM,1,0,0,36.125790,-86.765870,BRANSFORD AV,,,,0.00,,,CRAIGHEAD ST,,,,0.00,Y,Four-Way, ,Intersection,None,,,         ,Timothy,Edwards,Clear,Not Collision with Motor Vehicle in Transport,no,no,no,no,no,False
101564508,METROPOLITAN NASHVILLE POLICE DEPT,20170178160,Davidson,Nashville,2/24/2017 9:18:00 AM,2,0,0,36.138720,-86.665570,DONELSON PKE,,,,250.00,Feet,South,I40 E ENT RAMP,,,,0.00,N,Not at Intersection, ,Entrance/Exit Ramp Related,None,,,         ,Richard,Hyatt,Clear,"Sideswipe, Same Direction",no,no,no,no,no,False
101564512,METROPOLITAN NASHVILLE POLICE DEPT,20170178225,Davidson,Nashville,2/24/2017 10:00:00 AM,2,0,0,36.193360,-86.723740,RIVERSIDE DR,,,,179.00,Feet,North,MCKENNELL DR,,,,0.00,N,Not at Intersection, ,,None,,,         ,Matthew,Turppa,,,no,no,no,no,no,False
101564514,METROPOLITAN NASHVILLE POLICE DEPT,20170175567,Davidson,Nashville,2/23/2017 1:45:00 PM,1,0,0,36.119040,-86.875590,HICKORY VALLEY RD,,,,182.00,Feet,North,GREELEY DR,,,,0.00,N,Not at Intersection,N,Non-Junction,None,,,         ,Cyretha,Frazier,Clear,Not Collision with Motor Vehicle in Transport,no,no,no,yes,no,False
101564537,METROPOLITAN NASHVILLE POLICE DEPT,20170178282,Davidson,Nashville,2/24/2017 10:18:00 AM,1,0,0,36.232760,-86.747190,ELLINGTON PKWYN,,,,0.00,,,I65 N ENT RAMP,,,,0.00,Y,Y-Intersection,N,Entrance/Exit Ramp Related,None,,,         ,Michael,Thompson,Clear,Not Collision with Motor Vehicle in Transport,no,no,no,no,no,False
101564538,METROPOLITAN NASHVILLE POLICE DEPT,20170178300,Davidson,Goodlettsville,2/24/2017 9:20:00 AM,2,0,0,36.305520,-86.690550,THE SHOPPES AT RIVERGATE PVTDR,,,,539.00,Feet,North,LIBERTY LN,,,,0.00,N,Not at Intersection, ,Non-Junction,None,,,         ,Terrence,Bradley,Clear,Other,no,no,no,yes,yes,False
101564540,METROPOLITAN NASHVILLE POLICE DEPT,20170178457,Davidson,Nashville,2/24/2017 11:34:00 AM,2,1,0,36.142820,-86.883490,I 40,,,,0.00,,,,,,,202.30,N,Not at Intersection,N,Non-Junction,None,,,         ,Curtis,Rich,Clear,Angle,no,no,no,no,no,False
101564551,METROPOLITAN NASHVILLE POLICE DEPT,20170178363,Davidson,Nashville,2/24/2017 10:49:00 AM,2,2,0,36.112900,-86.792380,WOODMONT BLVD,,,,0.00,,,NOELTON AV,,,,0.00,Y,Y-Intersection,Y,Intersection-Related,None,,,         ,Brent,Bauer,Clear,Front to Rear,no,no,no,no,no,False
101564566,METROPOLITAN NASHVILLE POLICE DEPT,20170178438,Davidson,Nashville,2/24/2017 11:30:00 AM,3,1,0,36.249760,-86.719160,GALLATIN PKES,,,,153.00,Feet,North,E PALESTINE AV,,,,0.00,N,Not at Intersection,N,Non-Junction,None,,,         ,Brian,Otto,Clear,Front to Rear,no,no,no,no,no,False
101564569,METROPOLITAN NASHVILLE POLICE DEPT,20170178316,Davidson,Not in City Limit,2/24/2017 10:36:00 AM,1,0,0,36.269120,-86.755790,DICKERSON PKE,,,,53.00,Feet,South,OLD HICKORY BLVD,,,,0.00,N,Not at Intersection,N,"Driveway, Alley Access, etc",None,,,         ,Matthew,Harris,Clear,Not Collision with Motor Vehicle in Transport,no,no,no,yes,no,False
101564586,METROPOLITAN NASHVILLE POLICE DEPT,20170176991,Davidson,Nashville,2/23/2017 9:45:00 PM,3,0,0,36.155140,-86.784940,DEMONBREUN ST,,,,30.00,Feet,East,11TH AVS,,,,0.00,N,Not at Intersection,N,Non-Junction,None,,,         ,Wesley,Henderson,Clear,Front to Rear,no,no,no,no,no,False
101564593,METROPOLITAN NASHVILLE POLICE DEPT,20170178541,Davidson,Nashville,2/24/2017 11:55:00 AM,2,0,0,36.151810,-86.787040,I 40,,,,0.00,,,I40 E ENT RAMP,,,,0.00,Y,OTHER, ,Entrance/Exit Ramp Related,None,,,         ,Brent,Bauer,Clear,"Sideswipe, Same Direction",no,no,no,no,no,False
101564595,METROPOLITAN NASHVILLE POLICE DEPT,20170178479,Davidson,Nashville,2/24/2017 11:46:00 AM,2,0,0,36.196660,-86.742250,CAHAL AV,,,,0.00,,,GALLATIN AV,,,,0.00,Y,T-Intersection, ,Non-Junction,None,,,         ,Gregory,Cenicola,Clear,Rear to Rear,no,no,no,no,no,False
101564596,METROPOLITAN NASHVILLE POLICE DEPT,20170178626,Davidson,Nashville,2/24/2017 12:34:00 PM,2,0,0,36.053480,-86.714970,NOLENSVILLE PKE,,,,67.00,Feet,South,BREWER DR,,,,0.00,N,Not at Intersection, ,Non-Junction,None,,,         ,Gary,Peters,Clear,Angle,no,no,no,no,no,False
101564603,METROPOLITAN NASHVILLE POLICE DEPT,2017-0178606,Davidson,Nashville,2/24/2017 12:00:00 PM,2,0,0,36.124750,-86.794250,BELMONT BLVD,,,,0.00,,,SWEETBRIAR AV,,,,0.00,Y,T-Intersection, ,Intersection,None,,,         ,Jonathan,Seidl,Clear,"Sideswipe, Same Direction",no,no,no,no,no,False
101564607,METROPOLITAN NASHVILLE POLICE DEPT,20170178625,Davidson,Nashville,2/24/2017 12:44:00 PM,3,0,0,36.155940,-86.826660,I40 E EXT RAMP,,,,0.00,Feet,East,I 40,,,,0.00,N,Not at Intersection, ,Non-Junction,None,,,         ,Curtis,Rich,Clear,Front to Rear,no,no,no,no,no,False
101564611,METROPOLITAN NASHVILLE POLICE DEPT,2017-0177821,Davidson,Nashville,2/24/2017 6:40:00 AM,2,2,0,36.069370,-86.633410,MURFREESBORO PKE,,,,956.00,Feet,North,FOREST VIEW DR,,,,0.00,N,Not at Intersection,N,"Driveway, Alley Access, etc",None,,,         ,William,Whitworth,Clear,Angle,no,no,no,no,no,False
101564612,METROPOLITAN NASHVILLE POLICE DEPT,2017-0178042,Davidson,Antioch,2/24/2017 8:33:00 AM,4,1,0,36.055984,-86.619845,MURFRRESBORO PKE,PIKE,US70 S,,0.10,Miles,North,MT VIEW RD,RD,,,0.00,N,Not at Intersection,N,Non-Junction,None,,,         ,William,Whitworth,Clear,Front to Rear,no,no,no,no,no,False
101564613,METROPOLITAN NASHVILLE POLICE DEPT,2017-0178297,Davidson,Nashville,2/24/2017 7:43:00 AM,2,0,0,36.047180,-86.661920,I 24,,,,0.00,,,,,,,59.20,N,Not at Intersection, ,Entrance/Exit Ramp Related,None,,,         ,William,Whitworth,Clear,"Sideswipe, Same Direction",no,no,no,no,no,False
101564616,METROPOLITAN NASHVILLE POLICE DEPT,2017-0178476,Davidson,Nashville,2/24/2017 10:14:00 AM,2,0,0,36.045520,-86.711650,OLD HICKORY BLVD,,,,480.00,Feet,East,NOLENSVILLE PKE,,,,0.00,N,Not at Intersection,N,Non-Junction,None,,,         ,William,Whitworth,Clear,"Sideswipe, Same Direction",no,no,no,no,yes,False
101564647,VANDERBILT UNIVERSITY POLICE,17-0178637,Davidson,Nashville,2/21/2017 12:00:00 AM,1,0,0,36.145990,-86.798740,SCARRITT PL,,,,257.00,Feet,East,21ST AVS,,,,0.00,N,Not at Intersection, ,,None,,,         ,Brent,Clark,,,no,no,no,yes,no,Campus
101564683,METROPOLITAN NASHVILLE POLICE DEPT,20170178571,Davidson,Nashville,2/24/2017 12:05:00 PM,2,0,0,36.118280,-86.809740,HILLSBORO PKE,,,,157.00,Feet,North,GOLF CLUB LN,,,,0.00,N,Not at Intersection,N,Non-Junction,None,,,         ,Abbey,Sawl,Clear,"Sideswipe, Same Direction",no,no,no,no,yes,False
101564705,METROPOLITAN NASHVILLE POLICE DEPT,20170178775,Davidson,Nashville,2/24/2017 1:36:00 PM,2,0,0,36.039680,-86.761940,OLD HICKORY BLVD,,,,250.00,Feet,East,TOWNHOMES OF FREDERICKSBURG PV,,,,0.00,N,Not at Intersection,N,Non-Junction,None,,,         ,Gary,Peters,Clear,Front to Rear,no,no,no,no,yes,False
101564714,METROPOLITAN NASHVILLE POLICE DEPT,20170178409,Davidson,Nashville,2/24/2017 11:18:00 AM,2,0,0,36.218500,-86.837030,CLARKSVILLE PKE,,,,0.00,,,KINGS LN,,,,0.00,Y,Four-Way, ,Intersection,None,,,         ,Royce,McLester,Cloudy,Front to Rear,no,no,no,no,no,False
101564715,METROPOLITAN NASHVILLE POLICE DEPT,20170177859,Davidson,Nashville,2/24/2017 7:16:00 AM,2,0,0,36.151030,-86.782440,OVERTON ST,,,,58.00,Feet,North,DIVISION ST,,,,0.00,N,Not at Intersection, ,Non-Junction,None,,,         ,Seth,Quiles,Clear,"Sideswipe, Same Direction",no,no,no,no,no,False
101564723,METROPOLITAN NASHVILLE POLICE DEPT,20170178142,Davidson,Nashville,2/24/2017 9:11:00 AM,2,0,0,36.047490,-86.656010,BELL RD,,,,50.00,Feet,West,HICKORY HOLLOW PKWY,,,,0.00,N,Not at Intersection, ,Non-Junction,None,,,         ,Randall,Combs,Clear,"Sideswipe, Same Direction",no,no,no,no,no,False
101564725,METROPOLITAN NASHVILLE POLICE DEPT,20170178789,Davidson,Nashville,2/24/2017 1:44:00 PM,2,2,0,36.127580,-86.861990,HILLWOOD BLVD,,,,0.00,,,W HILLWOOD DR,,,,0.00,Y,T-Intersection,N,Intersection,None,,,         ,Curtis,Rich,Clear,Angle,no,no,no,no,no,False
101564732,METROPOLITAN NASHVILLE POLICE DEPT,20170178169,Davidson,Nashville,2/24/2017 9:34:00 AM,3,2,0,36.132650,-86.727160,I 24,,,,0.00,,,,,,,52.00,N,Not at Intersection,N,Non-Junction,None,,,         ,Todd,Watson,Clear,Front to Rear,no,no,no,no,no,False
101564736,METROPOLITAN NASHVILLE POLICE DEPT,20170178766,Davidson,Nashville,2/24/2017 1:30:00 PM,2,0,0,36.184710,-86.801880,DELTA AV,,,,177.00,Feet,South,CLAY ST,,,,0.00,N,Not at Intersection, ,,None,,,         ,James,Jarvis,,,no,no,no,no,no,False
101564782,METROPOLITAN NASHVILLE POLICE DEPT,20170178807,Davidson,Nashville,2/24/2017 1:50:00 PM,2,0,0,36.110390,-86.766910,POWELL AV,,,,218.00,Feet,South,OLD POWELL AV,,,,0.00,N,Not at Intersection,Y,Non-Junction,None,,,         ,Ronald,Raynore,Clear,Angle,no,no,no,no,no,False
101564819,METROPOLITAN NASHVILLE POLICE DEPT,20170178838,Davidson,Nashville,2/24/2017 2:12:00 PM,1,1,0,36.143950,-86.813960,WEST END AV,,,,0.00,,,,,,,0.00,,,N,Non-Junction,None,,,         ,Nathan,Smith,Clear,Not Collision with Motor Vehicle in Transport,yes,no,no,yes,no,Campus
101564861,METROPOLITAN NASHVILLE POLICE DEPT,20170178908,Davidson,Nashville,2/24/2017 2:42:00 PM,2,0,0,36.137200,-86.699670,BRILEY PKWY,,,,0.00,,,GLASTONBURY RD,,,,0.00,Y,T-Intersection, ,Intersection,None,,,         ,Wesley,Young,Clear,Front to Rear,no,no,no,no,no,False
101564865,METROPOLITAN NASHVILLE POLICE DEPT,20170178930,Davidson,Nashville,2/24/2017 3:04:00 PM,1,0,0,36.220470,-86.823890,KINGS LN,,,,272.00,Feet,East,MEADOW HILL DR,,,,0.00,N,Not at Intersection, ,,None,,,         ,Brandon,Rardin,,,no,no,no,no,no,False
101564896,METROPOLITAN NASHVILLE POLICE DEPT,2017-0178857,Davidson,Not in City Limit,2/24/2017 2:10:00 PM,2,0,0,35.991220,-86.683130,BURKITT RD,,,,108.00,Feet,East,NOLENSVILLE RD,,,,0.00,N,Not at Intersection, ,Non-Junction,None,,,         ,William,Whitworth,Clear,Front to Rear,no,no,no,no,no,False
101564905,BELLE MEADE POLICE DEPT,17-0056,Davidson,Belle Meade,2/24/2017 2:06:00 PM,2,0,0,36.119600,-86.854940,BELLE MEADE BLVD,,,,0.00,,,HARDING PKE,,,,0.00,Y,T-Intersection, ,Intersection,None,,,         ,Wes,Bowker,Clear,Front to Rear,no,no,no,no,no,False
101564919,METROPOLITAN NASHVILLE POLICE DEPT,20170178897,Davidson,Nashville,2/24/2017 2:48:00 PM,2,0,0,36.218110,-86.837150,CLARKSVILLE PKE,,,,146.00,Feet,South,KINGS LN,,,,0.00,N,Not at Intersection,N,Non-Junction,None,,,         ,Michael,Brooks,Clear,Front to Rear,no,no,no,no,no,False
101564922,METROPOLITAN NASHVILLE POLICE DEPT,20170178876,Davidson,Nashville,2/24/2017 1:50:00 PM,2,0,0,36.157880,-86.781440,MCGAVOCK ST,,,,0.00,,,8TH AVS,,,,0.00,Y,Four-Way, ,Intersection,Construction Zone,,,         ,Jason,King,Clear,"Sideswipe, Same Direction",no,no,no,no,no,False
101564947,METROPOLITAN NASHVILLE POLICE DEPT,20170178967,Davidson,Nashville,2/24/2017 3:21:00 PM,2,1,0,36.130930,-86.755860,NOLENSVILLE PKE,,,,0.00,,,WOODYCREST AV,,,,0.00,Y,T-Intersection,N,Intersection,None,,,         ,Andrew,Mullen,Clear,Angle,no,no,no,no,no,False
101564975,METROPOLITAN NASHVILLE POLICE DEPT,20170179020,Davidson,Nashville,2/24/2017 3:37:00 PM,2,0,0,36.088510,-86.609530,OLD SMITH SPRINGS RD,,,,60.00,Feet,East,SMITH SPRINGS RD,,,,0.00,N,Not at Intersection, ,Non-Junction,None,,,         ,Patrick,Taylor,Clear,Angle,no,no,no,no,no,False
101564981,METROPOLITAN NASHVILLE POLICE DEPT,20170179173,Davidson,Nashville,2/24/2017 4:30:00 PM,2,0,0,36.159120,-86.792040,I 40,,,,0.00,,,,,,,208.90,N,Not at Intersection, ,Entrance/Exit Ramp Related,None,,,         ,Tien,Nguyen,Clear,Front to Rear,no,no,no,no,no,False
101564982,METROPOLITAN NASHVILLE POLICE DEPT,20170179113,Davidson,Nashville,2/24/2017 4:05:00 PM,2,0,0,36.176460,-86.778360,OLDHAM ST PVTDR,,,,0.00,,,JEFFERSON ST,,,,0.00,Y,Four-Way,Y,Intersection,None,,,         ,Wesley,Feinstein,Clear,Front to Rear,no,no,no,no,yes,False
101564985,TENNESSEE STATE UNIVERSITY ,17-TSU-11357,Davidson,Nashville,2/15/2017 2:57:00 PM,2,0,0,36.164750,-86.826390,33RD AVN,,,,0.00,,,,,,,0.00,,Not at Intersection,N,OtherLocation,None,,,         ,Ashley,Boleyjack,Clear,Unknown,no,no,no,yes,yes,False
101564987,METROPOLITAN NASHVILLE POLICE DEPT,20170179054,Davidson,Nashville,2/24/2017 3:32:00 PM,2,0,0,36.155650,-86.789720,I40 E ENT RAMP,,,,0.00,,,BROADWAY,,,,0.00,Y,Four-Way, ,Intersection-Related,Unknown,,,         ,Tien,Nguyen,Clear,"Sideswipe, Same Direction",no,no,no,no,no,False
101565002,METROPOLITAN NASHVILLE POLICE DEPT,20170179017,Davidson,Nashville,2/24/2017 3:15:00 PM,2,0,0,36.147550,-86.758650,LEWIS ST,,,,0.00,,,LAFAYETTE ST,,,,0.00,Y,T-Intersection,N,Intersection,None,,,         ,Andrew,Mullen,Clear,"Sideswipe, Same Direction",no,no,no,no,no,False
101565017,METROPOLITAN NASHVILLE POLICE DEPT,20170179176,Davidson,Nashville,2/24/2017 4:37:00 PM,2,0,0,36.149310,-86.782000,I 40,,,,0.00,,,,,,,209.70,N,Not at Intersection,Y,Entrance/Exit Ramp Related,None,,,         ,Michael,Brooks,Clear,"Sideswipe, Same Direction",no,no,no,no,yes,False
101565045,METROPOLITAN NASHVILLE POLICE DEPT,20170179302,Davidson,Nashville,2/24/2017 5:21:00 PM,2,0,0,36.054010,-86.715130,NOLENSVILLE PKE,,,,133.00,Feet,North,BREWER DR,,,,0.00,N,Not at Intersection,N,Non-Junction,None,,,         ,Edin,Plancic,Clear,Front to Rear,no,no,no,no,no,False
101565046,METROPOLITAN NASHVILLE POLICE DEPT,20170179259,Davidson,Nashville,2/24/2017 5:05:00 PM,2,0,0,36.040280,-86.745040,OLD HICKORY BLVD,,,,473.00,Feet,West,EDMONDSON PKE,,,,0.00,N,Not at Intersection, ,Non-Junction,None,,,         ,Tien,Nguyen,Clear,Angle,no,no,no,no,no,False
101565047,METROPOLITAN NASHVILLE POLICE DEPT,20170179009,Davidson,Nashville,2/24/2017 2:10:00 PM,2,0,0,36.188510,-86.776160,I 24,,,,0.00,,,,,,,47.00,N,Not at Intersection,N,Non-Junction,None,,,         ,Gregory,Scott,Clear,Front to Rear,no,no,no,no,yes,False
101565051,METROPOLITAN NASHVILLE POLICE DEPT,20170179182,Davidson,Nashville,2/24/2017 4:41:00 PM,2,0,0,36.193390,-86.753480,DOUGLAS AV,,,,54.00,Feet,West,ELLINGTON PKWY S EXT RAMP,,,,0.00,N,Not at Intersection,N,Non-Junction,None,,,         ,Jonathan,Hadley,Clear,Front to Rear,no,no,no,no,yes,False
101565055,METROPOLITAN NASHVILLE POLICE DEPT,20170178724,Davidson,Nashville,2/24/2017 12:36:00 PM,2,0,0,36.150350,-86.771490,I 40,,,,0.00,,,,,,,210.35,N,Not at Intersection, ,,None,,,         ,Jason,Thomas,,,no,no,no,no,no,False
101565063,METROPOLITAN NASHVILLE POLICE DEPT,20170179110,Davidson,Nashville,2/24/2017 2:56:00 PM,2,0,0,36.130240,-86.725350,PLUS PARK BLVD,,,,375.00,Feet,East,I24 W EXT RAMP,,,,0.00,N,Not at Intersection,N,Non-Junction,None,,,         ,Aimee,Ortiz,Cloudy,Unknown,no,no,no,yes,yes,False
101565064,METROPOLITAN NASHVILLE POLICE DEPT,20170179313,Davidson,Nashville,2/24/2017 5:00:00 PM,2,0,0,36.152960,-86.842250,46TH AVN,,,,125.00,Feet,South,I40 E ENT RAMP,,,,0.00,N,Not at Intersection, ,,None,,,         ,Barrett,Teague,,,no,no,no,no,no,False
101565065,METROPOLITAN NASHVILLE POLICE DEPT,20170179033,Davidson,Nashville,2/24/2017 3:41:00 PM,3,1,0,36.102470,-86.762920,ARMORY DR ENT RAMP,,,,0.00,Feet,East,ARMORY DR,,,,0.00,N,Not at Intersection,Y,Entrance/Exit Ramp Related,None,,,         ,Nicholas,Carroll,Clear,Front to Rear,no,no,no,no,no,False
101565078,METROPOLITAN NASHVILLE POLICE DEPT,20170179153,Davidson,Nashville,2/24/2017 3:40:00 PM,3,0,0,36.053850,-86.643300,BELL RD,,,,498.00,Feet,South,THE OVERLOOK PVTDR,,,,0.00,N,Not at Intersection,N,Non-Junction,None,,,         ,Richard,Olive,Clear,Front to Rear,no,no,no,no,no,False
101565093,METROPOLITAN NASHVILLE POLICE DEPT,2017-0179190,Davidson,Nashville,2/24/2017 4:26:00 PM,2,0,0,36.077790,-86.731590,MILNER DR,,,,0.00,,,HARDING PL,,,,0.00,Y,T-Intersection,N,Intersection,None,,,         ,William,Chambers,Clear,Angle,no,no,no,no,no,False