master_record_number,agency,agency_tracking_number,county,city,collision_date,vehicles_involved,number_injured,number_dead,latitude,longitude,roadway_name,roadway_suffix,roadway_number,roadway_local_id,distance_from_reference,miles-feet_indicator,direction_from_reference,intersection_road_name,intersection_road_name_suffix,intersection_road_number,intersection_local_id,mile_marker,intersection_indicator,intersect_type,interchange_related_indicator,relation_to_junction,work_zone_type,construction_maintenance_zone,construction_maintenance_zone_location,fatal_case_number,officer_first_name,officer_last_name,weather_condition(s),manner_of_crash,pedestrian,bicycle,scooter,parking,hitrun,mou
101565121,METROPOLITAN NASHVILLE POLICE DEPT,20170179244,Davidson,Nashville,2/24/2017 5:04:00 PM,2,0,0,36.154000,-86.785810,12TH AVS,,,,167.00,Feet,North,LAUREL ST,,,,0.00,N,Not at Intersection, ,,None,,,         ,Jason,Thomas,,,no,no,no,no,no,False
101565124,METROPOLITAN NASHVILLE POLICE DEPT,20170179362,Davidson,Not in City Limit,2/24/2017 5:43:00 PM,2,0,0,36.358760,-86.884010,WHITES CREEK PKE,,,,466.00,Feet,North,JACKMAN RD,,,,0.00,N,Not at Intersection,N,Non-Junction,None,,,         ,Michael,Brooks,Cloudy,Not Collision with Motor Vehicle in Transport,no,no,no,no,yes,False
101565138,METROPOLITAN NASHVILLE POLICE DEPT,20170179424,Davidson,Nashville,2/24/2017 5:57:00 PM,2,1,0,36.140730,-86.732280,I 40,,,,0.00,,,,,,,213.00,N,Not at Intersection,N,Entrance/Exit Ramp Related,None,,,         ,Jonathan,Cavezza,Clear,Angle,no,no,no,no,no,False
101565151,METROPOLITAN NASHVILLE POLICE DEPT,20170179340,Davidson,Nashville,2/24/2017 3:36:00 PM,2,1,0,36.077100,-86.734580,HARDING PL,,,,145.00,Feet,West,OVERCREST DR,,,,0.00,N,Not at Intersection,N,Non-Junction,None,,,         ,Miguel,Garcia,Clear,Front to Rear,no,no,no,no,no,False
101565153,METROPOLITAN NASHVILLE POLICE DEPT,20170179493,Davidson,Nashville,2/24/2017 7:00:00 PM,2,0,0,36.127220,-86.727180,I24 W EXT RAMP,,,,0.00,Feet,East,I 24,,,,0.00,N,Not at Intersection, ,Entrance/Exit Ramp Related,None,,,         ,Aimee,Ortiz,Cloudy,Not Collision with Motor Vehicle in Transport,no,no,no,no,no,False
101565160,METROPOLITAN NASHVILLE POLICE DEPT,20170179477,Davidson,Nashville,2/24/2017 6:29:00 PM,2,0,0,36.124330,-86.737950,I 440,,,,0.00,,,,,,,7.00,N,Not at Intersection,N,Non-Junction,None,,,         ,Brandon,Vance,Clear,Front to Rear,no,no,no,no,no,False
101565170,METROPOLITAN NASHVILLE POLICE DEPT,20170179483,Davidson,Nashville,2/24/2017 12:00:00 AM,3,0,0,36.079980,-86.645150,MURFREESBORO PKE,,,,241.00,Feet,North,EDGE O LAKE DR,,,,0.00,N,Not at Intersection,N,Non-Junction,None,,,         ,Kimberly,Annson,Clear,Other,no,no,no,no,no,False
101565180,METROPOLITAN NASHVILLE POLICE DEPT,20170179621,Davidson,Nashville,2/24/2017 7:40:00 PM,2,1,0,36.083510,-86.767230,HARDING PL,,,,224.00,Feet,West,PEACH ORCHARD DR,,,,0.00,N,Not at Intersection,N,Non-Junction,None,,,         ,Miguel,Garcia,Clear,Angle,no,no,no,no,no,False
101565182,METROPOLITAN NASHVILLE POLICE DEPT,20170179420,Davidson,Nashville,2/24/2017 4:36:00 PM,2,0,0,36.047520,-86.718750,HICKORY TRACE DR PVTDR,,,,560.00,Feet,North,HICKORYVIEW DR,,,,0.00,N,Not at Intersection, ,OtherLocation,None,,,         ,Tien,Nguyen,Clear,"Sideswipe, Same Direction",no,no,no,yes,no,False
101565188,METROPOLITAN NASHVILLE POLICE DEPT,20170179633,Davidson,Not in City Limit,2/24/2017 7:55:00 PM,2,0,0,36.263240,-86.713710,OLD HICKORY BLVDW,,,,180.00,Feet,West,OLD TIME VILLAGE PVTDR,,,,0.00,N,Not at Intersection,N,Non-Junction,None,,,         ,Samuel,Miller,Cloudy,Angle,no,no,no,no,yes,False
101565190,METROPOLITAN NASHVILLE POLICE DEPT,20170179232,Davidson,Nashville,2/24/2017 5:00:00 PM,2,1,0,36.168960,-86.757700,S 7TH ST,,,,75.00,Feet,South,SHELBY AV,,,,0.00,N,Not at Intersection,N,Non-Junction,None,,,         ,Joshua,Lefler,Clear,Front to Rear,no,no,no,no,no,False
101565192,METROPOLITAN NASHVILLE POLICE DEPT,20170179657,Davidson,Antioch,2/24/2017 4:08:00 PM,2,0,0,36.016360,-86.620000,OLD HICKORY BLVD,,,,300.00,Feet,North,I24 W EXT RAMP,,,,0.00,N,Not at Intersection,N,OtherLocation,None,,,         ,Candice,Soper,Clear,Front to Rear,no,no,no,yes,yes,False
101565198,METROPOLITAN NASHVILLE POLICE DEPT,20170178875,Davidson,Nashville,2/24/2017 2:36:00 PM,2,3,0,36.241960,-86.757080,DICKERSON PKE,,,,0.00,,,DICKERSON PKE ENT RAMP,,,,0.00,Y,Four-Way,Y,Intersection,None,,,         ,Samuel,Miller,Clear,Angle,no,no,no,no,no,False
101565219,METROPOLITAN NASHVILLE POLICE DEPT,20170179049,Davidson,Nashville,2/24/2017 3:47:00 PM,2,1,0,36.130250,-86.900100,CHARLOTTE PKE,,,,50.00,Feet,West,I40 W EXT RAMP,,,,0.00,N,Not at Intersection,N,Non-Junction,None,,,         ,Walter,Gray II,Clear,Front to Rear,no,no,no,no,no,False
101565220,METROPOLITAN NASHVILLE POLICE DEPT,20170179275,Davidson,Not in City Limit,2/24/2017 5:05:00 PM,2,1,0,36.277050,-86.734840,I 65,,,,0.00,,,,,,,93.15,N,Not at Intersection,N,Non-Junction,None,,,         ,Samuel,Miller,Cloudy,Front to Rear,no,no,no,no,no,False
101565231,METROPOLITAN NASHVILLE POLICE DEPT,20170179360,Davidson,Not in City Limit,2/24/2017 5:44:00 PM,2,0,0,36.281910,-86.804250,I 24,,,,0.00,,,,,,,40.15,N,Not at Intersection, ,Non-Junction,None,,,         ,Samuel,Miller,Cloudy,Angle,no,no,no,no,no,False
101565235,METROPOLITAN NASHVILLE POLICE DEPT,20170179217,Davidson,Nashville,2/24/2017 4:51:00 PM,2,0,0,36.152520,-86.857300,I 40,,,,0.00,,,,,,,204.00,N,Not at Intersection, ,,None,,,         ,Walter,Gray II,,,no,no,no,no,no,False
101565251,METROPOLITAN NASHVILLE POLICE DEPT,20170179850,Davidson,Nashville,2/24/2017 8:52:00 PM,2,0,0,36.157750,-86.776650,5TH AVS,,,,299.00,Feet,South,DEMONBREUN ST,,,,0.00,N,Not at Intersection, ,,None,,,         ,Jason,Thomas,,,no,no,no,no,no,False
101565253,METROPOLITAN NASHVILLE POLICE DEPT,2017-0179634,Davidson,Nashville,2/24/2017 7:56:00 PM,3,0,0,36.153220,-86.852510,I 40,,,,0.00,,,,,,,204.25,N,Not at Intersection,N,Non-Junction,None,,,         ,Ryan,Allen,Clear,"Sideswipe, Same Direction",no,no,no,no,no,False
101565261,METROPOLITAN NASHVILLE POLICE DEPT,20170179450,Davidson,Goodlettsville,2/24/2017 6:03:00 PM,2,2,0,36.299480,-86.696260,CUDE LN,,,,200.00,Feet,South,GALLATIN PKEN,,,,0.00,N,Not at Intersection,N,Non-Junction,None,,,         ,Samuel,Miller,Cloudy,Front to Rear,no,no,no,no,no,False
101565263,METROPOLITAN NASHVILLE POLICE DEPT,20170178933,Davidson,Goodlettsville,2/24/2017 2:58:00 PM,2,0,0,36.300610,-86.695140,GALLATIN PKEN,,,,115.00,Feet,West,SHEPHERD HILLS DR,,,,0.00,N,Not at Intersection, ,Non-Junction,None,,,         ,Joel,Callies,Cloudy,Angle,no,no,no,no,no,False
101565264,METROPOLITAN NASHVILLE POLICE DEPT,20170179546,Davidson,Nashville,2/24/2017 12:00:00 AM,2,0,0,36.143300,-86.666660,DONELSON PKE,,,,369.00,Feet,North,I40 W ENT RAMP,,,,0.00,N,Not at Intersection,N,Non-Junction,None,,,         ,Craig,Gentry,Clear,Angle,no,no,no,no,no,False
101565271,GOODLETTSVILLE POLICE DEPT,17-07179,Davidson,Goodlettsville,2/24/2017 6:26:00 PM,2,0,0,36.325840,-86.700930,LONG HOLLOW PKE,,,,174.00,Feet,South,NORTHCREEK BLVD,,,,0.00,N,Not at Intersection,N,Non-Junction,None,,,         ,William,Hunter,Cloudy,Angle,no,no,no,no,no,False
101565285,METROPOLITAN NASHVILLE POLICE DEPT,20170179972,Davidson,Nashville,2/24/2017 10:07:00 PM,2,0,0,36.088720,-86.615300,CASTLEGATE DR,,,,200.00,Feet,South,SMITH SPRINGS RD,,,,0.00,N,Not at Intersection,N,Non-Junction,None,,,         ,Michael,Apsey,Cloudy,Angle,no,no,no,no,yes,False
101565311,METROPOLITAN NASHVILLE POLICE DEPT,20170179923,Davidson,Nashville,2/24/2017 9:54:00 PM,2,1,0,36.076800,-86.920540,OLD HICKORY BLVD,,,,0.00,,,BELLE FOREST CIR,,,,0.00,Y,T-Intersection,N,Intersection,None,,,         ,Walter,Gray II,Cloudy,Angle,no,no,no,no,no,False
101565336,METROPOLITAN NASHVILLE POLICE DEPT,20170180080,Davidson,Nashville,2/24/2017 11:00:00 PM,1,0,0,36.235320,-86.785810,I24 E ENT RAMP,,,,0.00,Feet,East,I 24,,,,0.00,N,Not at Intersection,Y,Entrance/Exit Ramp Related,None,,,         ,James,Murphy,Clear,Not Collision with Motor Vehicle in Transport,no,no,no,no,no,False
101565338,METROPOLITAN NASHVILLE POLICE DEPT,20170180074,Davidson,Nashville,2/24/2017 11:05:00 PM,2,2,0,36.139510,-86.700310,KAREN DR,,,,0.00,,,BRILEY PKWY,,,,0.00,Y,Four-Way,N,Intersection,None,,,         ,Bo,Branum,Clear,Angle,no,no,no,no,no,False
101565343,METROPOLITAN NASHVILLE POLICE DEPT,20170180103,Davidson,Nashville,2/24/2017 11:10:00 PM,1,1,0,36.168700,-86.685510,LEBANON PKE,,,,46.00,Feet,West,THE CROSSINGS PVTDR,,,,0.00,N,Not at Intersection,N,Non-Junction,None,,,         ,Mekisha,Page,Clear,Not Collision with Motor Vehicle in Transport,no,no,no,no,no,False
101565360,METROPOLITAN NASHVILLE POLICE DEPT,20170180222,Davidson,Nashville,2/24/2017 11:30:00 PM,1,0,0,36.136700,-86.726650,I40 E ENT RAMP,,,,0.00,,,I 24,,,,0.00,Y,OTHER, ,Entrance/Exit Ramp Related,None,,,         ,Robert,Fondren,Cloudy,Not Collision with Motor Vehicle in Transport,no,no,no,no,no,False
101565383,METROPOLITAN NASHVILLE POLICE DEPT,20170180225,Davidson,Nashville,2/24/2017 11:52:00 PM,2,2,0,36.045480,-86.647290,CROSSINGS BLVD,,,,0.00,,,MT VIEW RD,,,,0.00,Y,Four-Way,N,Intersection,None,,,         ,Autumn,Manning,Clear,Angle,no,no,no,no,no,False
101565419,METROPOLITAN NASHVILLE POLICE DEPT,20170180057,Davidson,Nashville,2/25/2017 1:00:00 AM,2,0,0,36.243470,-86.665450,JOE PYRON DR,,,,0.00,,,FREEMAN LN,,,,0.00,Y,OTHER, ,Non-Junction,None,,,         ,Caesar,Harris,Clear,"Sideswipe, Opposite Direction",no,no,no,no,yes,False
101565420,METROPOLITAN NASHVILLE POLICE DEPT,20170180298,Davidson,Goodlettsville,2/25/2017 12:35:00 AM,2,0,0,36.296910,-86.699160,GALLATIN PKEN,,,,0.00,,,RIVERGATE PKWY,,,,0.00,Y,Four-Way,N,Intersection,None,,,         ,Cheri,Cox,Clear,Angle,no,no,no,no,yes,False
101565423,METROPOLITAN NASHVILLE POLICE DEPT,20170180226,Davidson,Nashville,2/25/2017 12:17:00 AM,3,0,0,36.071870,-86.636180,MURFREESBORO PKE,,,,0.00,Feet,,BELL RD,,,,0.00,Y,Four-Way, ,Intersection-Related,None,,,         ,Justin,McCormick,Clear,Front to Rear,no,no,no,no,no,False
101565451,METROPOLITAN NASHVILLE POLICE DEPT,20170180570,Davidson,Nashville,2/25/2017 2:59:00 AM,2,0,0,36.163250,-86.776070,2ND AVN,,,,0.00,,,COMMERCE ST,,,,0.00,Y,T-Intersection,N,Non-Junction,None,,,         ,Hunter,Fikes,Clear,Angle,no,no,no,no,yes,False
101565454,METROPOLITAN NASHVILLE POLICE DEPT,20170180577,Davidson,Nashville,2/25/2017 2:29:00 AM,1,0,0,36.170550,-86.679690,MCGAVOCK PKE,,,,380.00,Feet,South,PARK DR,,,,0.00,N,Not at Intersection, ,Non-Junction,None,,,         ,Curtis,Fisher,Clear,Not Collision with Motor Vehicle in Transport,no,no,no,yes,yes,False
101565460,METROPOLITAN NASHVILLE POLICE DEPT,20170180528,Davidson,Nashville,2/25/2017 2:25:00 AM,1,1,0,36.242990,-86.780440,BRICK CHURCH PKE,,,,71.00,Feet,North,MASONWOOD DR,,,,0.00,N,Not at Intersection,N,Non-Junction,None,,,         ,Michael,Richardson,Clear,Not Collision with Motor Vehicle in Transport,no,no,no,no,no,False
101565462,METROPOLITAN NASHVILLE POLICE DEPT,20170180513,Davidson,Nashville,2/25/2017 2:15:00 AM,2,1,0,36.183440,-86.744890,EASTLAND AV,,,,0.00,,,N 14TH ST,,,,0.00,Y,Four-Way,N,Intersection,None,,,         ,Christopher,Lawson,Clear,Front to Rear,no,no,no,no,no,False
101565473,METROPOLITAN NASHVILLE POLICE DEPT,2017-0180069,Davidson,Nashville,2/24/2017 10:45:00 PM,2,0,0,36.134650,-86.825060,WEST END AV,,,,0.00,,,BOWLING AV,,,,0.00,Y,Four-Way, ,Intersection,None,,,         ,Robert,Buckman,Clear,HeadOn,no,no,no,no,no,False
101565480,METROPOLITAN NASHVILLE POLICE DEPT,2017-0180587,Davidson,Nashville,2/25/2017 3:07:00 AM,2,1,0,36.157590,-86.760420,I 24,,,,0.00,,,,,,,49.60,N,Not at Intersection,N,Non-Junction,None,,,         ,Travis,Baxter,Cloudy,Front to Rear,no,no,no,no,no,False
101565481,METROPOLITAN NASHVILLE POLICE DEPT,20170180748,Davidson,Not in City Limit,2/25/2017 5:25:00 AM,2,0,0,36.279350,-86.708830,GALLATIN PKEN,,,,0.00,,,ONE MILE PKWY,,,,0.00,Y,T-Intersection, ,Intersection-Related,None,,,         ,Patrick,McGinnis,Clear,Angle,no,no,no,no,yes,False
101565486,METROPOLITAN NASHVILLE POLICE DEPT,20170180656,Davidson,Nashville,2/25/2017 4:02:00 AM,1,2,0,36.104020,-86.741520,SUNRISE AV,,,,48.00,Feet,East,NOLENSVILLE PKE,,,,0.00,N,Not at Intersection,N,Non-Junction,None,,,         ,Ryan,Worstall,Clear,Not Collision with Motor Vehicle in Transport,no,no,no,no,no,False
101565502,METROPOLITAN NASHVILLE POLICE DEPT,20170180757,Davidson,Nashville,2/25/2017 2:30:00 AM,1,0,0,36.153040,-86.713400,LEBANON PIKE CIR,,,,335.00,Feet,South,LEBANON PKE,,,,0.00,N,Not at Intersection,N,OtherLocation,None,,,         ,Austin,Childress,Clear,Not Collision with Motor Vehicle in Transport,no,no,no,no,no,False
101565546,METROPOLITAN NASHVILLE POLICE DEPT,20170180763,Davidson,Goodlettsville,2/25/2017 5:35:00 AM,1,0,0,36.304080,-86.741670,DRY CREEK RD,,,,232.00,Feet,North,HILLS HOLLOW RD,,,,0.00,N,Not at Intersection,N,Non-Junction,None,,,         ,Rudy,Basaldua,Clear,Not Collision with Motor Vehicle in Transport,no,no,no,no,no,False
101565567,METROPOLITAN NASHVILLE POLICE DEPT,20170180814,Davidson,Not in City Limit,2/25/2017 6:44:00 AM,1,0,0,36.271490,-86.821730,OLD HICKORY BLVD,,,,1499.00,Feet,West,WHITES CREEK PKE,,,,0.00,N,Not at Intersection,N,Non-Junction,None,,,         ,Patrick,Martin,Clear,Not Collision with Motor Vehicle in Transport,no,no,no,no,no,False
101565652,METROPOLITAN NASHVILLE POLICE DEPT,2017181008,Davidson,Nashville,2/25/2017 8:43:00 AM,2,0,0,36.133260,-86.785590,10TH AVS,,,,122.00,Feet,South,ACKLEN AV,,,,0.00,N,Not at Intersection, ,Non-Junction,None,,,         ,Erik,Wagner,Cloudy,Rear to Rear,no,no,no,no,no,False
101565653,METROPOLITAN NASHVILLE POLICE DEPT,20170181036,Davidson,Nashville,2/25/2017 8:55:00 AM,2,0,0,36.149840,-86.857940,WHITE BRIDGE PKE,,,,113.00,Feet,South,CHARLOTTE PKE,,,,0.00,N,Not at Intersection,N,Non-Junction,None,,,         ,Brian,Myatt,Clear,"Sideswipe, Same Direction",no,no,no,no,yes,False
101565661,GOODLETTSVILLE POLICE DEPT,17-07286,Davidson,Goodlettsville,2/25/2017 8:45:00 AM,2,0,0,36.325610,-86.699750,NORTHCREEK BLVD,,,,332.00,Feet,East,LONG HOLLOW PKE,,,,0.00,N,Not at Intersection,Y,"Driveway, Alley Access, etc",None,,,         ,George,Forbes,Clear,"Sideswipe, Same Direction",no,no,no,no,yes,False
101565702,METROPOLITAN NASHVILLE POLICE DEPT,20170180974,Davidson,Nashville,2/25/2017 8:30:00 AM,1,0,0,36.080430,-86.696460,I 24,,,,0.00,,,,,,,56.15,N,Not at Intersection,N,Non-Junction,None,,,         ,Peter,Vaught,Clear,Not Collision with Motor Vehicle in Transport,no,no,no,no,no,False
101565705,METROPOLITAN NASHVILLE POLICE DEPT,20170181003,Davidson,Nashville,2/25/2017 8:44:00 AM,2,0,0,36.073840,-86.638070,MURFREESBORO PKE,,,,0.00,,,,,,,0.00,,,N,Non-Junction,None,,,         ,Jason,Dudley,Clear,HeadOn,no,no,no,no,yes,False
101565706,METROPOLITAN NASHVILLE POLICE DEPT,20170180969,Davidson,Nashville,2/25/2017 7:40:00 AM,1,0,0,36.137990,-86.641180,TIMBER VALLEY DR,,,,221.00,Feet,North,S TIMBER DR,,,,0.00,N,Not at Intersection,N,Non-Junction,None,,,         ,Scott,Toney,Cloudy,Not Collision with Motor Vehicle in Transport,no,no,no,no,no,False
101565730,METROPOLITAN NASHVILLE POLICE DEPT,20170181165,Davidson,Nashville,2/25/2017 10:00:00 AM,2,0,0,36.096720,-86.763010,I 65,,,,0.00,,,,,,,78.80,N,Not at Intersection, ,,None,,,         ,Ian,Hammond,,,no,no,no,no,no,False
101565736,METROPOLITAN NASHVILLE POLICE DEPT,20170181225,Davidson,Nashville,2/25/2017 12:00:00 AM,2,0,0,36.179330,-86.816870,SANTI AV,,,,21.00,Feet,East,25TH AVN,,,,0.00,N,Not at Intersection,N,Non-Junction,None,,,         ,Julie,Nabors,Clear,Angle,no,no,no,no,yes,False
101565755,METROPOLITAN NASHVILLE POLICE DEPT,20170181175,Davidson,Nashville,2/25/2017 10:06:00 AM,2,0,0,36.208550,-86.723660,SHELTON AV,,,,0.00,,,RIVERSIDE DR,,,,0.00,Y,Four-Way, ,Intersection,None,,,         ,Gregory,Cenicola,Clear,Front to Rear,no,no,no,no,no,False
101565804,METROPOLITAN NASHVILLE POLICE DEPT,20170181368,Davidson,Nashville,2/25/2017 12:15:00 PM,2,0,0,36.178170,-86.800950,I 65,,,,0.00,,,,,,,84.90,N,Not at Intersection, ,Non-Junction,None,,,         ,Chase,Burnett,Clear,"Sideswipe, Same Direction",no,no,no,no,no,False
101565828,METROPOLITAN NASHVILLE POLICE DEPT,20170181324,Davidson,Nashville,2/25/2017 11:50:00 AM,3,0,0,36.071870,-86.636180,MURFREESBORO PKE,,,,0.00,,,BELL RD,,,,0.00,Y,Four-Way, ,Intersection,None,,,         ,Thomas,White,Clear,Front to Rear,no,no,no,no,no,False
101565833,METROPOLITAN NASHVILLE POLICE DEPT,20170181294,Davidson,Not in City Limit,2/25/2017 11:30:00 AM,1,1,0,36.266900,-86.710910,DUPONT AV,,,,0.00,,,GALLATIN PKEN,,,,0.00,Y,Four-Way,Y,Intersection,None,,,         ,Brandon,Wood,Clear,Not Collision with Motor Vehicle in Transport,yes,no,no,no,no,False
101565841,METROPOLITAN NASHVILLE POLICE DEPT,20170181305,Davidson,Nashville,2/25/2017 11:30:00 AM,2,0,0,36.147840,-86.874140,AMERICAN RD,,,,494.00,Feet,South,PREMIER DR,,,,0.00,N,Not at Intersection, ,Non-Junction,None,,,         ,Brian,Myatt,Clear,Rear to Rear,no,no,no,no,no,False
101565845,METROPOLITAN NASHVILLE POLICE DEPT,20170181419,Davidson,Nashville,2/25/2017 12:50:00 PM,2,0,0,36.080870,-86.716180,HARDING PL,,,,264.00,Feet,East,WELCH RD,,,,0.00,N,Not at Intersection, ,,None,,,         ,Lee,Davis,,,no,no,no,no,no,False
101565854,METROPOLITAN NASHVILLE POLICE DEPT,20170181120,Davidson,Nashville,2/25/2017 9:30:00 AM,2,0,0,36.153340,-86.625320,STEWARTS FERRY PKE,,,,224.00,Feet,South,PERCY PRIEST DR,,,,0.00,N,Not at Intersection,N,Non-Junction,None,,,         ,Scott,Toney,Clear,Front to Rear,no,no,no,yes,yes,False
101565870,METROPOLITAN NASHVILLE POLICE DEPT,20170181291,Davidson,Nashville,2/25/2017 10:25:00 AM,2,0,0,36.161380,-86.790010,11TH AVN,,,,246.00,Feet,North,ELEVEN NORTH APTS PVTDR,,,,0.00,N,Not at Intersection, ,Non-Junction,None,,,         ,William,Gibbs,Clear,Angle,no,no,no,no,no,False
101565871,METROPOLITAN NASHVILLE POLICE DEPT,20170181453,Davidson,Nashville,2/25/2017 1:18:00 PM,2,2,0,36.064790,-86.628480,HAMILTON CHURCH RD,,,,0.00,Feet,,MURFREESBORO PKE,,,,0.00,Y,Four-Way,N,Intersection-Related,None,,,         ,Jason,Dudley,Clear,Front to Rear,no,no,no,no,no,False
101565874,METROPOLITAN NASHVILLE POLICE DEPT,20170181430,Davidson,Nashville,2/25/2017 12:50:00 PM,2,1,0,36.117680,-86.718980,EAST THOMPSON LN,,,,95.00,Feet,North,OLD GLENROSE AV,,,,0.00,N,Not at Intersection,N,Non-Junction,None,,,         ,Blake,Lutz,Clear,Front to Rear,no,no,no,no,no,False
101565877,METROPOLITAN NASHVILLE POLICE DEPT,20170181393,Davidson,Nashville,2/25/2017 12:36:00 PM,3,1,0,36.143680,-86.873630,CHARLOTTE PKE,,,,219.00,Feet,West,WATTS LN,,,,0.00,N,Not at Intersection,N,Non-Junction,None,,,         ,Andrew,Maholland,Clear,Front to Rear,no,no,no,no,no,False
101565879,METROPOLITAN NASHVILLE POLICE DEPT,20170181460,Davidson,Nashville,2/25/2017 1:25:00 PM,3,0,0,36.142760,-83.875150,THOMPSON SCHOOL RD,,,,1803.00,Feet,North,LETT RD,,,,0.00,N,Not at Intersection, ,Non-Junction,None,,,         ,Wesley,Tilley,Clear,Front to Rear,no,no,no,no,no,False
101565896,METROPOLITAN NASHVILLE POLICE DEPT,20170181501,Davidson,Nashville,2/25/2017 1:53:00 PM,2,1,0,36.154760,-86.773150,4TH AVS,,,,20.00,Feet,North,LEA AV,,,,0.00,N,Not at Intersection,N,Non-Junction,None,,,         ,Christian,Martin,Clear,Front to Rear,no,no,no,no,no,False
101565910,METROPOLITAN NASHVILLE POLICE DEPT,20170181274,Davidson,Nashville,2/25/2017 11:20:00 AM,2,0,0,36.090660,-86.650920,MURFREESBORO PKE,,,,121.00,Feet,South,BOROWOOD DR,,,,0.00,N,Not at Intersection, ,Non-Junction,None,,,         ,Roderic,Williams,Clear,Angle,no,no,no,no,no,False
101565957,METROPOLITAN NASHVILLE POLICE DEPT,20170181558,Davidson,Nashville,2/25/2017 2:25:00 PM,2,0,0,36.176170,-86.749410,HOLLY ST,,,,215.00,Feet,West,S 12TH ST,,,,0.00,N,Not at Intersection, ,,None,,,         ,Steven,Frazier Jr.,,,no,no,no,no,no,False
101565996,METROPOLITAN NASHVILLE POLICE DEPT,20170181566,Davidson,Nashville,2/25/2017 2:32:00 PM,1,0,0,36.115800,-86.782750,I 440,,,,0.00,,,,,,,4.40,N,Not at Intersection,N,Non-Junction,None,,,         ,Ralph,Smith IV,Clear,Not Collision with Motor Vehicle in Transport,no,no,no,no,no,False
101566004,METROPOLITAN NASHVILLE POLICE DEPT,20170181563,Davidson,Nashville,2/25/2017 2:44:00 PM,2,0,0,36.054240,-86.642930,BELL RD,,,,319.00,Feet,South,THE OVERLOOK PVTDR,,,,0.00,N,Not at Intersection, ,Non-Junction,None,,,         ,Nakia,Reid,Clear,Front to Rear,no,no,no,no,no,False
101566015,METROPOLITAN NASHVILLE POLICE DEPT,20170181615,Davidson,Nashville,2/25/2017 2:46:00 PM,2,0,0,36.209620,-86.732360,SHELTON AV,,,,493.00,Feet,East,GALLATIN PKE,,,,0.00,N,Not at Intersection,N,Non-Junction,None,,,         ,James,Smith,Clear,Rear to Rear,no,no,no,yes,no,False
101566017,METROPOLITAN NASHVILLE POLICE DEPT,20170181538,Davidson,Nashville,2/25/2017 2:29:00 PM,2,0,0,36.134100,-86.772880,WEDGEWOOD AV,,,,338.00,Feet,East,STEWART PL,,,,0.00,N,Not at Intersection, ,"Driveway, Alley Access, etc",None,,,         ,Charles,Griffin,Clear,Front to Rear,no,no,no,no,no,False
101566069,METROPOLITAN NASHVILLE POLICE DEPT,20170181588,Davidson,Nashville,2/25/2017 1:48:00 PM,2,0,0,36.154080,-86.780080,LEA AV,,,,200.00,Feet,West,8TH AVS,,,,0.00,N,Not at Intersection, ,,None,,,         ,Jason,Thomas,,,no,no,no,no,no,False
101566076,METROPOLITAN NASHVILLE POLICE DEPT,20170181716,Davidson,Nashville,2/25/2017 3:35:00 PM,2,0,0,36.046490,-86.673990,BLUE HOLE RD,,,,293.00,Feet,North,BELL RD,,,,0.00,N,Not at Intersection, ,Non-Junction,None,,,         ,Nakia,Reid,Clear,"Sideswipe, Same Direction",no,no,no,no,no,False
101566090,METROPOLITAN NASHVILLE POLICE DEPT,20170181785,Davidson,Nashville,2/25/2017 4:25:00 PM,2,0,0,36.177290,-86.753770,MAIN ST,,,,334.00,Feet,West,FINN ST,,,,0.00,N,Not at Intersection, ,Non-Junction,None,,,         ,Steven,Frazier Jr.,Clear,"Sideswipe, Same Direction",no,no,no,no,no,False
101566092,METROPOLITAN NASHVILLE POLICE DEPT,20170181671,Davidson,Not in City Limit,2/25/2017 3:37:00 PM,2,0,0,36.264950,-86.711250,GALLATIN PKEN,,,,256.00,Feet,North,OLD TIME VILLAGE PVTDR,,,,0.00,N,Not at Intersection, ,Non-Junction,None,,,         ,Cecilia,Gomez,Clear,Angle,no,no,no,no,no,False
101566101,METROPOLITAN NASHVILLE POLICE DEPT,20170181749,Davidson,Nashville,2/25/2017 4:12:00 PM,2,0,0,36.102610,-86.603960,ANDERSON RD,,,,0.00,,,PRIEST LAKE DR,,,,0.00,Y,T-Intersection,N,Non-Junction,None,,,         ,Jaby,Djabbarov,Clear,Front to Rear,no,no,no,no,yes,False
101566107,METROPOLITAN NASHVILLE POLICE DEPT,20170181836,Davidson,Nashville,2/25/2017 4:33:00 PM,2,0,0,36.172590,-86.762800,S 6TH ST,,,,0.00,,,WOODLAND ST,,,,0.00,Y,Four-Way,N,Intersection,None,,,         ,Christopher,Valdez,Clear,Angle,no,no,no,no,no,False
101566108,METROPOLITAN NASHVILLE POLICE DEPT,20170181726,Davidson,Nashville,2/25/2017 4:07:00 PM,2,4,0,36.231660,-86.700610,BRILEY PKWYS,,,,0.00,,,,,,,0.00,,,N,Non-Junction,None,,,         ,Brian,Smith,Clear,Front to Rear,no,no,no,no,no,False