master_record_number,agency,agency_tracking_number,county,city,collision_date,vehicles_involved,number_injured,number_dead,latitude,longitude,roadway_name,roadway_suffix,roadway_number,roadway_local_id,distance_from_reference,miles-feet_indicator,direction_from_reference,intersection_road_name,intersection_road_name_suffix,intersection_road_number,intersection_local_id,mile_marker,intersection_indicator,intersect_type,interchange_related_indicator,relation_to_junction,work_zone_type,construction_maintenance_zone,construction_maintenance_zone_location,fatal_case_number,officer_first_name,officer_last_name,weather_condition(s),manner_of_crash,pedestrian,bicycle,scooter,parking,hitrun,mou
101566109,METROPOLITAN NASHVILLE POLICE DEPT,20170181640,Davidson,Nashville,2/25/2017 3:26:00 PM,3,0,0,36.157950,-86.784310,10TH AVS,,,,0.00,,,BROADWAY,,,,0.00,Y,Four-Way, ,Intersection,None,,,         ,Jacob,Paul,Clear,"Sideswipe, Same Direction",no,no,no,no,yes,False
101566111,METROPOLITAN NASHVILLE POLICE DEPT,0181827,Davidson,Nashville,2/25/2017 4:15:00 PM,2,0,0,36.105850,-86.813870,HILLSBORO PKE,,,,0.00,,,ABBOTT MARTIN RD,,,,0.00,Y,Four-Way, ,Intersection,None,,,         ,Ryan,Allen,Clear,"Sideswipe, Same Direction",no,no,no,no,no,False
101566123,METROPOLITAN NASHVILLE POLICE DEPT,20170181643,Davidson,Nashville,2/25/2017 3:22:00 PM,3,0,0,36.153750,-86.776890,LAFAYETTE ST,,,,172.00,Feet,West,LEA AV,,,,0.00,N,Not at Intersection, ,,None,,,         ,Jason,Thomas,,,no,no,no,no,no,False
101566129,METROPOLITAN NASHVILLE POLICE DEPT,20170181874,Davidson,Nashville,2/25/2017 5:00:00 PM,2,1,0,36.153150,-86.765090,I 40,,,,0.00,,,,,,,210.70,N,Not at Intersection,N,Non-Junction,None,,,         ,Wesley,Feinstein,Clear,Front to Rear,no,no,no,no,no,False
101566137,METROPOLITAN NASHVILLE POLICE DEPT,20170181890,Davidson,Nashville,2/25/2017 4:57:00 PM,2,0,0,36.135850,-86.775900,I65 S EXT RAMP,,,,0.00,Feet,East,I 65,,,,0.00,N,Not at Intersection, ,,None,,,         ,Charles,Griffin,,,no,no,no,no,no,False
101566143,METROPOLITAN NASHVILLE POLICE DEPT,20170181846,Davidson,Not in City Limit,2/25/2017 4:47:00 PM,2,1,0,36.263090,-86.690490,E OLD HICKORY BLVD,,,,0.00,,,MYATT DR,,,,0.00,Y,Four-Way,N,Non-Junction,None,,,         ,Brittani,Campbell,Clear,Angle,no,no,no,no,no,False
101566148,METROPOLITAN NASHVILLE POLICE DEPT,20170181650,Davidson,Nashville,2/25/2017 3:08:00 PM,2,0,0,36.184250,-86.748180,GALLATIN AV,,,,164.00,Feet,North,EASTLAND AV,,,,0.00,N,Not at Intersection,N,Non-Junction,None,,,         ,Micah,Wright,Clear,Front to Rear,no,no,no,no,yes,False
101566195,METROPOLITAN NASHVILLE POLICE DEPT,20170181996,Davidson,Nashville,2/25/2017 5:30:00 PM,2,0,0,36.217020,-86.819610,BUENA VISTA PKE,,,,0.00,,,ROWAN DR,,,,0.00,Y,T-Intersection, ,Intersection,None,,,         ,Brandon,Rardin,Clear,"Sideswipe, Same Direction",no,no,no,no,no,False
101566199,METROPOLITAN NASHVILLE POLICE DEPT,20170182046,Davidson,Nashville,2/25/2017 5:40:00 PM,2,0,0,36.186870,-86.608570,JACKSON PASS,,,,0.00,,,ANDREW JACKSON PKWY,,,,0.00,Y,T-Intersection, ,Intersection,None,,,         ,Noah,Melton,Clear,Front to Rear,no,no,no,no,no,False
101566216,METROPOLITAN NASHVILLE POLICE DEPT,20170181843,Davidson,Nashville,2/25/2017 4:45:00 PM,2,0,0,36.163870,-86.786620,CHARLOTTE AV,,,,0.00,,,ROSA L PARKS BLVD,,,,0.00,Y,Y-Intersection, ,Intersection,None,,,         ,Jacob,Paul,Clear,Front to Rear,no,no,no,no,no,False
101566225,METROPOLITAN NASHVILLE POLICE DEPT,20170182091,Davidson,Nashville,2/25/2017 6:30:00 PM,2,0,0,36.113560,-86.723860,I 24,,,,0.00,,,,,,,53.40,N,Not at Intersection, ,Non-Junction,None,,,         ,Andrew,Mullen,Clear,Front to Rear,no,no,no,no,no,False
101566227,METROPOLITAN NASHVILLE POLICE DEPT,20170182218,Davidson,Nashville,2/25/2017 6:55:00 PM,2,0,0,36.121620,-86.806280,I440 E ENT RAMP,,,,0.00,,,I 440,,,,0.00,Y,OTHER,N,Non-Junction,None,,,         ,Ralph,Smith IV,Clear,Angle,no,no,no,no,yes,False
101566247,METROPOLITAN NASHVILLE POLICE DEPT,20170182105,Davidson,Nashville,2/25/2017 6:36:00 PM,2,1,0,36.187920,-86.798480,ROSA L PARKS BLVD,,,,0.00,,,DOMINICAN DR,,,,0.00,Y,Four-Way,N,Intersection,None,,,         ,Charles,Griffin,Clear,Front to Rear,no,no,no,no,yes,False
101566268,METROPOLITAN NASHVILLE POLICE DEPT,20170182096,Davidson,Nashville,2/25/2017 6:25:00 PM,2,1,0,36.180410,-86.819610,BUCHANAN ST,,,,0.00,,,26TH AVN,,,,0.00,Y,T-Intersection,N,Intersection,None,,,         ,Andy,Esqueda,Clear,Angle,no,no,no,no,no,False
101566271,METROPOLITAN NASHVILLE POLICE DEPT,20170182177,Davidson,Nashville,2/25/2017 7:16:00 PM,2,0,0,36.147050,-86.666420,DONELSON PKE,,,,403.00,Feet,North,ROYAL PKWY,,,,0.00,N,Not at Intersection,N,Non-Junction,None,,,         ,Brandon,Vance,Clear,Angle,no,no,no,no,no,False
101566298,METROPOLITAN NASHVILLE POLICE DEPT,2017-0182370,Davidson,Nashville,2/25/2017 8:38:00 PM,2,2,0,36.105080,-86.868590,HARDING PKE,,,,191.00,Feet,South,LEAKE AV,,,,0.00,N,Not at Intersection,N,Non-Junction,None,,,         ,Ryan,Allen,Clear,Angle,no,no,no,no,no,False
101566310,METROPOLITAN NASHVILLE POLICE DEPT,20170182347,Davidson,Nashville,2/25/2017 9:00:00 PM,2,0,0,36.171430,-86.769040,JAMES ROBERTSON PKWY,,,,0.00,,,INTERSTATE DR,,,,0.00,Y,Four-Way, ,Intersection,None,,,         ,Jacob,Paul,Clear,"Sideswipe, Same Direction",no,no,no,no,no,False
101566311,METROPOLITAN NASHVILLE POLICE DEPT,20170182417,Davidson,Nashville,2/25/2017 9:00:00 PM,2,0,0,36.160800,-86.781800,COMMERCE ST,,,,0.00,,,7TH AVN,,,,0.00,Y,Four-Way, ,Intersection,None,,,         ,Brian,Woodard,Clear,Other,no,no,no,no,no,False
101566320,METROPOLITAN NASHVILLE POLICE DEPT,20170182444,Davidson,Goodlettsville,2/25/2017 9:10:00 PM,2,1,0,36.302750,-86.691850,RIVERGATE MARKETPLACE PVTDR,,,,0.00,,,GALLATIN PKEN,,,,0.00,Y,Four-Way,N,Intersection,None,,,         ,Bradley,Campbell,Clear,Front to Rear,no,no,no,no,no,False
101566330,METROPOLITAN NASHVILLE POLICE DEPT,20170182396,Davidson,Not in City Limit,2/25/2017 8:48:00 PM,1,1,0,36.261350,-86.757550,DICKERSON PKE,,,,73.00,Feet,North,TUCKAHOE DR,,,,0.00,N,Not at Intersection,N,Non-Junction,None,,,         ,Harold,Willmore IV,Clear,Not Collision with Motor Vehicle in Transport,no,no,no,no,no,False
101566334,METROPOLITAN NASHVILLE POLICE DEPT,20170182122,Davidson,Nashville,2/25/2017 6:30:00 PM,2,0,0,36.154000,-86.835820,I 40,,,,0.00,,,,,,,205.20,N,Not at Intersection, ,Non-Junction,Construction Zone,,,         ,Torian,Cox,Clear,Front to Rear,no,no,no,no,no,False
101566346,METROPOLITAN NASHVILLE POLICE DEPT,20170180177,Davidson,Nashville,2/24/2017 11:47:00 PM,1,2,0,36.072340,-86.646850,EDGE O LAKE DR,,,,0.00,,,RICE RD,,,,0.00,Y,T-Intersection,N,Intersection,None,,,         ,Dezmond,Hughes,Clear,Not Collision with Motor Vehicle in Transport,no,no,no,no,no,False
101566363,METROPOLITAN NASHVILLE POLICE DEPT,20170182114,Davidson,Nashville,2/25/2017 6:46:00 PM,4,5,0,36.220630,-86.624810,OLD HICKORY BLVD,,,,48.00,Feet,South,SOUTHFORK BLVD,,,,0.00,N,Not at Intersection,N,Non-Junction,None,,,         ,Patrick,Taylor,Clear,HeadOn,no,no,no,no,no,False
101566370,THP District 9 - Administrative,317011220,Davidson,Nashville,2/25/2017 7:10:00 PM,2,0,0,36.165800,-86.786250,6TH AVN,,,,346.00,Feet,East,ROSA L PARKS BLVD,,,,0.00,N,Not at Intersection, ,Non-Junction,None,,,         ,Todd,Pitts,Clear,Angle,no,no,no,no,no,False
101566387,METROPOLITAN NASHVILLE POLICE DEPT,20170182522,Davidson,Nashville,2/25/2017 9:46:00 PM,3,0,0,36.153320,-86.775740,LAFAYETTE ST,,,,0.00,,,6TH AVS,,,,0.00,Y,Four-Way, ,Intersection-Related,None,,,         ,John,Anderson,Clear,Front to Rear,no,no,no,no,no,False
101566390,METROPOLITAN NASHVILLE POLICE DEPT,2017-0182472,Davidson,Nashville,2/25/2017 7:47:00 PM,3,0,0,36.161670,-86.646350,STEWARTS FERRY PKE,,,,25.00,Feet,South,CREEKSTONE CIR,,,,0.00,N,Not at Intersection,N,Non-Junction,None,,,         ,Jonathan,Cavezza,Clear,Angle,no,no,no,no,no,False
101566430,METROPOLITAN NASHVILLE POLICE DEPT,20170182839,Davidson,Nashville,2/25/2017 11:54:00 PM,2,0,0,36.149690,-86.779180,8TH AVS,,,,0.00,,,DIVISION ST,,,,0.00,Y,T-Intersection, ,Intersection,None,,,         ,Kevin,Ott,Clear,"Sideswipe, Same Direction",no,no,no,no,no,False
101566440,METROPOLITAN NASHVILLE POLICE DEPT,20170182761,Davidson,Nashville,2/25/2017 11:50:00 PM,1,1,0,36.236030,-86.706490,BRILEY PKWYW,,,,498.00,Feet,West,BRILEY PKWYE,,,,0.00,N,Not at Intersection,N,Non-Junction,None,,,         ,Curtis,Fisher,Clear,Not Collision with Motor Vehicle in Transport,no,no,no,no,no,False
101566471,METROPOLITAN NASHVILLE POLICE DEPT,20170182739,Davidson,Nashville,2/25/2017 10:50:00 PM,2,0,0,36.074120,-86.663260,PEBBLE CREEK DR,,,,0.00,,,UNA ANTIOCH PKE,,,,0.00,Y,Four-Way, ,Intersection,None,,,         ,Daniel,Garrett,Clear,Front to Rear,no,no,no,no,yes,False
101566599,METROPOLITAN NASHVILLE POLICE DEPT,20170183371,Davidson,Nashville,2/12/2017 12:00:00 AM,2,0,0,36.152710,-86.632380,PERCY PRIEST DR,,,,179.00,Feet,East,ORTEGA RD,,,,0.00,N,Not at Intersection,N,"Driveway, Alley Access, etc",None,,,         ,Seth,Vaughn,Unknown,Not Collision with Motor Vehicle in Transport,no,no,no,yes,yes,False
101566674,METROPOLITAN NASHVILLE POLICE DEPT,20170183406,Davidson,Nashville,2/25/2017 9:19:00 PM,2,0,0,36.127240,-86.700620,GOODBAR DR,,,,0.00,,,THOMPSON PL,,,,0.00,Y,T-Intersection,N,Non-Junction,None,,,         ,MIchael,Mihajlov,Clear,"Sideswipe, Opposite Direction",no,no,no,no,yes,False
101566769,METROPOLITAN NASHVILLE POLICE DEPT,20170183608,Davidson,Nashville,2/25/2017 12:00:00 AM,2,0,0,36.069840,-86.677230,WAIKIKI BLVD,,,,121.00,Feet,North,COCONUT CT,,,,0.00,N,Not at Intersection, ,Non-Junction,None,,,         ,Roy,McElwee,Unknown,Unknown,no,no,no,no,yes,False
101567689,Nashville Airport Police,2017-00483,Davidson,Nashville,2/13/2017 5:14:00 PM,2,0,0,36.142160,-86.679650,I 40,,,,0.00,,,,,,,215.90,N,Not at Intersection,N,Non-Junction,None,,,         ,Christopher,Kullman,Clear,Not Collision with Motor Vehicle in Transport,no,no,no,no,no,False
101568019,METROPOLITAN NASHVILLE POLICE DEPT,20170186941,Davidson,Nashville,2/25/2017 6:30:00 PM,1,1,0,36.234900,-86.758350,DICKERSON PKE,,,,72.00,Feet,South,HOMESTEAD RD,,,,0.00,N,Not at Intersection,N,Non-Junction,None,,,         ,Christopher,Littles,Clear,Not Collision with Motor Vehicle in Transport,yes,no,no,no,no,False
101568233,METROPOLITAN NASHVILLE POLICE DEPT,2017-0179446,Davidson,Nashville,2/24/2017 6:21:00 PM,1,5,0,36.149780,-86.833700,40TH AVN,,,,176.00,Feet,North,NEVADA AV,,,,0.00,N,Not at Intersection,N,Non-Junction,None,,,         ,John,Roberson,Clear,Not Collision with Motor Vehicle in Transport,yes,no,no,no,no,False
101568453,THP District 9 - Administrative,317010220,Davidson,Nashville,2/21/2017 8:03:00 AM,2,0,0,36.082270,-86.697580,I 24,,,,0.00,,,,,,,56.00,N,Not at Intersection, ,Entrance/Exit Ramp Related,None,,,         ,Richard,Campbell,Cloudy,Front to Rear,no,no,no,no,no,False
101568476,METROPOLITAN NASHVILLE POLICE DEPT,20170111175,Davidson,Nashville,2/3/2017 9:58:00 PM,1,2,0,36.318420,-86.876230,EATONS CREEK RD,,,,778.00,Feet,North,OLD CLARKSVILLE PKE,,,,0.00,N,Not at Intersection,N,Non-Junction,None,,,         ,William,Waters,Clear,Not Collision with Motor Vehicle in Transport,no,no,no,no,no,False
101568688,THP District 3 - Nashville,317010304,Davidson,Nashville,2/21/2017 5:52:00 PM,2,1,0,36.100450,-86.672280,CITATION DR,,,,0.00,Feet,,EZELL PKE,,,,0.00,Y,Four-Way,N,Intersection,None,,,         ,Christopher,Burrell,Rain,Angle,no,no,no,no,no,False
101568689,THP District 9 - Administrative,317010787,Davidson,Nashville,2/24/2017 2:00:00 AM,1,0,0,36.165900,-86.785100,7TH AVN,,,,458.00,Feet,North,6TH AVN,,,,0.00,N,Not at Intersection,N,Non-Junction,None,,,         ,Michael,Morgan,Clear,Not Collision with Motor Vehicle in Transport,no,no,no,no,yes,False
101569338,METROPOLITAN NASHVILLE POLICE DEPT,20170171203,Davidson,Nashville,2/22/2017 8:15:00 AM,2,0,0,36.191830,-86.784000,I 65,,,,0.00,,,,,,,86.10,N,Not at Intersection, ,Non-Junction,None,,,         ,Joshua,Baker,Cloudy,Front to Rear,no,no,no,no,no,False
101569540,METROPOLITAN NASHVILLE POLICE DEPT,20170178337,Davidson,Nashville,2/24/2017 9:08:00 AM,2,0,0,36.083950,-86.698460,I24 W EXT RAMP,,,,0.00,,,I 24,,,,0.00,Y,OTHER,Y,Entrance/Exit Ramp Related,None,,,         ,Scott,Carter,Cloudy,"Sideswipe, Same Direction",no,no,no,no,yes,False
101571418,METROPOLITAN NASHVILLE POLICE DEPT,2017-0161070,Davidson,Nashville,2/18/2017 9:00:00 PM,1,0,0,36.203670,-86.601320,NETHERLANDS DR,,,,355.00,Feet,East,DUTCHMANS DR,,,,0.00,N,Not at Intersection, ,,None,,,         ,Calvin,Graham,,,no,no,no,no,no,False
101571437,METROPOLITAN NASHVILLE POLICE DEPT,2017-0161057,Davidson,Nashville,2/18/2017 10:00:00 PM,1,0,0,36.203670,-86.601320,NETHERLANDS DR,,,,355.00,Feet,East,DUTCHMANS DR,,,,0.00,N,Not at Intersection, ,,None,,,         ,Calvin,Graham,,,no,no,no,no,no,False
101574545,THP District 3 - Nashville,317008788,Davidson,Nashville,2/14/2017 9:30:00 AM,2,0,0,36.187730,-86.798670,DOMINICAN DR,,,,0.00,,,,,,,0.00,,, ,,None,,,         ,Allen,Leverette,,,no,no,no,yes,no,False
101574549,THP District 3 - Nashville,317009175,Davidson,Nashville,2/16/2017 2:56:00 PM,2,0,0,36.167820,-86.830830,37TH AVN,,,,0.00,,,,,,,0.00,,, ,Non-Junction,None,,,         ,Allen,Leverette,Clear,Rear to Side,no,no,no,yes,no,False
101611133,METROPOLITAN NASHVILLE POLICE DEPT,20170136584,Davidson,Nashville,2/11/2017 10:14:00 PM,2,0,0,36.048270,-86.713670,US HWY 31 ALT,,,,181.00,Feet,South,HICKORYVIEW DR,,,,0.00,N,Not at Intersection, ,Non-Junction,None,,,         ,Ronald,Bright,Clear,Front to Rear,no,no,no,no,no,False
101566405,METROPOLITAN NASHVILLE POLICE DEPT,20170182789,Davidson,Nashville,2/26/2017 12:05:00 AM,1,1,0,36.147810,-86.778690,I65 S ENT RAMP,,,,0.00,Feet,East,I 40,,,,0.00,N,Not at Intersection,Y,Entrance/Exit Ramp Related,None,,,         ,Ryan,Worstall,Clear,Not Collision with Motor Vehicle in Transport,no,no,no,no,no,False
101566449,METROPOLITAN NASHVILLE POLICE DEPT,20170182865,Davidson,Nashville,2/26/2017 12:37:00 AM,2,0,0,36.154480,-86.779420,8TH AVS,,,,0.00,,,LAFAYETTE ST,,,,0.00,Y,Roundabout, ,Intersection,None,,,         ,John,Anderson,Clear,Angle,no,no,no,no,no,False
101566476,METROPOLITAN NASHVILLE POLICE DEPT,20170182776,Davidson,Nashville,2/26/2017 12:05:00 AM,2,0,0,36.152820,-86.683410,ELM HILL PKE,,,,0.00,,,MCGAVOCK PKE,,,,0.00,Y,Four-Way,Y,Intersection,Construction Zone,Laneclosure,Activity Area,         ,Austin,Childress,Clear,Angle,no,no,no,no,no,False
101566499,METROPOLITAN NASHVILLE POLICE DEPT,20170183094,Davidson,Nashville,2/26/2017 2:50:00 AM,2,0,0,36.212970,-86.761340,DELLWAY VILLA RD,,,,965.00,Feet,East,GORDON TER,,,,0.00,N,Not at Intersection,N,Non-Junction,None,,,         ,Ky,Luu,Clear,Front to Rear,no,no,no,yes,yes,False
101566500,METROPOLITAN NASHVILLE POLICE DEPT,20170182903,Davidson,Nashville,2/26/2017 1:05:00 AM,3,3,0,36.106160,-86.768040,I 65,,,,0.00,,,,,,,79.50,N,Not at Intersection,N,Non-Junction,None,,,         ,Stephen,Waterman,Clear,"Sideswipe, Same Direction",no,no,no,no,no,False
101566501,METROPOLITAN NASHVILLE POLICE DEPT,20170183148,Davidson,Nashville,2/26/2017 3:48:00 AM,1,0,0,36.147050,-86.876210,PREMIER DR,,,,112.00,Feet,East,MERCOMATIC DR,,,,0.00,N,Not at Intersection,N,Non-Junction,None,,,         ,Albert,Wilson,Clear,Not Collision with Motor Vehicle in Transport,no,no,no,no,no,False
101566504,METROPOLITAN NASHVILLE POLICE DEPT,20170183137,Davidson,Nashville,2/26/2017 3:30:00 AM,2,1,0,36.068780,-86.717340,HAYWOOD LN,,,,313.00,Feet,West,HOPEDALE DR,,,,0.00,N,Not at Intersection,N,Non-Junction,None,,,         ,Daniel,Garrett,Clear,Front to Rear,no,no,no,no,yes,False
101566511,METROPOLITAN NASHVILLE POLICE DEPT,20170183038,Davidson,Nashville,2/26/2017 2:04:00 AM,2,1,0,36.084160,-86.705890,LINBAR DR,,,,0.00,,,HARDING PL,,,,0.00,Y,Four-Way,N,Intersection,None,,,         ,Dezmond,Hughes,Clear,HeadOn,no,no,no,no,no,False
101566525,METROPOLITAN NASHVILLE POLICE DEPT,20170183190,Davidson,Nashville,2/26/2017 4:07:00 AM,1,0,0,36.126940,-86.709750,THOMPSON PL,,,,404.00,Feet,East,MURFREESBORO PKE,,,,0.00,N,Not at Intersection,N,Non-Junction,None,,,         ,Erik,Dabbs,Clear,Not Collision with Motor Vehicle in Transport,no,no,no,no,yes,False
101566526,METROPOLITAN NASHVILLE POLICE DEPT,20170183229,Davidson,Nashville,2/26/2017 4:48:00 AM,2,0,0,36.041760,-86.627280,ETHAN LN,,,,248.00,Feet,East,CEDAR ASH CRSG,,,,0.00,N,Not at Intersection, ,Non-Junction,None,,,         ,Sandra,Fly,Clear,Front to Rear,no,no,no,no,no,False
101566531,METROPOLITAN NASHVILLE POLICE DEPT,20170183311,Davidson,Nashville,2/26/2017 5:55:00 AM,2,1,0,36.098620,-86.710030,I 24,,,,0.00,,,,,,,54.70,N,Not at Intersection,N,Non-Junction,None,,,         ,Douglas,Sykes,Clear,Front to Rear,no,no,no,no,yes,False
101566575,METROPOLITAN NASHVILLE POLICE DEPT,20170183149,Davidson,Nashville,2/26/2017 3:33:00 AM,2,0,0,36.041800,-86.627620,ETHAN LN,,,,148.00,Feet,East,CEDAR ASH CRSG,,,,0.00,N,Not at Intersection,N,Non-Junction,None,,,         ,William,Coy,Clear,Front to Rear,no,no,no,no,no,False
101566581,METROPOLITAN NASHVILLE POLICE DEPT,20170183083,Davidson,Nashville,2/26/2017 2:55:00 AM,1,1,0,36.145780,-86.636710,CARLISLE CTS,,,,231.00,Feet,East,BLACKWOOD DR,,,,0.00,N,Not at Intersection,N,Non-Junction,None,,,         ,Robert,Fondren,Cloudy,Not Collision with Motor Vehicle in Transport,no,no,no,no,no,False
101566662,METROPOLITAN NASHVILLE POLICE DEPT,20170183539,Davidson,Nashville,2/26/2017 12:00:00 AM,1,0,0,36.181850,-86.678900,WINDEMERE DR,,,,322.00,Feet,West,WINDEMERE CIR,,,,0.00,N,Not at Intersection, ,Non-Junction,None,,,         ,Michael,Dance,Clear,Not Collision with Motor Vehicle in Transport,no,no,no,no,no,False
101566663,METROPOLITAN NASHVILLE POLICE DEPT,2017-0183537,Davidson,Nashville,2/26/2017 8:35:00 AM,1,0,0,36.250870,-86.757300,DICKERSON PKE,,,,214.00,Feet,South,MULBERRY DOWNS CIR,,,,0.00,N,Not at Intersection, ,Non-Junction,None,,,         ,Matthew,Harris,Clear,Not Collision with Motor Vehicle in Transport,no,no,no,no,no,False
101566675,METROPOLITAN NASHVILLE POLICE DEPT,20170183494,Davidson,Nashville,2/26/2017 6:03:00 AM,2,0,0,36.133100,-86.720960,MURFREESBORO PKE,,,,0.00,,,PAVILION BLVD,,,,0.00,Y,T-Intersection,N,Intersection,None,,,         ,MIchael,Mihajlov,Clear,Angle,no,no,no,no,yes,False
101566700,METROPOLITAN NASHVILLE POLICE DEPT,20170183513,Davidson,Nashville,2/26/2017 12:00:00 AM,2,0,0,36.208890,-86.633450,BONNAFAIR DR,,,,151.00,Feet,North,BONNAFIELD DR,,,,0.00,N,Not at Intersection, ,Non-Junction,None,,,         ,Tyler,Adcock,Unknown,"Sideswipe, Opposite Direction",no,no,no,no,yes,False
101566721,METROPOLITAN NASHVILLE POLICE DEPT,20170183601,Davidson,Nashville,2/26/2017 9:12:00 AM,2,0,0,36.231970,-86.758840,DICKERSON PKE,,,,252.00,Feet,North,OAK VALLEY DR,,,,0.00,N,Not at Intersection, ,Non-Junction,None,,,         ,Richard,Conger,Clear,"Sideswipe, Opposite Direction",no,no,no,no,no,False
101566772,METROPOLITAN NASHVILLE POLICE DEPT,20170183759,Davidson,Nashville,2/26/2017 11:00:00 AM,2,0,0,36.089650,-86.806020,HARDING PL,,,,0.00,,,BELMONT PARK TER,,,,0.00,Y,Four-Way,Y,Intersection,None,,,         ,Ian,Hammond,Clear,Not Collision with Motor Vehicle in Transport,no,no,no,no,yes,False
101566788,METROPOLITAN NASHVILLE POLICE DEPT,20170183849,Davidson,Nashville,2/26/2017 12:04:00 PM,2,0,0,36.189180,-86.674700,MCGAVOCK PKE,,,,449.00,Feet,North,MEADOWOOD DR,,,,0.00,N,Not at Intersection, ,Non-Junction,None,,,         ,Michael,Dance,Clear,Front to Rear,no,no,no,no,no,False
101566840,METROPOLITAN NASHVILLE POLICE DEPT,20170183793,Davidson,Nashville,2/26/2017 11:27:00 AM,2,0,0,36.179920,-86.810970,DR D B TODD JR BLVD,,,,58.00,Feet,South,BUCHANAN ST,,,,0.00,N,Not at Intersection, ,"Driveway, Alley Access, etc",None,,,         ,James,Jarvis,Clear,Angle,no,no,no,no,no,False
101566866,METROPOLITAN NASHVILLE POLICE DEPT,20170183835,Davidson,Antioch,2/26/2017 11:50:00 AM,2,0,0,0.000000,0.000000,TEA GARDEN WAY,,,,0.00,,,LIPTON PL,,SR,,0.00,Y,Four-Way,Y,Intersection,None,,,         ,Blake,Lutz,Clear,Angle,no,no,no,no,no,False
101566895,METROPOLITAN NASHVILLE POLICE DEPT,20170183862,Davidson,Nashville,2/26/2017 12:10:00 PM,2,1,0,36.132470,-86.719310,MURFREESBORO PKE,,,,0.00,Feet,,WILHAGAN RD,,,,0.00,Y,Four-Way,Y,Intersection,None,,,         ,Rickie,Corman,Clear,Front to Rear,no,no,no,no,no,False
101566896,METROPOLITAN NASHVILLE POLICE DEPT,20170183809,Davidson,Nashville,2/26/2017 11:19:00 AM,2,0,0,36.220470,-86.626400,SOUTHFORK BLVD,,,,0.00,,,BRACKENWOOD DR,,,,0.00,Y,Four-Way, ,Intersection,None,,,         ,Cassandra,Del Bosco,Clear,Angle,no,no,no,no,no,False
101566911,METROPOLITAN NASHVILLE POLICE DEPT,20170183823,Davidson,Nashville,2/26/2017 11:46:00 AM,2,0,0,36.049350,-86.648580,MT VIEW RD,,,,355.00,Feet,East,BELL RD,,,,0.00,N,Not at Intersection, ,Non-Junction,None,,,         ,Roderic,Williams,Clear,"Sideswipe, Opposite Direction",no,no,no,yes,no,False
101566913,METROPOLITAN NASHVILLE POLICE DEPT,20170183888,Davidson,Antioch,2/26/2017 12:25:00 PM,2,0,0,36.057840,-86.598190,HOBSON PKE,,,,305.00,Feet,South,HAMILTON CHURCH RD,,,,0.00,N,Not at Intersection, ,Non-Junction,None,,,         ,Blake,Lutz,Clear,Front to Rear,no,no,no,no,no,False
101566917,METROPOLITAN NASHVILLE POLICE DEPT,20170183791,Davidson,Nashville,2/26/2017 11:26:00 AM,2,0,0,36.168710,-86.796220,MORRISON ST,,,,281.00,Feet,South,11TH AVN,,,,0.00,N,Not at Intersection,N,Non-Junction,None,,,         ,Nathan,Mayo,Clear,"Sideswipe, Same Direction",no,no,no,no,no,False
101566937,METROPOLITAN NASHVILLE POLICE DEPT,20170183948,Davidson,Goodlettsville,2/26/2017 1:18:00 PM,2,0,0,36.303420,-86.693380,RIVERGATE MALL PVTDR,,,,278.00,Feet,West,CONFERENCE DR,,,,0.00,N,Not at Intersection,N,Non-Junction,None,,,         ,Brandon,Wood,Clear,HeadOn,no,no,no,yes,yes,False
101566939,METROPOLITAN NASHVILLE POLICE DEPT,20170183931,Davidson,Nashville,2/26/2017 12:21:00 PM,2,0,0,36.192650,-86.616610,OLD HICKORY BLVD,,,,150.00,Feet,North,JUAREZ DR,,,,0.00,N,Not at Intersection,N,Non-Junction,None,,,         ,Tyler,Adcock,Clear,Front to Rear,no,no,no,no,no,False
101567015,METROPOLITAN NASHVILLE POLICE DEPT,20170184071,Davidson,Nashville,2/26/2017 1:54:00 PM,2,1,0,36.159790,-86.614410,BELL RD,,,,1339.00,Feet,South,DODSON CHAPEL RD,,,,0.00,N,Not at Intersection,N,Non-Junction,None,,,         ,Mikala,Moore,Clear,Angle,no,no,no,no,no,False
101567031,METROPOLITAN NASHVILLE POLICE DEPT,20170184064,Davidson,Nashville,2/26/2017 1:30:00 PM,2,0,0,36.151650,-86.763590,UNIVERSITY CT,,,,490.00,Feet,West,CARROLL ST,,,,0.00,N,Not at Intersection,N,Non-Junction,None,,,         ,John,Kelley,Clear,Other,no,no,no,no,yes,False
101567050,METROPOLITAN NASHVILLE POLICE DEPT,20170184172,Davidson,Nashville,2/26/2017 3:17:00 PM,2,0,0,36.132500,-86.719370,MURFREESBORO PKE,,,,25.00,Feet,West,WILHAGAN RD,,,,0.00,N,Not at Intersection, ,Non-Junction,None,,,         ,Thomas,Barnes,Clear,Front to Rear,no,no,no,no,no,False
101567073,METROPOLITAN NASHVILLE POLICE DEPT,20170184189,Davidson,Nashville,2/26/2017 3:49:00 PM,2,1,0,36.172800,-86.605980,I40 E EXT RAMP,,,,0.00,Feet,East,CENTRAL PKE ENT RAMP,,,,0.00,N,Not at Intersection,N,Non-Junction,None,,,         ,Mikala,Moore,Clear,Front to Rear,no,no,no,no,no,False