master_record_number,agency,agency_tracking_number,county,city,collision_date,vehicles_involved,number_injured,number_dead,latitude,longitude,roadway_name,roadway_suffix,roadway_number,roadway_local_id,distance_from_reference,miles-feet_indicator,direction_from_reference,intersection_road_name,intersection_road_name_suffix,intersection_road_number,intersection_local_id,mile_marker,intersection_indicator,intersect_type,interchange_related_indicator,relation_to_junction,work_zone_type,construction_maintenance_zone,construction_maintenance_zone_location,fatal_case_number,officer_first_name,officer_last_name,weather_condition(s),manner_of_crash,pedestrian,bicycle,scooter,parking,hitrun,mou
101567906,METROPOLITAN NASHVILLE POLICE DEPT,20170186820,Davidson,Nashville,2/27/2017 2:40:00 PM,2,0,0,36.080150,-86.696290,I 24,,,,0.00,,,,,,,56.20,N,Not at Intersection,N,Non-Junction,None,,,         ,Kevin,Keating,Clear,"Sideswipe, Same Direction",no,no,no,no,no,False
101567907,METROPOLITAN NASHVILLE POLICE DEPT,20170186963,Davidson,Nashville,2/27/2017 3:26:00 PM,2,0,0,36.068790,-86.716850,HAYWOOD LN,,,,170.00,Feet,West,HOPEDALE DR,,,,0.00,N,Not at Intersection,N,Non-Junction,None,,,         ,Kevin,Keating,Clear,Front to Rear,no,no,no,no,yes,False
101567913,METROPOLITAN NASHVILLE POLICE DEPT,20170186908,Davidson,Nashville,2/27/2017 3:17:00 PM,2,0,0,36.166550,-86.764720,I 24,,,,0.00,,,,,,,49.00,N,Not at Intersection,N,Non-Junction,None,,,         ,Michael,Moss,Clear,Front to Rear,no,no,no,no,no,False
101567916,METROPOLITAN NASHVILLE POLICE DEPT,20170186816,Davidson,Nashville,2/27/2017 12:00:00 AM,1,0,0,36.205890,-86.768610,E TRINITY LN,,,,0.00,Feet,East,DICKERSON PKE,,,,0.00,N,Not at Intersection,N,Non-Junction,None,,,         ,Gunes,Akyildiz,Clear,Not Collision with Motor Vehicle in Transport,no,no,no,no,yes,False
101567920,METROPOLITAN NASHVILLE POLICE DEPT,20170186804,Davidson,Nashville,2/27/2017 1:33:00 PM,1,0,0,36.085030,-86.763540,I 65,,,,0.00,,,,,,,78.00,N,Not at Intersection, ,Non-Junction,None,,,         ,Tien,Nguyen,Clear,Not Collision with Motor Vehicle in Transport,no,no,no,no,no,False
101567921,METROPOLITAN NASHVILLE POLICE DEPT,20170187002,Davidson,Nashville,2/27/2017 3:39:00 PM,2,0,0,36.126460,-86.728630,I 440,,,,0.00,,,,,,,7.50,N,Not at Intersection,N,Non-Junction,None,,,         ,Patrick,Taylor,Clear,Front to Rear,no,no,no,no,yes,False
101567923,METROPOLITAN NASHVILLE POLICE DEPT,20170186819,Davidson,Nashville,2/27/2017 2:24:00 PM,3,0,0,36.231750,-86.700340,BRILEY PKWYN,,,,0.00,,,BRILEY PKWYW,,,,0.00,Y,OTHER, ,Non-Junction,None,,,         ,James,Smith,Clear,Other,no,no,no,no,yes,False
101567940,METROPOLITAN NASHVILLE POLICE DEPT,20170187048,Davidson,Nashville,2/27/2017 4:03:00 PM,2,0,0,36.184320,-86.754610,CLEVELAND ST,,,,26.00,Feet,West,W EASTLAND AV,,,,0.00,N,Not at Intersection, ,Non-Junction,None,,,         ,Christopher,Valdez,Clear,Front to Rear,no,no,no,no,no,False
101567945,METROPOLITAN NASHVILLE POLICE DEPT,20170186750,Davidson,Nashville,2/27/2017 2:22:00 PM,2,1,0,36.163480,-86.824800,ALBION ST,,,,0.00,,,32ND AVN,,,,0.00,Y,Four-Way,N,Intersection,None,,,         ,Michael,Brooks,Clear,Front to Rear,no,no,no,no,no,False
101567946,METROPOLITAN NASHVILLE POLICE DEPT,20170186862,Davidson,Nashville,2/27/2017 2:36:00 PM,2,0,0,36.187780,-86.821200,CLARKSVILLE PKE,,,,135.00,Feet,East,ROSA L PARKS BLVD,,,,0.00,N,Not at Intersection,N,Non-Junction,None,,,         ,Michael,Brooks,Clear,Angle,no,no,no,no,no,False
101567947,METROPOLITAN NASHVILLE POLICE DEPT,20170186750,Davidson,Nashville,2/27/2017 2:22:00 PM,2,0,0,36.190800,-86.807100,KELLOW ST,,,,236.00,Feet,West,10TH AVN,,,,0.00,N,Not at Intersection,N,Non-Junction,None,,,         ,Michael,Brooks,Clear,"Sideswipe, Opposite Direction",no,no,no,no,no,False
101567952,METROPOLITAN NASHVILLE POLICE DEPT,20170186864,Davidson,Nashville,2/27/2017 3:07:00 PM,3,0,0,36.142930,-86.706090,I 40,,,,0.00,,,,,,,214.45,N,Not at Intersection,N,Non-Junction,None,,,         ,Reuben,Hewit,Clear,Front to Rear,no,no,no,no,no,False
101567954,METROPOLITAN NASHVILLE POLICE DEPT,20170187030,Davidson,Nashville,2/27/2017 3:58:00 PM,2,0,0,36.164590,-86.788690,NELSON MERRY ST,,,,16.00,Feet,East,10TH CIRN,,,,0.00,N,Not at Intersection, ,Non-Junction,None,,,         ,Tyler,Manivong,Clear,Angle,no,no,no,no,no,False
101567957,METROPOLITAN NASHVILLE POLICE DEPT,20170186200,Davidson,Nashville,2/27/2017 10:25:00 AM,4,2,0,36.113210,-86.746420,NOLENSVILLE PKE,,,,898.00,Feet,North,THOMPSON LN,,,,0.00,N,Not at Intersection,N,"Driveway, Alley Access, etc",None,,,         ,Todd,Watson,Clear,"Sideswipe, Same Direction",no,no,no,no,yes,False
101567961,METROPOLITAN NASHVILLE POLICE DEPT,20170186922,Davidson,Nashville,2/27/2017 3:24:00 PM,2,0,0,36.218040,-86.803380,WHITES CREEK PKE,,,,51.00,Feet,South,MOORMANS ARM RD,,,,0.00,N,Not at Intersection, ,Non-Junction,None,,,         ,Victor,Alexander,Clear,"Sideswipe, Same Direction",no,no,no,no,yes,False
101567965,METROPOLITAN NASHVILLE POLICE DEPT,20170187125,Davidson,Nashville,2/27/2017 4:15:00 PM,2,1,0,36.150430,-86.696760,ELM HILL PKE,,,,0.00,,,WANDA DR,,,,0.00,Y,T-Intersection,N,Intersection,None,,,         ,Brent,Hedgcoth,Clear,Front to Rear,no,no,no,no,no,False
101567967,VANDERBILT UNIVERSITY POLICE,17-0187705,Davidson,Goodlettsville,2/27/2017 12:00:00 AM,2,0,0,36.298180,-86.699990,GLEAVES ST,,,,0.00,,,,,,,0.00,,, ,Non-Junction,None,,,         ,Alan,Reed,Cloudy,Angle,no,no,no,yes,no,False
101567973,METROPOLITAN NASHVILLE POLICE DEPT,20170187098,Davidson,Nashville,2/27/2017 4:11:00 PM,1,0,0,36.045430,-86.658730,BELL RD,,,,98.00,Feet,West,I24 W ENT RAMP,,,,0.00,N,Not at Intersection, ,Non-Junction,None,,,         ,Alyson,Cook,Clear,Not Collision with Motor Vehicle in Transport,no,no,no,no,no,False
101567978,METROPOLITAN NASHVILLE POLICE DEPT,20170187211,Davidson,Nashville,2/27/2017 1:20:00 PM,2,0,0,36.152570,-86.784890,12TH AVS,,,,0.00,,,,,,,0.00,,Not at Intersection,N,Non-Junction,None,,,         ,Brian,Woodard,Clear,Rear to Rear,no,no,no,yes,yes,False
101567986,METROPOLITAN NASHVILLE POLICE DEPT,20170187195,Davidson,Nashville,2/27/2017 4:47:00 PM,2,0,0,36.116050,-86.790400,I 440,,,,0.00,,,,,,,4.00,N,Not at Intersection, ,Non-Junction,None,,,         ,Tien,Nguyen,Clear,Front to Rear,no,no,no,no,no,False
101567987,METROPOLITAN NASHVILLE POLICE DEPT,20170187148,Davidson,Nashville,2/27/2017 4:30:00 PM,2,0,0,36.084830,-86.728190,NOLENSVILLE PKE,,,,0.00,,,PARAGON MILLS RD,,,,0.00,Y,T-Intersection, ,Intersection,None,,,         ,Jedidayah,Merriweather,Clear,Front to Rear,no,no,no,no,no,False
101567988,METROPOLITAN NASHVILLE POLICE DEPT,20170186806,Davidson,Nashville,2/27/2017 1:27:00 PM,2,0,0,36.104510,-86.810620,RICHARD JONES RD,,,,1178.00,Feet,East,HILLSBORO PKE,,,,0.00,N,Not at Intersection, ,Non-Junction,None,,,         ,Katelin,Ehrhardt,Clear,HeadOn,no,no,no,yes,no,False
101568007,METROPOLITAN NASHVILLE POLICE DEPT,20170186971,Davidson,Nashville,2/27/2017 3:37:00 PM,3,1,0,36.120220,-86.765540,I 440,,,,0.00,,,,,,,5.45,N,Not at Intersection,N,Non-Junction,None,,,         ,William,Taylor,Cloudy,Front to Rear,no,no,no,no,yes,False
101568008,METROPOLITAN NASHVILLE POLICE DEPT,20170187095,Davidson,Nashville,2/27/2017 4:14:00 PM,2,0,0,36.174180,-86.647360,LEBANON PKE,,,,169.00,Feet,South,SPRING PLACE DR,,,,0.00,N,Not at Intersection, ,Non-Junction,None,,,         ,Mikala,Moore,Clear,"Sideswipe, Same Direction",no,no,no,no,yes,False
101568015,METROPOLITAN NASHVILLE POLICE DEPT,20170187196,Davidson,Nashville,2/27/2017 4:42:00 PM,1,0,0,36.255150,-86.748880,DUE WEST AVN,,,,451.00,Feet,East,DUE WEST VALLEY DR,,,,0.00,N,Not at Intersection,N,Non-Junction,None,,,         ,Harold,Willmore IV,Clear,Not Collision with Motor Vehicle in Transport,no,no,no,no,yes,False
101568016,METROPOLITAN NASHVILLE POLICE DEPT,20170187255,Davidson,Nashville,2/27/2017 5:04:00 PM,3,0,0,36.050180,-86.648820,BELL RD,,,,213.00,Feet,East,MT VIEW RD,,,,0.00,N,Not at Intersection,N,Non-Junction,None,,,         ,Alyson,Cook,Clear,Front to Rear,no,no,no,no,yes,False
101568020,METROPOLITAN NASHVILLE POLICE DEPT,20170187043,Davidson,Not in City Limit,2/27/2017 3:33:00 PM,2,0,0,36.264280,-86.711490,GALLATIN PKEN,,,,0.00,,,OLD TIME VILLAGE PVTDR,,,,0.00,Y,T-Intersection, ,Intersection,None,,,         ,Christopher,Littles,Clear,Angle,no,no,no,no,no,False
101568021,METROPOLITAN NASHVILLE POLICE DEPT,20170187059,Davidson,Goodlettsville,2/27/2017 3:36:00 PM,2,0,0,36.296720,-86.699340,GALLATIN PKEN,,,,100.00,Feet,South,RIVERGATE PKWY,,,,0.00,N,Not at Intersection,N,Non-Junction,None,,,         ,Christopher,Littles,Clear,Front to Rear,no,no,no,no,yes,False
101568026,METROPOLITAN NASHVILLE POLICE DEPT,20170187251,Davidson,Nashville,2/27/2017 5:10:00 PM,2,1,0,36.151830,-86.798390,WEST END AV,,,,0.00,Feet,,LYLE AV,,,,0.00,Y,T-Intersection,N,Intersection,None,,,         ,Conner,Harris,Clear,Angle,no,no,no,no,no,False
101568027,METROPOLITAN NASHVILLE POLICE DEPT,20170186769,Davidson,Nashville,2/27/2017 2:36:00 PM,1,1,0,36.189750,-86.749680,SHARPE AV,,,,146.00,Feet,East,LAURENT ST,,,,0.00,N,Not at Intersection,N,Non-Junction,None,,,         ,Amanda,Fox,Clear,Not Collision with Motor Vehicle in Transport,yes,no,no,no,yes,False
101568064,METROPOLITAN NASHVILLE POLICE DEPT,20170187507,Davidson,Nashville,2/27/2017 6:15:00 PM,2,0,0,36.152850,-86.623260,BELL RD,,,,580.00,Feet,East,STEWARTS FERRY PKE,,,,0.00,N,Not at Intersection, ,Non-Junction,None,,,         ,Michael,Apsey,Clear,Front to Rear,no,no,no,no,no,False
101568066,METROPOLITAN NASHVILLE POLICE DEPT,20170187436,Davidson,Nashville,2/27/2017 5:45:00 PM,2,0,0,36.150150,-86.748820,I 40,,,,0.00,,,,,,,211.70,N,Not at Intersection,N,Non-Junction,None,,,         ,John,Kelley,Clear,Front to Rear,no,no,no,no,no,False
101568088,METROPOLITAN NASHVILLE POLICE DEPT,20170187448,Davidson,Nashville,2/27/2017 6:00:00 PM,2,0,0,36.185300,-86.636500,JACKSON DOWNS BLVD,,,,0.00,,,LEBANON PKE,,,,0.00,Y,Y-Intersection, ,Intersection,None,,,         ,Jefferson,Hughes,Clear,Front to Rear,no,no,no,no,no,False
101568116,METROPOLITAN NASHVILLE POLICE DEPT,20170186720,Davidson,Nashville,2/27/2017 2:05:00 PM,2,1,0,36.152840,-86.823870,CHARLOTTE AV,,,,100.00,Feet,West,33RD AVN,,,,0.00,N,Not at Intersection,N,Non-Junction,None,,,         ,Walter,Gray II,Clear,Front to Rear,no,no,no,no,no,False
101568118,METROPOLITAN NASHVILLE POLICE DEPT,20170187476,Davidson,Nashville,2/27/2017 6:10:00 PM,2,0,0,36.154630,-86.779160,LAFAYETTE ST,,,,0.00,,,8TH AVS,,,,0.00,Y,Roundabout, ,OtherLocation,None,,,         ,Brian,Woodard,Clear,Front to Rear,no,no,no,no,no,False
101568119,METROPOLITAN NASHVILLE POLICE DEPT,20170187533,Davidson,Nashville,2/27/2017 6:36:00 PM,3,0,0,36.106190,-86.718810,I 24,,,,0.00,,,,,,,54.00,N,Not at Intersection,N,Non-Junction,None,,,         ,Alyson,Cook,Clear,Front to Rear,no,no,no,no,no,False
101568122,METROPOLITAN NASHVILLE POLICE DEPT,20170187459,Davidson,Nashville,2/27/2017 5:46:00 PM,2,0,0,36.150500,-86.785440,I 40,,,,0.00,,,,,,,209.50,N,Not at Intersection,N,Entrance/Exit Ramp Related,None,,,         ,Tien,Nguyen,Clear,"Sideswipe, Same Direction",no,no,no,no,no,False
101568123,METROPOLITAN NASHVILLE POLICE DEPT,20170187617,Davidson,Nashville,2/27/2017 7:04:00 PM,2,1,0,36.103380,-86.801630,BELVIDERE DR,,,,0.00,,,BELMONT BLVD,,,,0.00,Y,Four-Way,N,Intersection-Related,None,,,         ,Tien,Nguyen,Clear,Front to Rear,no,no,no,no,no,False
101568124,METROPOLITAN NASHVILLE POLICE DEPT,20170187502,Davidson,Nashville,2/27/2017 4:05:00 PM,2,0,0,36.159940,-86.776500,4TH AVS,,,,0.00,,,SYMPHONY PL,,,,0.00,Y,OTHER, ,Non-Junction,None,,,         ,Jacob,Paul,Clear,"Sideswipe, Same Direction",no,no,no,no,no,False
101568125,METROPOLITAN NASHVILLE POLICE DEPT,20170186791,Davidson,Nashville,2/27/2017 2:33:00 PM,2,0,0,36.151900,-86.850310,CHARLOTTE AV,,,,121.00,Feet,West,52ND AVN,,,,0.00,N,Not at Intersection, ,Non-Junction,None,,,         ,Walter,Gray II,Clear,"Sideswipe, Same Direction",no,no,no,no,no,False
101568126,METROPOLITAN NASHVILLE POLICE DEPT,20170187653,Davidson,Not in City Limit,2/27/2017 7:17:00 PM,1,0,0,36.304590,-86.884620,CLARKSVILLE PKE,,,,1133.00,Feet,North,EATONS CREEK RD,,,,0.00,N,Not at Intersection,N,Non-Junction,None,,,         ,Michael,Brooks,Clear,Not Collision with Motor Vehicle in Transport,no,no,no,no,no,False
101568128,METROPOLITAN NASHVILLE POLICE DEPT,20170187687,Davidson,Nashville,2/27/2017 7:25:00 PM,2,0,0,36.206620,-86.777900,BRICK CHURCH PKE,,,,0.00,,,W TRINITY LN,,,,0.00,Y,T-Intersection,N,Non-Junction,None,,,         ,Kevin,Reynolds,Clear,Front to Rear,no,no,no,no,yes,False
101568133,METROPOLITAN NASHVILLE POLICE DEPT,20170187597,Davidson,Not in City Limit,2/27/2017 6:53:00 PM,2,0,0,36.262210,-86.712210,GALLATIN PKES,,,,0.00,,,E OLD HICKORY BLVD,,,,0.00,Y,Four-Way, ,Intersection,None,,,         ,Christopher,Littles,Clear,Angle,no,no,no,no,no,False
101568134,METROPOLITAN NASHVILLE POLICE DEPT,20170187616,Davidson,Nashville,2/27/2017 7:04:00 PM,2,1,0,36.154630,-86.779160,LAFAYETTE ST,,,,0.00,,,8TH AVS,,,,0.00,Y,Roundabout,N,Non-Junction,None,,,         ,Brian,Woodard,Clear,Angle,no,no,no,no,yes,False
101568136,METROPOLITAN NASHVILLE POLICE DEPT,20170187501,Davidson,Nashville,2/27/2017 6:10:00 PM,2,0,0,36.140850,-86.658630,I 40,,,,0.00,,,,,,,217.90,N,Not at Intersection,N,Non-Junction,None,,,         ,Reuben,Hewit,Clear,Front to Rear,no,no,no,no,yes,False
101568137,METROPOLITAN NASHVILLE POLICE DEPT,20170187014,Davidson,Nashville,2/27/2017 3:53:00 PM,6,5,0,36.107170,-86.768360,I 65,,,,0.00,,,,,,,79.50,N,Not at Intersection,N,Non-Junction,None,,,         ,Ralph,Smith IV,Clear,Angle,no,no,no,no,no,False
101568141,METROPOLITAN NASHVILLE POLICE DEPT,20170186789,Davidson,Nashville,2/27/2017 2:12:00 PM,2,0,0,36.148270,-86.857900,WHITE BRIDGE PKE,,,,50.00,Feet,South,LENOX AV,,,,0.00,N,Not at Intersection,N,Non-Junction,None,,,         ,Walter,Gray II,Clear,Front to Rear,no,no,no,no,no,False
101568157,METROPOLITAN NASHVILLE POLICE DEPT,20170187817,Davidson,Nashville,2/27/2017 7:57:00 PM,2,0,0,36.173000,-86.646200,YMCA CNCTR,,,,545.00,Feet,East,LEBANON PKE,,,,0.00,N,Not at Intersection, ,"Driveway, Alley Access, etc",None,,,         ,Mikala,Moore,Clear,Other,no,no,no,yes,no,False
101568163,METROPOLITAN NASHVILLE POLICE DEPT,20170187553,Davidson,Nashville,2/27/2017 6:25:00 PM,3,2,0,36.124450,-86.736910,I 440,,,,0.00,,,,,,,7.00,N,Not at Intersection,N,Non-Junction,None,,,         ,Nicholas,Smith,Clear,Front to Rear,no,no,no,no,no,False
101568169,METROPOLITAN NASHVILLE POLICE DEPT,20170187635,Davidson,Nashville,2/27/2017 7:10:00 PM,2,2,0,36.131970,-86.895540,I40 E ENT RAMP,,,,0.00,,,I 40,,,,0.00,Y,Four-Way,Y,Intersection,None,,,         ,Adam,Reese,Clear,Angle,no,no,no,no,no,False
101568173,METROPOLITAN NASHVILLE POLICE DEPT,20170186796,Davidson,Nashville,2/27/2017 2:15:00 PM,3,0,0,36.165990,-86.764620,I24 E EXT RAMP,,,,0.00,,,I 24,,,,0.00,Y,OTHER,N,Non-Junction,None,,,         ,Jacob,Paul,Clear,Angle,no,no,no,no,no,False
101568175,METROPOLITAN NASHVILLE POLICE DEPT,20170187115,Davidson,Nashville,2/27/2017 4:23:00 PM,2,2,0,36.122090,-86.807160,I440 E EXT RAMP,,,,0.00,,,HILLSBORO PKE,,,,0.00,Y,OTHER,N,Entrance/Exit Ramp Related,None,,,         ,Walter,Gray II,Clear,Front to Rear,no,no,no,no,no,False
101568176,METROPOLITAN NASHVILLE POLICE DEPT,20170187646,Davidson,Nashville,2/27/2017 5:13:00 PM,2,0,0,36.106110,-86.718720,I 24,,,,0.00,,,,,,,54.00,N,Not at Intersection,N,Non-Junction,None,,,         ,Alyson,Cook,Clear,Front to Rear,no,no,no,no,yes,False
101568189,METROPOLITAN NASHVILLE POLICE DEPT,20170187625,Davidson,Nashville,2/27/2017 7:05:00 PM,2,0,0,36.200190,-86.751360,ELLINGTON PKWYN,,,,156.00,Feet,North,CHICKASAW AV,,,,0.00,N,Not at Intersection, ,Non-Junction,None,,,         ,Amanda,Fox,Clear,"Sideswipe, Same Direction",no,no,no,no,no,False
101568190,METROPOLITAN NASHVILLE POLICE DEPT,20170187802,Davidson,Nashville,2/27/2017 8:10:00 PM,2,0,0,36.059960,-86.672110,ANTIOCH PKE,,,,0.00,,,BLUE HOLE RD,,,,0.00,Y,Four-Way,N,Intersection-Related,None,,,         ,Nakia,Reid,Clear,Front to Rear,no,no,no,no,yes,False
101568203,METROPOLITAN NASHVILLE POLICE DEPT,20170187237,Davidson,Nashville,2/27/2017 5:05:00 PM,2,0,0,36.171470,-86.870340,BRILEY PKWY S EXT RAMP,,,,50.00,Feet,North,CENTENNIAL BLVD,,,,0.00,N,Not at Intersection, ,Non-Junction,None,,,         ,Walter,Gray II,Clear,Front to Rear,no,no,no,no,no,False
101568204,METROPOLITAN NASHVILLE POLICE DEPT,20170186980,Davidson,Nashville,2/27/2017 5:00:00 PM,2,0,0,36.165890,-86.764590,I24 E EXT RAMP,,,,0.00,,,I 24,,,,0.00,Y,OTHER, ,Non-Junction,None,,,         ,Jacob,Paul,Clear,"Sideswipe, Same Direction",no,no,no,no,yes,False
101568229,METROPOLITAN NASHVILLE POLICE DEPT,20170187780,Davidson,Nashville,2/27/2017 8:06:00 PM,1,1,0,36.156460,-86.786510,BROADWAY,,,,0.00,,,,,,,0.00,,,N,Non-Junction,None,,,         ,Brian,Woodard,Clear,Not Collision with Motor Vehicle in Transport,yes,no,no,yes,no,False
101568231,METROPOLITAN NASHVILLE POLICE DEPT,20170186835,Davidson,Nashville,2/27/2017 3:00:00 PM,2,1,0,36.149000,-86.863610,CHARLOTTE PKE,,,,433.00,Feet,South,LELLYETT ST,,,,0.00,N,Not at Intersection,N,Non-Junction,None,,,         ,Torian,Cox,Clear,"Sideswipe, Same Direction",no,no,no,no,no,False
101568232,METROPOLITAN NASHVILLE POLICE DEPT,20170187269,Davidson,Nashville,2/27/2017 4:58:00 PM,2,0,0,36.145590,-86.705850,AIR LANE DR,,,,56.00,Feet,South,ELM HILL PKE,,,,0.00,N,Not at Intersection, ,Non-Junction,None,,,         ,Kyle,Burks,Clear,Front to Rear,no,no,no,no,no,False
101568257,METROPOLITAN NASHVILLE POLICE DEPT,20170187632,Davidson,Nashville,2/27/2017 7:07:00 PM,3,2,0,36.163530,-86.762370,I 24,,,,0.00,,,,,,,49.20,N,Not at Intersection,N,Non-Junction,None,,,         ,Tyler,Manivong,Clear,"Sideswipe, Same Direction",no,no,no,no,no,False
101568278,METROPOLITAN NASHVILLE POLICE DEPT,20170187870,Davidson,Nashville,2/27/2017 7:30:00 PM,2,0,0,36.167050,-86.765220,I 24,,,,0.00,,,,,,,48.90,N,Not at Intersection, ,Non-Junction,None,,,         ,Brian,Woodard,Clear,"Sideswipe, Same Direction",no,no,no,no,no,False
101568327,METROPOLITAN NASHVILLE POLICE DEPT,20170188128,Davidson,Nashville,2/27/2017 10:13:00 PM,1,0,0,36.210570,-86.734050,HOME RD,,,,160.00,Feet,East,BAXTER ST,,,,0.00,N,Not at Intersection,N,Non-Junction,None,,,         ,Christopher,Valdez,Clear,Not Collision with Motor Vehicle in Transport,no,no,no,yes,no,False
101568328,METROPOLITAN NASHVILLE POLICE DEPT,20170187550,Davidson,Nashville,2/27/2017 5:42:00 PM,2,0,0,36.134400,-86.825750,WEST END AV,,,,150.00,Feet,West,BOWLING AV,,,,0.00,N,Not at Intersection, ,Non-Junction,None,,,         ,Walter,Gray II,Clear,"Sideswipe, Same Direction",no,no,no,no,no,False
101568338,METROPOLITAN NASHVILLE POLICE DEPT,20170188038,Davidson,Not in City Limit,2/27/2017 9:42:00 PM,2,1,0,36.077300,-87.012170,I 40,,,,0.00,,,,,,,193.00,N,Not at Intersection,N,Non-Junction,None,,,         ,Walter,Gray II,Clear,Front to Rear,no,no,no,no,no,False
101568357,METROPOLITAN NASHVILLE POLICE DEPT,20170188396,Davidson,Nashville,2/27/2017 11:54:00 PM,1,0,0,36.152650,-86.623510,BELL RD,,,,439.00,Feet,West,BELL RD PVTDR,,,,0.00,N,Not at Intersection, ,Non-Junction,None,,,         ,Daniel,Caruth,Clear,Not Collision with Motor Vehicle in Transport,no,no,no,no,no,False
101568360,METROPOLITAN NASHVILLE POLICE DEPT,20170188347,Davidson,Nashville,2/27/2017 11:41:00 PM,2,0,0,36.083960,-86.727700,NOLENSVILLE PKE,,,,213.00,Feet,North,PARAGON MILLS RD,,,,0.00,N,Not at Intersection,N,Non-Junction,None,,,         ,Cody,Jaworski,Clear,Angle,no,no,no,no,yes,False
101568361,METROPOLITAN NASHVILLE POLICE DEPT,2017-018830,Davidson,Nashville,2/27/2017 11:09:00 PM,2,0,0,36.180590,-86.796350,GARFIELD ST,,,,0.00,,,ROSA L PARKS BLVD,,,,0.00,Y,Four-Way,N,Intersection,None,,,         ,Kevin,Frei,Clear,Angle,no,no,no,no,no,False
101568369,METROPOLITAN NASHVILLE POLICE DEPT,20170188499,Davidson,Nashville,2/27/2017 7:16:00 PM,1,0,0,36.151650,-86.797560,19TH AVS,,,,0.00,,,,,,,0.00,,,N,Non-Junction,None,,,         ,Eugene,Martino,Clear,Not Collision with Motor Vehicle in Transport,no,no,no,yes,yes,False
101568370,METROPOLITAN NASHVILLE POLICE DEPT,20170188600,Davidson,Nashville,2/28/2017 1:15:00 AM,1,1,0,36.166990,-86.777160,UNION ST,,,,0.00,Feet,North,1ST AVN,,,,0.00,N,Not at Intersection,N,Non-Junction,None,,,         ,Darrien,Spann,Clear,Not Collision with Motor Vehicle in Transport,no,no,no,no,no,False
101568371,METROPOLITAN NASHVILLE POLICE DEPT,20170188525,Davidson,Nashville,2/28/2017 12:52:00 AM,1,1,0,36.202050,-86.735820,LITTON AV,,,,49.00,Feet,West,BRONTE AV,,,,0.00,N,Not at Intersection,N,Non-Junction,None,,,         ,Sara,Lober,Clear,Not Collision with Motor Vehicle in Transport,no,no,no,no,no,False
101568382,METROPOLITAN NASHVILLE POLICE DEPT,20170188861,Davidson,Nashville,2/28/2017 12:00:00 AM,1,0,0,36.184890,-86.692240,BRILEY PKWYS,,,,720.00,Feet,North,BRILEY PKWYN,,,,0.00,N,Not at Intersection,N,Non-Junction,None,,,         ,Curtis,Fisher,Clear,Not Collision with Motor Vehicle in Transport,no,no,no,no,yes,False
101568383,METROPOLITAN NASHVILLE POLICE DEPT,20170188626,Davidson,Nashville,2/28/2017 1:24:00 AM,1,0,0,36.045490,-86.704620,OLD HICKORY BLVD,,,,300.00,Feet,West,EULALA DR,,,,0.00,N,Not at Intersection, ,Non-Junction,None,,,         ,William,Coy,Clear,Not Collision with Motor Vehicle in Transport,no,no,no,no,no,False
101568389,METROPOLITAN NASHVILLE POLICE DEPT,20170188735,Davidson,Nashville,2/28/2017 2:10:00 AM,2,0,0,36.191020,-86.798950,VANTAGE WAY CT,,,,0.00,,,VANTAGE WAY,,,,0.00,Y,Four-Way,N,Intersection,None,,,         ,Bradley,Pope,Cloudy,Angle,no,no,no,no,no,False
101568404,METROPOLITAN NASHVILLE POLICE DEPT,20170188935,Davidson,Nashville,2/28/2017 3:47:00 AM,1,1,0,36.219360,-86.759860,ALHAMBRA CIR,,,,70.00,Feet,South,CAPITOL VIEW AV,,,,0.00,N,Not at Intersection,N,Non-Junction,None,,,         ,Brandon,Hughes,Cloudy,Not Collision with Motor Vehicle in Transport,no,no,no,no,no,False
101568415,METROPOLITAN NASHVILLE POLICE DEPT,20170188617,Davidson,Nashville,2/28/2017 12:13:00 AM,2,0,0,36.151490,-86.800050,WEST END AV,,,,216.00,Feet,West,20TH AVS,,,,0.00,N,Not at Intersection,N,Non-Junction,None,,,         ,Eugene,Martino,Clear,Rear to Side,no,no,no,yes,yes,Campus
101568427,METROPOLITAN NASHVILLE POLICE DEPT,20170189031,Davidson,Nashville,2/28/2017 4:28:00 AM,2,0,0,36.142210,-86.666610,DONELSON PKE,,,,4.00,Feet,North,I40 W EXT RAMP,,,,0.00,N,Not at Intersection, ,Non-Junction,None,,,         ,Jamal,Jarvis,Clear,"Sideswipe, Same Direction",no,no,no,no,no,False
101568446,METROPOLITAN NASHVILLE POLICE DEPT,20170189253,Davidson,Nashville,2/28/2017 6:30:00 AM,2,0,0,36.086580,-86.771970,FRANKLIN PKE,,,,0.00,,,HARDING PL,,,,0.00,Y,Four-Way, ,,None,,,         ,Nathan,Kemp,,,no,no,no,no,no,False
101568467,METROPOLITAN NASHVILLE POLICE DEPT,20170189295,Davidson,Nashville,2/28/2017 7:11:00 AM,3,0,0,36.077490,-86.773580,TYNE BLVD,,,,142.00,Feet,West,FRANKLIN PKE,,,,0.00,N,Not at Intersection, ,Non-Junction,None,,,         ,Nathan,Kemp,Rain,Front to Rear,no,no,no,no,no,False