master_record_number,agency,agency_tracking_number,county,city,collision_date,vehicles_involved,number_injured,number_dead,latitude,longitude,roadway_name,roadway_suffix,roadway_number,roadway_local_id,distance_from_reference,miles-feet_indicator,direction_from_reference,intersection_road_name,intersection_road_name_suffix,intersection_road_number,intersection_local_id,mile_marker,intersection_indicator,intersect_type,interchange_related_indicator,relation_to_junction,work_zone_type,construction_maintenance_zone,construction_maintenance_zone_location,fatal_case_number,officer_first_name,officer_last_name,weather_condition(s),manner_of_crash,pedestrian,bicycle,scooter,parking,hitrun,mou
101569697,METROPOLITAN NASHVILLE POLICE DEPT,20170193567,Davidson,Nashville,3/1/2017 10:35:00 AM,2,0,0,36.216430,-86.775070,I 65,,,,0.00,,,,,,,88.00,N,Not at Intersection, ,,None,,,         ,Richard,Conger,,,no,no,no,no,no,False
101569731,METROPOLITAN NASHVILLE POLICE DEPT,20170193972,Davidson,Nashville,3/1/2017 2:28:00 PM,2,0,0,36.181770,-86.774710,I 24,,,,0.00,,,,,,,47.55,N,Not at Intersection, ,Non-Junction,None,,,         ,Michael,Brooks,Clear,Not Collision with Motor Vehicle in Transport,no,no,no,no,no,False
101569762,GOODLETTSVILLE POLICE DEPT,17-07858,Davidson,Goodlettsville,3/1/2017 2:45:00 PM,2,2,0,36.334210,-86.717190,N MAIN ST,,,,0.00,Feet,,FANNIN DR,,,,0.00,Y,T-Intersection,N,Non-Junction,None,,,         ,George,Forbes,Clear,Angle,no,no,no,no,no,False
101569778,METROPOLITAN NASHVILLE POLICE DEPT,20170194048,Davidson,Nashville,3/1/2017 3:01:00 PM,1,1,0,36.140730,-86.732280,I 40,,,,0.00,,,,,,,213.00,N,Not at Intersection,N,Non-Junction,None,,,         ,Jonathan,Cavezza,Clear,Not Collision with Motor Vehicle in Transport,no,no,no,no,no,False
101569783,METROPOLITAN NASHVILLE POLICE DEPT,20170194193,Davidson,Nashville,3/1/2017 3:41:00 PM,2,1,0,36.202970,-86.776660,I 65,,,,0.00,,,,,,,87.10,N,Not at Intersection,N,Non-Junction,None,,,         ,Cressie,Prill,Clear,"Sideswipe, Same Direction",no,no,no,no,no,False
101569790,METROPOLITAN NASHVILLE POLICE DEPT,20170194273,Davidson,Nashville,3/1/2017 4:04:00 PM,2,0,0,36.069280,-86.690870,I24 E EXT RAMP,,,,0.00,,,I 24,,,,0.00,Y,Y-Intersection, ,Entrance/Exit Ramp Related,None,,,         ,Kevin,Keating,Clear,Front to Rear,no,no,no,no,no,False
101569791,METROPOLITAN NASHVILLE POLICE DEPT,20170194013,Davidson,Nashville,3/1/2017 2:46:00 PM,4,0,0,36.027860,-86.614700,OLD HICKORY BLVD,,,,1064.00,Feet,South,LOGISTICS WAY,,,,0.00,N,Not at Intersection,N,Non-Junction,None,,,         ,Alyson,Cook,Clear,Front to Rear,no,no,no,no,yes,False
101569805,METROPOLITAN NASHVILLE POLICE DEPT,20170194040,Davidson,Nashville,3/1/2017 2:52:00 PM,2,0,0,36.110720,-86.767090,POWELL AV,,,,86.00,Feet,South,OLD POWELL AV,,,,0.00,N,Not at Intersection, ,Non-Junction,None,,,         ,Akira,McSwain,Clear,Angle,no,no,no,no,no,False
101569810,METROPOLITAN NASHVILLE POLICE DEPT,20170194178,Davidson,Nashville,3/1/2017 3:42:00 PM,2,0,0,36.078800,-86.728670,HARDING PL,,,,565.00,Feet,East,COVENTRY DR,,,,0.00,N,Not at Intersection, ,Non-Junction,None,,,         ,Tien,Nguyen,Clear,"Sideswipe, Same Direction",no,no,no,no,no,False
101569812,Nashville Airport Police,2017-00623,Davidson,Nashville,2/26/2017 2:58:00 PM,2,0,0,36.106210,-86.673060,MURFREESBORO PKE,,,,0.00,,,DONELSON PKE,,,,0.00,Y,Four-Way,Y,Entrance/Exit Ramp Related,None,,,         ,Nathan,Holt,Clear,Front to Rear,no,no,no,no,no,False
101569813,Nashville Airport Police,201700624,Davidson,Nashville,2/26/2017 12:00:00 AM,1,0,0,0.000000,0.000000,TERMINAL,DR,,,500.00,Feet,East,DONELSON,PIKE,SR,SR 255,0.00,N,Not at Intersection, ,Non-Junction,None,,,         ,Nathan,Holt,Unknown,Unknown,no,no,no,yes,yes,False
101569831,METROPOLITAN NASHVILLE POLICE DEPT,20170194042,Davidson,Nashville,3/1/2017 2:59:00 PM,1,1,0,36.198320,-86.599840,MERCER DR,,,,0.00,,,NETHERLANDS DR,,,,0.00,Y,Four-Way,N,Intersection,None,,,         ,Noah,Melton,Clear,Not Collision with Motor Vehicle in Transport,no,no,no,no,no,False
101569832,METROPOLITAN NASHVILLE POLICE DEPT,2017-0193029,Davidson,Nashville,3/1/2017 7:11:00 AM,2,0,0,36.077140,-86.641460,MURFREESBORO PKE,,,,0.00,,,DOVER GLEN DR,,,,0.00,Y,Four-Way,N,Intersection,None,,,         ,William,Whitworth,Cloudy,Angle,no,no,no,no,no,False
101569833,METROPOLITAN NASHVILLE POLICE DEPT,2017-0193835,Davidson,Nashville,3/1/2017 1:39:00 PM,2,2,0,36.086520,-86.691520,ANTIOCH PKE,,,,387.00,Feet,South,HARDING PL,,,,0.00,N,Not at Intersection,N,"Driveway, Alley Access, etc",None,,,         ,William,Whitworth,Clear,Angle,no,no,no,no,no,False
101569834,METROPOLITAN NASHVILLE POLICE DEPT,20170194264,Davidson,Nashville,3/1/2017 4:07:00 PM,2,1,0,36.153750,-86.757720,I 40,,,,0.00,,,,,,,211.10,N,Not at Intersection,N,Non-Junction,None,,,         ,Craig,Gentry,Clear,"Sideswipe, Same Direction",no,no,no,no,no,False
101569835,METROPOLITAN NASHVILLE POLICE DEPT,20170194208,Davidson,Nashville,3/1/2017 3:03:00 PM,3,0,0,36.135910,-86.726730,I 24,,,,0.00,,,,,,,52.20,N,Not at Intersection,N,Non-Junction,None,,,         ,Alyson,Cook,Clear,Front to Rear,no,no,no,no,no,False
101569844,GOODLETTSVILLE POLICE DEPT,17-07868,Davidson,Goodlettsville,3/1/2017 3:30:00 PM,2,0,0,36.310800,-86.702120,I 65,,,,0.00,,,,,,,96.10,N,Not at Intersection,N,Non-Junction,None,,,         ,Jeremy,Baker,Clear,"Sideswipe, Same Direction",no,no,no,no,no,False
101569845,METROPOLITAN NASHVILLE POLICE DEPT,20170194351,Davidson,Nashville,3/1/2017 4:30:00 PM,2,0,0,36.176190,-86.759910,RAMSEY ST,,,,153.00,Feet,West,N 8TH ST,,,,0.00,N,Not at Intersection,N,Non-Junction,None,,,         ,Cressie,Prill,Clear,"Sideswipe, Same Direction",no,no,no,no,no,False
101569847,METROPOLITAN NASHVILLE POLICE DEPT,20170194304,Davidson,Nashville,3/1/2017 4:20:00 PM,2,0,0,36.040120,-86.780740,OLD HICKORY BLVD,,,,0.00,,,I65 N ENT RAMP,,,,0.00,Y,Four-Way, ,Entrance/Exit Ramp Related,None,,,         ,Tien,Nguyen,Clear,"Sideswipe, Same Direction",no,no,no,no,no,False
101569850,METROPOLITAN NASHVILLE POLICE DEPT,20170194287,Davidson,Nashville,3/1/2017 4:07:00 PM,2,0,0,36.193180,-86.772570,DICKERSON PKE,,,,60.00,Feet,North,AUCTION WAY,,,,0.00,N,Not at Intersection, ,Non-Junction,None,,,         ,Christopher,Valdez,Cloudy,Rear to Side,no,no,no,no,no,False
101569857,METROPOLITAN NASHVILLE POLICE DEPT,20170194446,Davidson,Nashville,3/1/2017 4:53:00 PM,2,0,0,36.085920,-86.648120,MURFREESBORO PKE,,,,395.00,Feet,South,UNA ANTIOCH PKE,,,,0.00,N,Not at Intersection, ,Non-Junction,None,,,         ,Alyson,Cook,Clear,Front to Rear,no,no,no,no,no,False
101569858,METROPOLITAN NASHVILLE POLICE DEPT,20170194334,Davidson,Nashville,3/1/2017 12:00:00 AM,2,0,0,36.142170,-86.817980,WEST END AV,,,,100.00,Feet,North,ACKLEN PARK DR,,,,0.00,N,Not at Intersection,N,Non-Junction,None,,,         ,Maria,Cortez,Cloudy,Unknown,no,no,no,yes,yes,False
101569863,METROPOLITAN NASHVILLE POLICE DEPT,20170194207,Davidson,Nashville,3/1/2017 3:50:00 PM,2,0,0,36.187250,-86.820320,CLARKSVILLE PKE,,,,457.00,Feet,East,ROSA L PARKS BLVD,,,,0.00,N,Not at Intersection,N,Non-Junction,None,,,         ,Michael,Brooks,Clear,Front to Rear,no,no,no,no,no,False
101569865,METROPOLITAN NASHVILLE POLICE DEPT,2017191465,Davidson,Nashville,2/28/2017 12:00:00 AM,2,0,0,36.165810,-86.780330,4TH AVN,,,,0.00,,,DEADERICK ST,,,,0.00,Y,Four-Way,N,Non-Junction,None,,,         ,Tyler,Manivong,Clear,Front to Rear,no,no,no,no,yes,False
101569866,METROPOLITAN NASHVILLE POLICE DEPT,20170194414,Davidson,Nashville,3/1/2017 5:01:00 PM,1,1,0,36.157420,-86.778300,6TH AVS,,,,176.00,Feet,South,DEMONBREUN ST,,,,0.00,N,Not at Intersection,N,Non-Junction,None,,,         ,Pedro,Rivera Chaparro,Clear,Not Collision with Motor Vehicle in Transport,yes,no,no,no,no,False
101569868,METROPOLITAN NASHVILLE POLICE DEPT,20170194197,Davidson,Nashville,3/1/2017 3:47:00 PM,2,0,0,36.140730,-86.732280,I 40,,,,0.00,,,,,,,213.00,N,Not at Intersection,N,Non-Junction,None,,,         ,Jonathan,Cavezza,Clear,Angle,no,no,no,no,no,False
101569874,METROPOLITAN NASHVILLE POLICE DEPT,20170194311,Davidson,Nashville,3/1/2017 4:15:00 PM,2,0,0,36.183800,-86.775080,I 24,,,,0.00,,,,,,,47.30,N,Not at Intersection, ,Non-Junction,None,,,         ,Alexander,Georgeson,Clear,"Sideswipe, Same Direction",no,no,no,no,no,False
101569880,METROPOLITAN NASHVILLE POLICE DEPT,20170194425,Davidson,Nashville,3/1/2017 4:38:00 PM,2,0,0,36.040680,-86.779770,OLD HICKORY BLVD,,,,140.00,Feet,West,STONE BROOK DR,,,,0.00,N,Not at Intersection, ,Non-Junction,None,,,         ,Tien,Nguyen,Clear,Front to Rear,no,no,no,no,no,False
101569881,METROPOLITAN NASHVILLE POLICE DEPT,20170194345,Davidson,Nashville,3/1/2017 4:12:00 PM,2,0,0,36.204760,-86.724440,RIVERSIDE DR,,,,0.00,,,MCGAVOCK PKE,,,,0.00,Y,Four-Way, ,Intersection,None,,,         ,James,Smith,Clear,Front to Rear,no,no,no,no,no,False
101569883,METROPOLITAN NASHVILLE POLICE DEPT,20170194456,Davidson,Nashville,3/1/2017 5:08:00 PM,2,0,0,36.153970,-86.818150,CHARLOTTE AV,,,,22.00,Feet,East,28TH AVN,,,,0.00,N,Not at Intersection, ,Non-Junction,None,,,         ,Kyle,Berkheiser,Clear,Angle,no,no,no,no,no,False
101569884,METROPOLITAN NASHVILLE POLICE DEPT,20170194421,Davidson,Not in City Limit,3/1/2017 4:55:00 PM,2,0,0,35.996870,-86.689890,NOLENSVILLE PKE,,,,0.00,,,CONCORD RD,,,,0.00,Y,Four-Way, ,Intersection,None,,,         ,Luis,De Los Santos,Clear,Front to Rear,no,no,no,no,no,False
101569885,METROPOLITAN NASHVILLE POLICE DEPT,20170194481,Davidson,Nashville,3/1/2017 4:55:00 PM,2,0,0,36.145060,-86.812360,WEST END AV,,,,0.00,Feet,,28TH AVN,,,,0.00,Y,T-Intersection, ,Intersection-Related,None,,,         ,Conner,Harris,Clear,"Sideswipe, Same Direction",no,no,no,no,no,Campus
101569892,METROPOLITAN NASHVILLE POLICE DEPT,20170194432,Davidson,Nashville,3/1/2017 4:59:00 PM,2,0,0,36.136350,-86.822150,I440 E EXT RAMP,,,,0.00,Feet,East,WEST END AV,,,,0.00,N,Not at Intersection, ,Non-Junction,None,,,         ,Walter,Gray II,Cloudy,Front to Rear,no,no,no,no,no,False
101569896,METROPOLITAN NASHVILLE POLICE DEPT,20170194339,Davidson,Nashville,3/1/2017 4:28:00 PM,2,0,0,36.166610,-86.820440,28TH AVN,,,,0.00,,,MEHARRY BLVD,,,,0.00,Y,T-Intersection, ,Intersection,None,,,         ,Roy,Sain Jr.,Clear,"Sideswipe, Opposite Direction",no,no,no,no,no,False
101569900,METROPOLITAN NASHVILLE POLICE DEPT,20170194594,Davidson,Nashville,3/1/2017 5:45:00 PM,2,0,0,36.154630,-86.779160,LAFAYETTE ST,,,,0.00,,,8TH AVS,,,,0.00,Y,Roundabout, ,Intersection,None,,,         ,Wesley,Feinstein,Clear,Angle,no,no,no,no,no,False
101569906,METROPOLITAN NASHVILLE POLICE DEPT,20170194458,Davidson,Nashville,3/1/2017 5:02:00 PM,2,0,0,36.233120,-86.814810,BRILEY PKWY E EXT RAMP,,,,0.00,,,BRILEY PKWY E ENT RAMP,,,,0.00,Y,OTHER, ,Intersection-Related,None,,,         ,Michael,Brooks,Clear,"Sideswipe, Same Direction",no,no,no,no,no,False
101569907,METROPOLITAN NASHVILLE POLICE DEPT,20170194364,Davidson,Not in City Limit,3/1/2017 2:40:00 PM,1,0,0,36.278040,-86.796410,HICKORY HILLS BLVD,,,,76.00,Feet,North,HICKORY HILLS CT,,,,0.00,N,Not at Intersection, ,OtherLocation,None,,,         ,Broderick,Jones,Clear,Not Collision with Motor Vehicle in Transport,no,no,no,yes,no,False
101569908,METROPOLITAN NASHVILLE POLICE DEPT,20170194540,Davidson,Nashville,3/1/2017 5:15:00 PM,2,0,0,36.194680,-86.622300,LEBANON PKE,,,,370.00,Feet,South,BONNASPRING DR,,,,0.00,N,Not at Intersection,N,OtherLocation,None,,,         ,Christopher,Mackey,Clear,Other,no,no,no,no,no,False
101569912,METROPOLITAN NASHVILLE POLICE DEPT,20170194377,Davidson,Nashville,3/1/2017 4:40:00 PM,2,2,0,36.152340,-86.690400,ELM HILL PKE,,,,0.00,Feet,,ELM HILL PKE EB EXT RAMP,,,,0.00,Y,Four-Way,Y,Intersection,None,,,         ,John,Kelley,Clear,Angle,no,no,no,no,no,False
101569914,METROPOLITAN NASHVILLE POLICE DEPT,20170194527,Davidson,Nashville,3/1/2017 5:25:00 PM,3,4,0,36.107440,-86.812890,HILLSBORO PKE,,,,148.00,Feet,South,GREEN HILLS VILLAGE DR,,,,0.00,N,Not at Intersection,N,Non-Junction,None,,,         ,Eric,Burford,Clear,Front to Rear,no,no,no,no,no,False
101569922,BERRY HILL POLICE DEPT,17-0718,Davidson,Nashville,3/1/2017 12:00:00 AM,2,0,0,36.111630,-86.773220,FRANKLIN PKE SB ENT RAMP,,,,0.00,,,I 65,,,,0.00,Y,Four-Way, ,Intersection,None,,,         ,John,Gleixner,Clear,Angle,no,no,no,no,no,False
101569925,METROPOLITAN NASHVILLE POLICE DEPT,20170194489,Davidson,Nashville,3/1/2017 5:00:00 PM,2,0,0,36.162550,-86.820190,I 40,,,,0.00,,,,,,,206.30,N,Not at Intersection, ,Non-Junction,None,,,         ,Andy,Esqueda,Clear,Front to Rear,no,no,no,no,no,False
101569941,METROPOLITAN NASHVILLE POLICE DEPT,20170194532,Davidson,Nashville,3/1/2017 4:00:00 PM,1,1,0,36.215130,-86.599890,LEBANON PKE,,,,448.00,Feet,North,ANDREW JACKSON PKWY,,,,0.00,N,Not at Intersection,N,OtherLocation,None,,,         ,Noah,Melton,Clear,Not Collision with Motor Vehicle in Transport,yes,no,no,yes,yes,False
101569942,METROPOLITAN NASHVILLE POLICE DEPT,20170194379,Davidson,Nashville,3/1/2017 4:12:00 PM,2,1,0,36.214490,-86.730520,STRATFORD AV,,,,0.00,Feet,,GALLATIN PKE,,,,0.00,Y,T-Intersection,N,Intersection-Related,None,,,         ,Joshua,Lackey,Clear,"Sideswipe, Same Direction",no,no,no,no,no,False
101569945,VANDERBILT UNIVERSITY POLICE,17-0194611,Davidson,Nashville,3/1/2017 5:45:00 PM,2,0,0,36.139580,-86.810760,NATCHEZ TRC,,,,0.00,,,CHILDRENS WAY,,,,0.00,Y,Four-Way, ,Intersection,None,,,         ,Stephen,Adams,Cloudy,"Sideswipe, Opposite Direction",no,no,no,no,yes,Campus
101569948,METROPOLITAN NASHVILLE POLICE DEPT,20170194616,Davidson,Nashville,3/1/2017 5:55:00 PM,2,1,0,36.106210,-86.673060,MURFREESBORO PKE,,,,0.00,Feet,,DONELSON PKE,,,,0.00,Y,Four-Way,N,Intersection-Related,None,,,         ,Alyson,Cook,Clear,Front to Rear,no,no,no,no,yes,False
101569950,METROPOLITAN NASHVILLE POLICE DEPT,20170194732,Davidson,Nashville,3/1/2017 6:30:00 PM,2,0,0,36.155850,-86.777290,KOREAN VETERANS BLVD,,,,0.00,,,6TH AVS,,,,0.00,Y,OTHER,N,OtherLocation,None,,,         ,Wesley,Feinstein,Other,Unknown,no,no,no,no,no,False
101569958,METROPOLITAN NASHVILLE POLICE DEPT,20170194607,Davidson,Nashville,3/1/2017 5:53:00 PM,3,1,0,36.142360,-86.776730,I 65,,,,0.00,,,,,,,82.00,N,Not at Intersection,N,Non-Junction,None,,,         ,Chaz,Pace,Clear,Front to Rear,no,no,no,no,no,False
101569959,METROPOLITAN NASHVILLE POLICE DEPT,20170194656,Davidson,Not in City Limit,3/1/2017 6:13:00 PM,1,0,0,36.289700,-86.897960,GRAYS POINT RD,,,,56.00,Feet,West,CRAFT RD,,,,0.00,N,Not at Intersection,N,Non-Junction,None,,,         ,Michael,Brooks,Clear,Not Collision with Motor Vehicle in Transport,no,no,no,no,yes,False
101569962,METROPOLITAN NASHVILLE POLICE DEPT,20170194600,Davidson,Nashville,3/1/2017 4:42:00 PM,2,0,0,36.263540,-86.716460,OLD HICKORY BLVDW,,,,33.00,Feet,East,PEGGY ST,,,,0.00,N,Not at Intersection, ,Non-Junction,None,,,         ,Broderick,Jones,Clear,Front to Rear,no,no,no,no,no,False
101569971,METROPOLITAN NASHVILLE POLICE DEPT,20170194045,Davidson,Goodlettsville,3/1/2017 12:00:00 AM,3,1,0,36.290520,-86.738370,DICKERSON PKES,,,,297.00,Feet,East,WEEPING WILLOW WAY,,,,0.00,N,Not at Intersection,N,Non-Junction,None,,,         ,Joel,Callies,Clear,Front to Rear,no,no,no,no,no,False
101569972,METROPOLITAN NASHVILLE POLICE DEPT,20170194513,Davidson,Nashville,3/1/2017 5:25:00 PM,2,1,0,36.205970,-86.771640,W TRINITY LN,,,,162.00,Feet,West,LUCAS LN,,,,0.00,N,Not at Intersection,N,Non-Junction,None,,,         ,Joshua,Lackey,Clear,"Sideswipe, Same Direction",no,no,no,yes,no,False
101569975,METROPOLITAN NASHVILLE POLICE DEPT,20170194711,Davidson,Nashville,3/1/2017 6:26:00 PM,3,0,0,36.173070,-86.773940,N 1ST ST,,,,489.00,Feet,South,OLDHAM ST,,,,0.00,N,Not at Intersection,N,Non-Junction,None,,,         ,Pedro,Rivera Chaparro,Clear,Front to Rear,no,no,no,no,no,False
101569979,METROPOLITAN NASHVILLE POLICE DEPT,20170194933,Davidson,Nashville,3/1/2017 12:00:00 AM,2,0,0,36.204310,-86.724480,RIVERSIDE DR,,,,0.00,,,,,,,0.00,,, ,Non-Junction,None,,,         ,Cressie,Prill,Clear,Unknown,no,no,no,yes,yes,False
101569980,METROPOLITAN NASHVILLE POLICE DEPT,20170194795,Davidson,Nashville,3/1/2017 7:15:00 PM,2,1,0,36.109790,-86.839580,ABBOTT MARTIN RD,,,,5.00,Feet,West,ABBOTT GLENN CT,,,,0.00,N,Not at Intersection,N,Non-Junction,None,,,         ,Ethan,Usherwood,Clear,Angle,no,no,no,no,no,False
101570017,METROPOLITAN NASHVILLE POLICE DEPT,20170194769,Davidson,Nashville,3/1/2017 7:02:00 PM,2,1,0,36.206620,-86.777900,BRICK CHURCH PKE,,,,0.00,,,W TRINITY LN,,,,0.00,Y,Four-Way,N,Intersection,None,,,         ,Michael,Brooks,Clear,Front to Rear,no,no,no,no,no,False
101570018,METROPOLITAN NASHVILLE POLICE DEPT,20170194993,Davidson,Nashville,3/1/2017 8:12:00 PM,2,0,0,36.185190,-86.798250,ROSA L PARKS BLVD,,,,0.00,,,I65 S EXT RAMP,,,,0.00,Y,OTHER,Y,Intersection,None,,,         ,Michael,Brooks,Clear,Front to Rear,no,no,no,no,yes,False
101570033,METROPOLITAN NASHVILLE POLICE DEPT,20170194433,Davidson,Nashville,3/1/2017 4:31:00 PM,2,0,0,36.148360,-86.780360,I 40,,,,0.00,,,,,,,209.80,N,Not at Intersection, ,Non-Junction,None,,,         ,Akira,McSwain,Clear,"Sideswipe, Same Direction",no,no,no,no,no,False
101570034,METROPOLITAN NASHVILLE POLICE DEPT,20170194912,Davidson,Nashville,3/1/2017 6:30:00 PM,2,0,0,36.121920,-86.807210,HILLSBORO PKE,,,,63.00,Feet,South,I440 E EXT RAMP,,,,0.00,N,Not at Intersection,N,Non-Junction,None,,,         ,Akira,McSwain,Clear,Front to Rear,no,no,no,no,no,False
101570035,GOODLETTSVILLE POLICE DEPT,17-07909,Davidson,Goodlettsville,3/1/2017 9:10:00 PM,1,0,0,36.296340,-86.725530,DICKERSON PKES,,,,392.00,Feet,East,ROBERT CARTWRIGHT DR,,,,0.00,N,Not at Intersection, ,Non-Junction,None,,,         ,William,Hunter,Clear,Not Collision with Motor Vehicle in Transport,no,no,no,no,no,False
101570036,METROPOLITAN NASHVILLE POLICE DEPT,20170195160,Davidson,Nashville,3/1/2017 9:14:00 PM,2,0,0,36.059300,-86.689950,OLIVIA DR,,,,295.00,Feet,North,SUZANNE DR,,,,0.00,N,Not at Intersection,N,Non-Junction,None,,,         ,Alyson,Cook,Clear,"Sideswipe, Same Direction",no,no,no,no,yes,False
101570046,METROPOLITAN NASHVILLE POLICE DEPT,20170195035,Davidson,Nashville,3/1/2017 8:09:00 PM,2,0,0,36.131740,-86.906770,7044 CHARLOTTE PK,,,,100.00,Feet,North,CHARLOTTE PK,,,,0.00,N,Not at Intersection, ,Non-Junction,None,,,         ,Jeremy,Huffine,Clear,Angle,no,no,no,yes,no,False
101570047,METROPOLITAN NASHVILLE POLICE DEPT,20170194294,Davidson,Nashville,3/1/2017 4:04:00 PM,2,0,0,36.248600,-86.728630,DUE WEST AVW,,,,0.00,,,SAUNDERS AV,,,,0.00,Y,Four-Way,N,Intersection,None,,,         ,Christopher,Littles,Clear,"Sideswipe, Same Direction",no,no,no,no,yes,False
101570048,METROPOLITAN NASHVILLE POLICE DEPT,20170194347,Davidson,Not in City Limit,3/1/2017 4:33:00 PM,1,1,0,36.279040,-86.732160,WOODS LAKE DR,,,,0.00,,,E CAMPBELL RD,,,,0.00,Y,T-Intersection,N,Intersection-Related,None,,,         ,Christopher,Littles,Clear,Not Collision with Motor Vehicle in Transport,no,no,no,no,no,False
101570069,METROPOLITAN NASHVILLE POLICE DEPT,20170194929,Davidson,Nashville,3/1/2017 7:57:00 PM,2,1,0,36.133860,-86.890180,CHARLOTTE PKE,,,,0.00,,,OLD CHARLOTTE PKE,,,,0.00,Y,Four-Way,N,Intersection,None,,,         ,Shaun,Heath,Clear,Angle,no,no,no,no,no,False
101570070,METROPOLITAN NASHVILLE POLICE DEPT,20170194927,Davidson,Not in City Limit,3/1/2017 5:50:00 PM,2,0,0,36.263070,-86.711920,STATE RT 45,,,,0.00,,,GALLATIN PKEN,,,,0.00,Y,Four-Way, ,Intersection-Related,None,,,         ,Johnathon,Birdwell,Clear,Angle,no,no,no,no,yes,False
101570072,METROPOLITAN NASHVILLE POLICE DEPT,20170194728,Davidson,Not in City Limit,3/1/2017 6:40:00 PM,3,4,0,36.073900,-86.927240,HIGHWAY 70S,,,,0.00,Feet,East,WATERFORD CIR,,,,0.00,N,Not at Intersection,N,Non-Junction,None,,,         ,Jeremy,Huffine,Clear,Front to Rear,no,no,no,no,no,False
101570096,METROPOLITAN NASHVILLE POLICE DEPT,20170194777,Davidson,Nashville,3/1/2017 6:15:00 PM,2,0,0,36.134130,-86.773260,WEDGEWOOD AV,,,,226.00,Feet,East,LINDELL AV,,,,0.00,N,Not at Intersection,N,Non-Junction,None,,,         ,William,Taylor,Clear,Angle,no,no,no,no,no,False
101570100,METROPOLITAN NASHVILLE POLICE DEPT,20170195085,Davidson,Not in City Limit,3/1/2017 9:02:00 PM,1,1,0,36.261190,-86.712550,GALLATIN PKES,,,,0.00,,,MAPLE ST,,,,0.00,Y,T-Intersection,N,Intersection-Related,None,,,         ,Christopher,Littles,Clear,Not Collision with Motor Vehicle in Transport,no,no,no,no,no,False
101570115,METROPOLITAN NASHVILLE POLICE DEPT,20170195254,Davidson,Nashville,3/1/2017 9:58:00 PM,3,0,0,36.071860,-86.686260,HAYSTACK LN,,,,0.00,,,,,,,0.00,,,N,Non-Junction,None,,,         ,Kevin,Keating,Clear,Angle,no,no,no,no,yes,False
101570119,Nashville Airport Police,2017-00628,Davidson,Nashville,2/26/2017 11:10:00 PM,1,0,0,36.133410,-86.665080,BNA DR,,,,0.00,,,TERMINAL DR,,,,0.00,Y,Y-Intersection,N,Intersection-Related,None,,,         ,Christopher,Lueders,Clear,Not Collision with Motor Vehicle in Transport,no,no,no,no,no,False
101570139,METROPOLITAN NASHVILLE POLICE DEPT,20170195331,Davidson,Nashville,3/1/2017 10:40:00 PM,1,1,0,36.161870,-86.779340,COMMERCE ST,,,,0.00,,,5TH AVN,,,,0.00,Y,Four-Way,Y,Intersection,None,,,         ,Robert,Magner,Clear,Not Collision with Motor Vehicle in Transport,yes,no,no,no,no,False
101570145,METROPOLITAN NASHVILLE POLICE DEPT,20170195497,Davidson,Nashville,3/1/2017 11:25:00 PM,2,0,0,36.249190,-86.734460,DUE WEST AVW,,,,0.00,,,S GRAYCROFT AV,,,,0.00,Y,Four-Way,Y,Non-Junction,None,,,         ,Michael,Richardson,Clear,Front to Rear,no,no,no,no,no,False
101570146,METROPOLITAN NASHVILLE POLICE DEPT,20170195480,Davidson,Not in City Limit,3/1/2017 11:20:00 PM,2,0,0,36.068860,-86.941430,BAUGH RD,,,,10.00,Feet,East,BELLEVUE RD,,,,0.00,N,Not at Intersection,N,Non-Junction,None,,,         ,Bryan,Musgrave,Clear,Angle,no,no,no,no,no,False
101570148,METROPOLITAN NASHVILLE POLICE DEPT,20170195442,Davidson,Nashville,3/1/2017 11:12:00 PM,2,0,0,36.176580,-86.770320,SPRING ST,,,,0.00,Feet,East,DICKERSON PKE,,,,0.00,N,Not at Intersection,N,Non-Junction,None,,,         ,Harris,Smith,Clear,"Sideswipe, Same Direction",no,no,no,no,yes,False
101570158,METROPOLITAN NASHVILLE POLICE DEPT,20170195988,Davidson,Nashville,3/2/2017 2:44:00 AM,1,0,0,36.123390,-86.717220,EAST THOMPSON LN,,,,405.00,Feet,North,LAWNDALE DR,,,,0.00,N,Not at Intersection,N,Non-Junction,None,,,         ,Dale,Dameron,Clear,Not Collision with Motor Vehicle in Transport,no,no,no,no,no,False
101570170,METROPOLITAN NASHVILLE POLICE DEPT,20170195922,Davidson,Nashville,3/2/2017 2:09:00 AM,1,1,0,36.150710,-86.855640,CHARLOTTE PKE,,,,624.00,Feet,West,CHARLOTTE AV,,,,0.00,N,Not at Intersection,N,Non-Junction,None,,,         ,Benjamin,Fisher,Clear,Not Collision with Motor Vehicle in Transport,no,no,no,no,no,False
101570171,METROPOLITAN NASHVILLE POLICE DEPT,20170195896,Davidson,Nashville,3/2/2017 1:57:00 AM,3,0,0,36.092200,-86.712780,JESSIE DR,,,,29.00,Feet,East,BREVARD CT,,,,0.00,N,Not at Intersection,N,Non-Junction,None,,,         ,Erik,Dabbs,Clear,HeadOn,no,no,no,no,no,False