master_record_number,agency,agency_tracking_number,county,city,collision_date,vehicles_involved,number_injured,number_dead,latitude,longitude,roadway_name,roadway_suffix,roadway_number,roadway_local_id,distance_from_reference,miles-feet_indicator,direction_from_reference,intersection_road_name,intersection_road_name_suffix,intersection_road_number,intersection_local_id,mile_marker,intersection_indicator,intersect_type,interchange_related_indicator,relation_to_junction,work_zone_type,construction_maintenance_zone,construction_maintenance_zone_location,fatal_case_number,officer_first_name,officer_last_name,weather_condition(s),manner_of_crash,pedestrian,bicycle,scooter,parking,hitrun,mou
101571761,METROPOLITAN NASHVILLE POLICE DEPT,20170200841,Davidson,Nashville,3/3/2017 1:23:00 PM,2,0,0,36.045480,-86.647290,CROSSINGS BLVD,,,,0.00,,,MT VIEW RD,,,,0.00,Y,Four-Way,N,Intersection,None,,,         ,Jason,Dudley,Clear,"Sideswipe, Same Direction",no,no,no,no,yes,False
101571775,METROPOLITAN NASHVILLE POLICE DEPT,20170200634,Davidson,Nashville,3/3/2017 11:30:00 AM,1,1,0,36.045280,-86.628400,ASHEFORD TRC,,,,0.00,,,MT VIEW RD,,,,0.00,Y,T-Intersection,Y,Intersection-Related,None,,,         ,Blake,Lutz,Clear,Not Collision with Motor Vehicle in Transport,no,no,no,no,no,False
101571777,METROPOLITAN NASHVILLE POLICE DEPT,20170200301,Davidson,Nashville,3/3/2017 9:07:00 AM,2,0,0,36.146390,-86.816360,31ST AVN,,,,0.00,,,BURCH AV,,,,0.00,Y,Four-Way, ,Intersection-Related,None,,,         ,Phillip,Murphy,Clear,"Sideswipe, Same Direction",no,no,no,no,no,False
101571780,METROPOLITAN NASHVILLE POLICE DEPT,20170200246,Davidson,Nashville,3/3/2017 9:58:00 AM,2,1,0,36.142190,-86.666590,I40 W EXT RAMP,,,,0.00,,,DONELSON PKE,,,,0.00,Y,T-Intersection,N,Entrance/Exit Ramp Related,None,,,         ,James,Curtis,Clear,Front to Rear,no,no,no,no,no,False
101571812,METROPOLITAN NASHVILLE POLICE DEPT,20170200536,Davidson,Nashville,3/3/2017 11:27:00 AM,2,0,0,36.037520,-86.785640,OLD HICKORY BLVD,,,,59.00,Feet,East,WILSON PIKE CIR,,,,0.00,N,Not at Intersection, ,"Driveway, Alley Access, etc",None,,,         ,Phillip,Murphy,Clear,"Sideswipe, Opposite Direction",no,no,no,no,no,False
101571814,METROPOLITAN NASHVILLE POLICE DEPT,2017-0200216,Davidson,Nashville,3/3/2017 9:47:00 AM,2,0,0,36.085530,-86.690750,PERIMETER HILL DR,,,,0.00,,,ANTIOCH PKE,,,,0.00,Y,T-Intersection,N,Intersection,None,,,         ,William,Whitworth,Clear,Angle,no,no,no,no,no,False
101571815,METROPOLITAN NASHVILLE POLICE DEPT,2017-0200476,Davidson,Nashville,3/3/2017 11:06:00 AM,2,4,0,36.067410,-86.631250,MURFREESBORO PKE,,,,0.00,,,FOREST VIEW DR,,,,0.00,Y,Four-Way,N,Intersection,None,,,         ,William,Whitworth,Clear,Angle,no,no,no,no,no,False
101571832,METROPOLITAN NASHVILLE POLICE DEPT,20170200829,Davidson,Nashville,3/3/2017 1:20:00 PM,2,1,0,36.152790,-86.825530,CHARLOTTE AV,,,,131.00,Feet,East,35TH AVN,,,,0.00,N,Not at Intersection,N,Non-Junction,None,,,         ,Michael,Pyle,Clear,"Sideswipe, Same Direction",no,no,no,no,no,False
101571838,METROPOLITAN NASHVILLE POLICE DEPT,20170200118,Davidson,Nashville,3/3/2017 9:13:00 AM,3,1,0,36.143140,-86.685230,I 40,,,,0.00,,,,,,,215.55,N,Not at Intersection,N,Non-Junction,None,,,         ,James,Curtis,Clear,Front to Rear,no,no,no,no,no,False
101571841,METROPOLITAN NASHVILLE POLICE DEPT,20170200766,Davidson,Nashville,3/3/2017 12:57:00 PM,2,0,0,36.139910,-86.725170,I 40,,,,0.00,,,,,,,213.40,N,Not at Intersection,N,Non-Junction,None,,,         ,Kayla,Castro,Clear,"Sideswipe, Same Direction",no,no,no,no,no,False
101571846,METROPOLITAN NASHVILLE POLICE DEPT,20170200885,Davidson,Nashville,3/3/2017 12:00:00 AM,2,0,0,36.185760,-86.797440,I65 S EXT RAMP,,,,0.00,Feet,East,I 65,,,,0.00,N,Not at Intersection, ,Entrance/Exit Ramp Related,None,,,         ,Julie,Nabors,Clear,Front to Rear,no,no,no,no,no,False
101571917,METROPOLITAN NASHVILLE POLICE DEPT,17-0200854,Davidson,Nashville,3/3/2017 12:46:00 PM,2,0,0,36.157590,-86.760420,I 24,,,,0.00,,,,,,,49.60,N,Not at Intersection, ,OtherLocation,None,,,         ,Frank,Campbell,Clear,"Sideswipe, Same Direction",no,no,no,no,no,False
101571925,METROPOLITAN NASHVILLE POLICE DEPT,20170200929,Davidson,Nashville,3/3/2017 2:30:00 PM,2,0,0,36.166900,-86.777220,UNION ST,,,,37.00,Feet,South,1ST AVN,,,,0.00,N,Not at Intersection, ,Non-Junction,None,,,         ,William,Gibbs,Clear,Angle,no,no,no,no,no,False
101571926,METROPOLITAN NASHVILLE POLICE DEPT,20170200864,Davidson,Nashville,3/3/2017 1:00:00 PM,2,0,0,36.207040,-86.796010,W TRINITY LN,,,,0.00,,,FREE SILVER RD,,,,0.00,Y,OTHER, ,,None,,,         ,Gunes,Akyildiz,,,no,no,no,no,no,False
101571927,METROPOLITAN NASHVILLE POLICE DEPT,20170200962,Davidson,Nashville,3/3/2017 2:51:00 PM,3,0,0,36.077810,-86.695120,I 24,,,,0.00,,,,,,,56.35,N,Not at Intersection,N,Non-Junction,None,,,         ,Alyson,Cook,Clear,Angle,no,no,no,no,no,False
101571932,METROPOLITAN NASHVILLE POLICE DEPT,20170200837,Davidson,Nashville,3/3/2017 1:11:00 PM,2,0,0,36.051510,-86.714360,NOLENSVILLE PKE,,,,0.00,,,OCALA DR,,,,0.00,Y,Four-Way,N,Intersection,None,,,         ,Kevin,Crawford,Clear,"Sideswipe, Same Direction",no,no,no,no,yes,False
101571943,METROPOLITAN NASHVILLE POLICE DEPT,20170201040,Davidson,Nashville,3/3/2017 3:20:00 PM,1,0,0,36.058050,-86.773700,I 65,,,,0.00,,,,,,,75.10,N,Not at Intersection, ,,None,,,         ,Edin,Plancic,,,no,no,no,no,no,False
101571984,METROPOLITAN NASHVILLE POLICE DEPT,20170200951,Davidson,Nashville,3/3/2017 2:34:00 PM,2,0,0,36.179930,-86.809530,16TH AVN,,,,0.00,,,,,,,0.00,,,N,Non-Junction,None,,,         ,Michael,Brooks,Clear,Angle,no,no,no,yes,yes,False
101571985,METROPOLITAN NASHVILLE POLICE DEPT,20170201087,Davidson,Nashville,3/3/2017 3:32:00 PM,2,0,0,36.150270,-86.749070,I 40,,,,0.00,,,,,,,211.65,N,Not at Intersection,N,Non-Junction,None,,,         ,Tyler,Maupin,Clear,Front to Rear,no,no,no,no,no,False
101571993,METROPOLITAN NASHVILLE POLICE DEPT,20170201130,Davidson,Nashville,3/3/2017 3:52:00 PM,2,0,0,36.147660,-86.768470,4TH AVS,,,,0.00,Feet,,CAMERON ST,,,,0.00,Y,T-Intersection,N,Intersection-Related,None,,,         ,Alyson,Cook,Clear,Angle,no,no,no,no,no,False
101572003,METROPOLITAN NASHVILLE POLICE DEPT,20170200970,Davidson,Nashville,3/3/2017 1:56:00 PM,2,0,0,36.236190,-86.758150,DICKERSON PKE,,,,132.00,Feet,South,I65 N ENT RAMP,,,,0.00,N,Not at Intersection,N,Non-Junction,None,,,         ,Joshua,Lackey,Clear,"Sideswipe, Same Direction",no,no,no,no,yes,False
101572014,METROPOLITAN NASHVILLE POLICE DEPT,20170201135,Davidson,Not in City Limit,3/3/2017 2:14:00 PM,2,0,0,36.074940,-86.967450,SOMERSET FARMS DR,,,,107.00,Feet,South,COLEY DAVIS RD,,,,0.00,N,Not at Intersection, ,,None,,,         ,Benjamin,Spees,,,no,no,no,no,no,False
101572021,METROPOLITAN NASHVILLE POLICE DEPT,20170201033,Davidson,Nashville,3/3/2017 3:17:00 PM,2,0,0,36.227650,-86.759640,DICKERSON PKE,,,,637.00,Feet,South,BROADMOOR DR,,,,0.00,N,Not at Intersection, ,Non-Junction,None,,,         ,Benjamin,Fisher,Clear,Angle,no,no,no,no,yes,False
101572031,METROPOLITAN NASHVILLE POLICE DEPT,20170200985,Davidson,Nashville,3/3/2017 12:00:00 AM,3,0,0,36.185520,-86.775210,I 24,,,,0.00,,,,,,,47.20,N,Not at Intersection,N,Non-Junction,None,,,         ,Gordon,Stovall,Clear,Front to Rear,no,no,no,no,no,False
101572047,METROPOLITAN NASHVILLE POLICE DEPT,2017-0200907,Davidson,Nashville,3/3/2017 2:20:00 PM,3,0,0,36.135320,-86.886460,CHARLOTTE PKE,,,,427.00,Feet,West,BROOK HOLLOW RD,,,,0.00,N,Not at Intersection,N,Non-Junction,None,,,         ,Michael,Rogers,Clear,Front to Rear,no,no,no,no,no,False
101572072,METROPOLITAN NASHVILLE POLICE DEPT,20170201178,Davidson,Nashville,3/3/2017 3:56:00 PM,2,0,0,36.109450,-86.728050,BRILEY PKWYN,,,,0.00,,,BRILEY PKWYS,,,,0.00,Y,Four-Way,N,Intersection,None,,,         ,Andrew,Mullen,Clear,Angle,no,no,no,no,no,False
101572074,METROPOLITAN NASHVILLE POLICE DEPT,20170201056,Davidson,Nashville,3/3/2017 3:23:00 PM,2,1,0,36.152300,-86.797450,WEST END AV,,,,0.00,,,19TH AVN,,,,0.00,Y,Four-Way,N,Intersection,None,,,         ,Maria,Cortez,Clear,Angle,no,no,no,no,no,False
101572079,METROPOLITAN NASHVILLE POLICE DEPT,2017200944,Davidson,Nashville,3/3/2017 3:00:00 PM,2,0,0,36.162880,-86.871530,JAMES AV,,,,279.00,Feet,East,23RD ST,,,,0.00,N,Not at Intersection,N,Non-Junction,None,,,         ,Joseph,Patricio,Clear,"Sideswipe, Opposite Direction",no,no,no,no,yes,False
101572106,METROPOLITAN NASHVILLE POLICE DEPT,20170201132,Davidson,Nashville,3/3/2017 3:30:00 PM,3,0,0,36.143700,-86.738170,I 40,,,,0.00,,,,,,,212.60,N,Not at Intersection, ,Non-Junction,None,,,         ,Brent,Hedgcoth,Clear,Front to Rear,no,no,no,no,no,False
101572107,METROPOLITAN NASHVILLE POLICE DEPT,20170201271,Davidson,Nashville,3/3/2017 4:08:00 PM,2,0,0,36.154320,-86.742130,LEBANON PKE,,,,0.00,,,FESSLERS LN,,,,0.00,Y,T-Intersection, ,Intersection,None,,,         ,Tyler,Maupin,Clear,Angle,no,no,no,no,no,False
101572111,METROPOLITAN NASHVILLE POLICE DEPT,20170201073,Davidson,Old Hickory,3/3/2017 3:30:00 PM,2,1,0,36.267440,-86.668800,ROBINSON,RD,,,0.00,,,BRIDGEWAY,AVE,,,0.00,Y,T-Intersection,N,Intersection-Related,None,,,         ,Codey,Mullins,Clear,Front to Rear,no,no,no,no,no,False
101572113,METROPOLITAN NASHVILLE POLICE DEPT,20170200961,Davidson,Nashville,3/3/2017 2:00:00 PM,2,0,0,36.151420,-86.751300,I 40,,,,0.00,,,,,,,211.50,N,Not at Intersection, ,Non-Junction,None,,,         ,Jefferson,Hughes,Clear,Front to Rear,no,no,no,no,no,False
101572137,METROPOLITAN NASHVILLE POLICE DEPT,20170201111,Davidson,Nashville,3/3/2017 3:25:00 PM,2,1,0,36.142980,-86.685350,I 40,,,,0.00,,,,,,,215.55,N,Not at Intersection,N,Non-Junction,None,,,         ,Patrick,Taylor,Clear,Front to Rear,no,no,no,no,no,False
101572140,METROPOLITAN NASHVILLE POLICE DEPT,20170201234,Davidson,Nashville,3/3/2017 4:33:00 PM,2,0,0,36.110304,-86.773294,FRANKLIN,,SR99999,,0.00,,,,,,,0.00,,Not at Intersection, ,Entrance/Exit Ramp Related,None,,,         ,David,Humes,Clear,Front to Rear,no,no,no,no,no,False
101572153,METROPOLITAN NASHVILLE POLICE DEPT,20170201284,Davidson,Nashville,3/3/2017 4:40:00 PM,2,1,0,36.234560,-86.807200,BRILEY PKWYE,,,,791.00,Feet,East,BRILEY PKWYW,,,,0.00,N,Not at Intersection,N,Non-Junction,None,,,         ,Brandon,Rardin,Clear,Front to Rear,no,no,no,no,no,False
101572155,METROPOLITAN NASHVILLE POLICE DEPT,20170200973,Davidson,Nashville,3/3/2017 2:40:00 PM,2,0,0,36.110660,-86.747380,LOUISE DR,,,,144.00,Feet,South,THOMPSON LN,,,,0.00,N,Not at Intersection,N,Non-Junction,None,,,         ,Edin,Plancic,Clear,Front to Rear,no,no,no,no,no,False
101572156,METROPOLITAN NASHVILLE POLICE DEPT,20170201038,Davidson,Nashville,3/3/2017 3:14:00 PM,2,0,0,36.144150,-86.813670,29TH AVS,,,,0.00,,,WEST END AV,,,,0.00,Y,T-Intersection, ,Non-Junction,None,,,         ,Eric,Burford,Clear,Front to Rear,no,no,no,no,no,Campus
101572157,METROPOLITAN NASHVILLE POLICE DEPT,20170201255,Davidson,Nashville,3/3/2017 1:30:00 PM,2,0,0,36.143690,-86.814200,WEST END AV,,,,0.00,,,30TH AVN,,,,0.00,Y,T-Intersection,N,Intersection-Related,None,,,         ,Eric,Burford,Clear,Angle,no,no,no,no,no,Campus
101572172,GOODLETTSVILLE POLICE DEPT,17-08161,Davidson,Goodlettsville,3/3/2017 4:24:00 PM,2,1,0,36.305620,-86.694540,RIVERGATE MALL PVTDR,,,,240.00,Feet,West,CONFERENCE DR,,,,0.00,N,Not at Intersection,N,OtherLocation,None,,,         ,Rico,Jones,Clear,Angle,no,no,no,yes,no,False
101572173,METROPOLITAN NASHVILLE POLICE DEPT,20170201319,Davidson,Nashville,3/3/2017 4:50:00 PM,2,0,0,36.188750,-86.792930,I 65,,,,0.00,,,,,,,85.55,N,Not at Intersection, ,,None,,,         ,Wesley,Feinstein,,,no,no,no,no,no,False
101572183,METROPOLITAN NASHVILLE POLICE DEPT,20170201386,Davidson,Nashville,3/3/2017 5:40:00 PM,2,0,0,36.075060,-86.919150,HIGHWAY 70S,,,,29.00,Feet,West,BELLE FOREST SHOPPING CENTER P,,,,0.00,N,Not at Intersection,N,Non-Junction,None,,,         ,Benjamin,Spees,Clear,Angle,no,no,no,no,no,False
101572197,METROPOLITAN NASHVILLE POLICE DEPT,20170201309,Davidson,Nashville,3/3/2017 5:05:00 PM,3,0,0,36.170800,-86.801330,JEFFERSON ST,,,,0.00,Feet,,14TH AVN,,,,0.00,Y,T-Intersection,Y,Intersection-Related,None,,,         ,Thomas,Burns,Clear,"Sideswipe, Opposite Direction",no,no,no,no,no,False
101572198,METROPOLITAN NASHVILLE POLICE DEPT,20170201356,Davidson,Nashville,3/3/2017 5:28:00 PM,2,0,0,36.073870,-86.920740,OLD HICKORY BLVD,,,,35.00,Feet,North,BELLEVUE VALLEY PLAZA PVTDR,,,,0.00,N,Not at Intersection, ,Non-Junction,None,,,         ,Brandon,Pedigo,Clear,"Sideswipe, Same Direction",no,no,no,no,no,False
101572200,METROPOLITAN NASHVILLE POLICE DEPT,20170201260,Davidson,Nashville,3/3/2017 4:28:00 PM,2,0,0,36.186750,-86.726210,WATERS AV,,,,100.00,Feet,South,ROSEBANK AV,,,,0.00,N,Not at Intersection, ,Non-Junction,None,,,         ,Kevin,Johnson,Clear,Angle,no,no,no,no,no,False
101572212,METROPOLITAN NASHVILLE POLICE DEPT,20170201042,Davidson,Nashville,3/3/2017 2:30:00 PM,2,0,0,36.153470,-86.788020,I 40,,,,0.00,,,,,,,209.30,N,Not at Intersection, ,Non-Junction,None,,,         ,Maria,Cortez,Clear,"Sideswipe, Same Direction",no,no,no,no,no,False
101572213,METROPOLITAN NASHVILLE POLICE DEPT,20170201268,Davidson,Nashville,3/3/2017 4:49:00 PM,2,1,0,36.153450,-86.764470,I 40,,,,0.00,,,,,,,210.70,N,Not at Intersection,Y,Entrance/Exit Ramp Related,None,,,         ,Jason,King,Clear,Front to Rear,no,no,no,no,no,False
101572215,METROPOLITAN NASHVILLE POLICE DEPT,20170201303,Davidson,Nashville,3/3/2017 5:03:00 PM,2,0,0,36.044240,-86.713130,BRENTWOOD EAST DR,,,,0.00,,,NOLENSVILLE PKE,,,,0.00,Y,T-Intersection,N,Non-Junction,None,,,         ,Alyson,Cook,Clear,Angle,no,no,no,no,no,False
101572218,METROPOLITAN NASHVILLE POLICE DEPT,2017-0199962,Davidson,Nashville,3/3/2017 7:51:00 AM,2,0,0,36.126210,-86.772480,I 65,,,,0.00,,,,,,,80.80,N,Not at Intersection, ,Non-Junction,None,,,         ,Jonathan,Seidl,Clear,"Sideswipe, Same Direction",no,no,no,no,no,False
101572220,METROPOLITAN NASHVILLE POLICE DEPT,20170201134,Davidson,Nashville,3/3/2017 3:20:00 PM,3,0,0,36.171750,-86.768200,I 24,,,,0.00,,,,,,,48.35,N,Not at Intersection, ,Non-Junction,None,,,         ,Alexander,Georgeson,Clear,Front to Rear,no,no,no,no,no,False
101572227,METROPOLITAN NASHVILLE POLICE DEPT,20170201525,Davidson,Nashville,3/3/2017 6:06:00 PM,1,0,0,36.069330,-86.692500,HAYWOOD LN,,,,102.00,Feet,West,HAYWOOD SQUARE PVTDR,,,,0.00,N,Not at Intersection, ,Non-Junction,None,,,         ,Alyson,Cook,Clear,Not Collision with Motor Vehicle in Transport,no,no,no,no,no,False
101572231,Nashville Airport Police,2017-00686,Davidson,Nashville,3/3/2017 4:05:00 PM,2,0,0,36.134730,-86.668060,TERMINAL,DR,,,0.50,Miles,West,DONELSON,PIKE,SR255,,0.00,N,Not at Intersection,N,Non-Junction,None,,,         ,Steve,Wright,Clear,Front to Rear,no,no,no,no,no,False
101572232,METROPOLITAN NASHVILLE POLICE DEPT,20170201535,Davidson,Nashville,3/3/2017 6:30:00 PM,2,0,0,36.155670,-86.783700,DEMONBREUN ST,,,,314.00,Feet,West,10TH AVS,,,,0.00,N,Not at Intersection, ,,None,,,         ,Wesley,Feinstein,,,no,no,no,no,no,False
101572239,METROPOLITAN NASHVILLE POLICE DEPT,20170201526,Davidson,Nashville,3/3/2017 6:14:00 PM,2,0,0,36.156530,-86.786590,BROADWAY,,,,0.00,,,,,,,0.00,,,N,OtherLocation,None,,,         ,Jason,King,Clear,"Sideswipe, Same Direction",no,no,no,yes,yes,False
101572255,METROPOLITAN NASHVILLE POLICE DEPT,20170201518,Davidson,Nashville,3/3/2017 1:20:00 PM,2,0,0,36.124990,-86.752200,NOLENSVILLE PKE,,,,0.00,,,ROSEDALE AV,,,,0.00,Y,T-Intersection, ,Intersection-Related,None,,,         ,Terrance,Stuckey,Clear,"Sideswipe, Same Direction",no,no,no,no,no,False
101572261,METROPOLITAN NASHVILLE POLICE DEPT,20170201575,Davidson,Nashville,3/3/2017 6:49:00 PM,2,0,0,36.163110,-86.778580,4TH AVN,,,,304.00,Feet,North,COMMERCE ST,,,,0.00,N,Not at Intersection, ,Non-Junction,None,,,         ,Tyler,Manivong,Clear,"Sideswipe, Same Direction",no,no,no,no,no,False
101572262,METROPOLITAN NASHVILLE POLICE DEPT,20170201168,Davidson,Nashville,3/3/2017 4:05:00 PM,3,0,0,36.244480,-86.747560,I65 S EXT RAMP,,,,0.00,Feet,East,I 65,,,,0.00,N,Not at Intersection, ,Non-Junction,None,,,         ,Harold,Willmore IV,Clear,Front to Rear,no,no,no,no,no,False
101572264,METROPOLITAN NASHVILLE POLICE DEPT,20170201460,Davidson,Nashville,3/3/2017 5:38:00 PM,2,0,0,36.189700,-86.810690,14TH AVN,,,,173.00,Feet,South,KELLOW ST,,,,0.00,N,Not at Intersection, ,Non-Junction,None,,,         ,Michael,Brooks,Clear,Angle,no,no,no,no,no,False
101572274,BERRY HILL POLICE DEPT,17-0747,Davidson,Berry Hill,3/3/2017 4:45:00 PM,3,0,0,36.125410,-86.776810,FRANKLIN PKE,,,,80.00,Feet,North,INVERNESS AV,,,,0.00,N,Not at Intersection, ,Non-Junction,None,,,         ,John,Gleixner,Clear,Front to Rear,no,no,no,no,no,False
101572277,METROPOLITAN NASHVILLE POLICE DEPT,20170201596,Davidson,Nashville,3/3/2017 6:36:00 PM,2,0,0,36.113150,-86.723880,I 24,,,,0.00,,,,,,,53.40,N,Not at Intersection, ,Non-Junction,None,,,         ,Jedidayah,Merriweather,Clear,Front to Rear,no,no,no,no,no,False
101572279,METROPOLITAN NASHVILLE POLICE DEPT,20170201538,Davidson,Nashville,3/3/2017 5:57:00 PM,2,0,0,36.060320,-86.917540,HIGHWAY 100,,,,32.00,Feet,East,HARPETH BEND DR,,,,0.00,N,Not at Intersection,N,Non-Junction,None,,,         ,Jessica,Scott,Clear,Other,no,no,no,no,no,False
101572280,METROPOLITAN NASHVILLE POLICE DEPT,20170201471,Davidson,Nashville,3/3/2017 6:11:00 PM,2,0,0,36.109430,-86.769890,I 65,,,,0.00,,,,,,,79.70,N,Not at Intersection,N,Non-Junction,None,,,         ,Edin,Plancic,Clear,Front to Rear,no,no,no,no,yes,False
101572284,METROPOLITAN NASHVILLE POLICE DEPT,20170201595,Davidson,Nashville,3/3/2017 6:45:00 PM,2,0,0,36.159150,-86.797340,CHARLOTTE AV,,,,273.00,Feet,East,17TH AVN,,,,0.00,N,Not at Intersection, ,Non-Junction,None,,,         ,Michael,Brooks,Clear,"Sideswipe, Opposite Direction",no,no,no,no,no,False
101572288,METROPOLITAN NASHVILLE POLICE DEPT,20170201545,Davidson,Not in City Limit,3/3/2017 6:35:00 PM,2,1,0,36.263800,-86.703910,STATE RT 45,,,,162.00,Feet,East,DELAWARE AV,,,,0.00,N,Not at Intersection,N,Non-Junction,None,,,         ,Cecilia,Gomez,Clear,Front to Rear,no,no,no,no,no,False
101572290,METROPOLITAN NASHVILLE POLICE DEPT,20170201604,Davidson,Not in City Limit,3/3/2017 12:00:00 AM,2,0,0,36.279350,-86.708830,GALLATIN PKEN,,,,0.00,,,ONE MILE PKWY,,,,0.00,Y,T-Intersection,N,Intersection,None,,,         ,Joel,Callies,Clear,HeadOn,no,no,no,no,yes,False
101572292,METROPOLITAN NASHVILLE POLICE DEPT,20170201689,Davidson,Nashville,3/3/2017 7:20:00 PM,2,0,0,36.120040,-86.726830,I 24,,,,0.00,,,,,,,52.90,N,Not at Intersection, ,Non-Junction,None,,,         ,Alyson,Cook,Clear,Front to Rear,no,no,no,no,no,False
101572302,METROPOLITAN NASHVILLE POLICE DEPT,20170201753,Davidson,Nashville,3/3/2017 7:28:00 PM,2,0,0,36.086870,-86.696140,HARDING PL,,,,56.00,Feet,West,S PERIMETER PARK DR,,,,0.00,N,Not at Intersection, ,Non-Junction,None,,,         ,Alyson,Cook,Clear,Front to Rear,no,no,no,no,no,False
101572304,METROPOLITAN NASHVILLE POLICE DEPT,2017-0201573,Davidson,Nashville,3/3/2017 12:00:00 AM,2,0,0,36.139290,-86.778400,8TH AVS,,,,27.00,Feet,North,HAMILTON AV,,,,0.00,N,Not at Intersection,N,Non-Junction,None,,,         ,Akira,McSwain,Clear,Angle,no,no,no,no,no,False
101572306,BERRY HILL POLICE DEPT,17-0748,Davidson,Nashville,3/3/2017 12:00:00 AM,2,0,0,36.111630,-86.773400,FRANKLIN PKE,,,,0.00,,,FRANKLIN PKE SB ENT RAMP,,,,0.00,Y,Four-Way,Y,Entrance/Exit Ramp Related,None,,,         ,John,Gleixner,Clear,Angle,no,no,no,no,no,False
101572307,METROPOLITAN NASHVILLE POLICE DEPT,20170201652,Davidson,Nashville,3/3/2017 7:15:00 PM,1,1,0,36.046720,-86.732220,VILLAGE WAY,,,,190.00,Feet,East,VILLAGE PL,,,,0.00,N,Not at Intersection,N,Non-Junction,None,,,         ,Nicholas,Berens,Clear,Not Collision with Motor Vehicle in Transport,yes,no,no,no,no,False
101572317,METROPOLITAN NASHVILLE POLICE DEPT,20170201353,Davidson,Nashville,3/3/2017 5:20:00 PM,2,1,0,36.168850,-86.784090,JAMES ROBERTSON PKWY,,,,75.00,Feet,West,5TH AVN,,,,0.00,N,Not at Intersection,N,Non-Junction,None,,,         ,David,Snowden,Clear,Front to Rear,no,no,no,no,no,False
101572319,VANDERBILT UNIVERSITY POLICE,17-0201244,Davidson,Nashville,3/3/2017 7:15:00 AM,2,0,0,36.141020,-86.812750,VANDERBILT PL,,,,0.00,,,,,,,0.00,,, ,,None,,,         ,William,West,,,no,no,no,yes,no,Campus
101572321,METROPOLITAN NASHVILLE POLICE DEPT,20170201523,Davidson,Nashville,3/3/2017 6:10:00 PM,2,0,0,36.150070,-86.796450,DIVISION ST,,,,101.00,Feet,East,LYLE AV,,,,0.00,N,Not at Intersection,N,Non-Junction,None,,,         ,Ryan,Cagle,Clear,Angle,no,no,no,no,yes,False
101572328,METROPOLITAN NASHVILLE POLICE DEPT,20170201724,Davidson,Nashville,3/3/2017 6:28:00 PM,2,0,0,36.224670,-86.591890,CASCADE DR,,,,329.00,Feet,South,KALAMATH DR,,,,0.00,N,Not at Intersection,N,Non-Junction,None,,,         ,Dontaveous,Eubanks,Clear,HeadOn,no,no,no,no,no,False
101572335,METROPOLITAN NASHVILLE POLICE DEPT,20170201769,Davidson,Nashville,3/3/2017 7:45:00 PM,2,0,0,36.134280,-86.779560,WEDGEWOOD AV,,,,137.00,Feet,West,8TH AVS,,,,0.00,N,Not at Intersection, ,Non-Junction,None,,,         ,John,Stanfield,Clear,Front to Rear,no,no,no,no,no,False
101572341,METROPOLITAN NASHVILLE POLICE DEPT,20170201636,Davidson,Nashville,3/3/2017 6:50:00 PM,2,0,0,36.172610,-86.649480,LEBANON PKE,,,,0.00,,,DISSPAYNE DR,,,,0.00,Y,Four-Way,N,Non-Junction,Construction Zone,Laneclosure,Unknown,         ,Jefferson,Hughes,Clear,"Sideswipe, Same Direction",no,no,no,no,yes,False
101572343,METROPOLITAN NASHVILLE POLICE DEPT,20170201675,Davidson,Nashville,3/3/2017 4:24:00 PM,2,0,0,36.154820,-86.795170,HAYES ST,,,,0.00,Feet,,17TH AVN,,,,0.00,Y,Four-Way,N,Non-Junction,None,,,         ,Willie,Reaves,Clear,"Sideswipe, Same Direction",no,no,no,no,yes,False
101572351,METROPOLITAN NASHVILLE POLICE DEPT,20170201829,Davidson,Nashville,3/3/2017 8:12:00 PM,2,0,0,36.152200,-86.842220,CHARLOTTE AV,,,,0.00,,,46TH AVN,,,,0.00,Y,Four-Way, ,Intersection,None,,,         ,Paxton,Montgomery,Clear,Front to Rear,no,no,no,no,no,False
101572354,METROPOLITAN NASHVILLE POLICE DEPT,20170201860,Davidson,Nashville,3/3/2017 8:10:00 PM,2,0,0,36.202500,-86.820480,BUENA VISTA PKE,,,,0.00,,,W TRINITY LN,,,,0.00,Y,T-Intersection, ,Intersection,None,,,         ,Michael,Brooks,Clear,"Sideswipe, Same Direction",no,no,no,no,no,False
101572400,METROPOLITAN NASHVILLE POLICE DEPT,2017-0201311,Davidson,Nashville,3/3/2017 5:08:00 PM,2,0,0,36.208770,-86.794740,FREE SILVER RD,,,,0.00,,,WHITES CREEK PKE,,,,0.00,Y,T-Intersection, ,Intersection,None,,,         ,Cameron,Brown,Clear,Angle,no,no,no,no,no,False
101572401,METROPOLITAN NASHVILLE POLICE DEPT,20170201819,Davidson,Nashville,3/3/2017 3:00:00 PM,2,0,0,36.078650,-86.726050,NOLENSVILLE PKE,,,,354.00,Feet,South,HARDING PL,,,,0.00,N,Not at Intersection, ,Non-Junction,None,,,         ,Nicholas,Carroll,Clear,"Sideswipe, Same Direction",no,no,no,no,no,False
101572417,METROPOLITAN NASHVILLE POLICE DEPT,20170201986,Davidson,Nashville,3/3/2017 12:00:00 AM,2,0,0,36.175750,-86.750690,RUSSELL ST,,,,162.00,Feet,West,S 11TH ST,,,,0.00,N,Not at Intersection, ,Non-Junction,None,,,         ,Alexander,Georgeson,Clear,Unknown,no,no,no,no,yes,False