master_record_number,agency,agency_tracking_number,county,city,collision_date,vehicles_involved,number_injured,number_dead,latitude,longitude,roadway_name,roadway_suffix,roadway_number,roadway_local_id,distance_from_reference,miles-feet_indicator,direction_from_reference,intersection_road_name,intersection_road_name_suffix,intersection_road_number,intersection_local_id,mile_marker,intersection_indicator,intersect_type,interchange_related_indicator,relation_to_junction,work_zone_type,construction_maintenance_zone,construction_maintenance_zone_location,fatal_case_number,officer_first_name,officer_last_name,weather_condition(s),manner_of_crash,pedestrian,bicycle,scooter,parking,hitrun,mou
101573324,METROPOLITAN NASHVILLE POLICE DEPT,20170204144,Davidson,Nashville,3/4/2017 6:07:00 PM,4,0,0,36.085510,-86.699620,I 24,,,,0.00,,,,,,,55.80,N,Not at Intersection, ,Non-Junction,None,,,         ,Nakia,Reid,Clear,Front to Rear,no,no,no,no,no,False
101573325,METROPOLITAN NASHVILLE POLICE DEPT,20170204278,Davidson,Nashville,3/4/2017 7:20:00 PM,2,0,0,36.153840,-86.756080,HERMITAGE AV,,,,0.00,,,FAIRFIELD AV,,,,0.00,Y,T-Intersection, ,Intersection,None,,,         ,Tyler,Maupin,Clear,"Sideswipe, Same Direction",no,no,no,no,no,False
101573326,METROPOLITAN NASHVILLE POLICE DEPT,20170204289,Davidson,Nashville,3/4/2017 6:52:00 PM,2,0,0,36.157850,-86.778580,DEMONBREUN ST,,,,0.00,,,6TH AVS,,,,0.00,Y,Four-Way, ,,None,,,         ,Jason,Thomas,,,no,no,no,no,no,False
101573335,METROPOLITAN NASHVILLE POLICE DEPT,20170204247,Davidson,Nashville,3/4/2017 6:38:00 PM,2,0,0,36.030470,-86.743980,EDMONDSON PKE,,,,0.00,Feet,,CLOVERLAND DR,,,,0.00,Y,Four-Way, ,Intersection-Related,None,,,         ,Ryan,Cagle,Clear,Angle,no,no,no,no,no,False
101573336,METROPOLITAN NASHVILLE POLICE DEPT,20170204241,Davidson,Nashville,3/4/2017 6:30:00 PM,2,0,0,36.147300,-86.757920,LAFAYETTE ST,,,,0.00,,,FAIRFIELD AV,,,,0.00,Y,Four-Way, ,Intersection,None,,,         ,John,Kelley,Clear,HeadOn,no,no,no,no,no,False
101573338,METROPOLITAN NASHVILLE POLICE DEPT,20170204359,Davidson,Nashville,3/4/2017 7:35:00 PM,2,0,0,36.174190,-86.809450,FORMOSA ST,,,,244.00,Feet,West,DR D B TODD JR BLVD,,,,0.00,N,Not at Intersection,N,Non-Junction,None,,,         ,Thomas,Burns,Clear,Front to Rear,no,no,no,no,yes,False
101573344,METROPOLITAN NASHVILLE POLICE DEPT,20170204132,Davidson,Nashville,3/4/2017 6:11:00 PM,2,0,0,36.211480,-86.921030,OLD HICKORY BLVD,,,,0.00,,,ASHLAND CITY HWY,,,,0.00,Y,Four-Way, ,Intersection,None,,,         ,Christopher,Templin,Clear,"Sideswipe, Opposite Direction",no,no,no,no,no,False
101573345,METROPOLITAN NASHVILLE POLICE DEPT,20170204205,Davidson,Nashville,3/4/2017 6:30:00 PM,2,0,0,36.150920,-86.798980,20TH AVS,,,,150.00,Feet,South,WEST END AV,,,,0.00,N,Not at Intersection, ,Non-Junction,None,,,         ,Maria,Cortez,Clear,Front to Rear,no,no,no,no,no,Campus
101573347,METROPOLITAN NASHVILLE POLICE DEPT,20170204133,Davidson,Nashville,3/4/2017 6:10:00 PM,4,2,0,36.061700,-86.740300,EDMONDSON PKE,,,,0.00,,,ELLINGTON AG CENTER PVTDR,,,,0.00,Y,T-Intersection,N,Non-Junction,None,,,         ,Luis,De Los Santos,Clear,Front to Rear,no,no,no,no,no,False
101573389,METROPOLITAN NASHVILLE POLICE DEPT,20170204504,Davidson,Nashville,3/4/2017 8:23:00 PM,2,0,0,36.046700,-86.661640,I 24,,,,0.00,,,,,,,59.25,N,Not at Intersection, ,,None,,,         ,Richard,Olive,,,no,no,no,no,no,False
101573427,METROPOLITAN NASHVILLE POLICE DEPT,20170204539,Davidson,Nashville,3/4/2017 7:10:00 PM,2,0,0,36.140800,-86.815290,32ND AVS,,,,0.00,,,VANDERBILT PL,,,,0.00,Y,T-Intersection,N,Intersection-Related,None,,,         ,Maria,Cortez,Clear,Front to Rear,no,no,no,no,yes,Campus
101573442,METROPOLITAN NASHVILLE POLICE DEPT,20170204106,Davidson,Nashville,3/4/2017 4:35:00 PM,2,0,0,36.037960,-86.784320,OLD HICKORY BLVD,,,,172.00,Feet,East,I65 S EXT RAMP,,,,0.00,N,Not at Intersection,N,Entrance/Exit Ramp Related,None,,,         ,Eric,Thomas,Clear,Front to Rear,no,no,no,no,no,False
101573443,METROPOLITAN NASHVILLE POLICE DEPT,20170204394,Davidson,Nashville,3/4/2017 7:00:00 PM,2,0,0,36.161540,-86.775970,3RD AVS,,,,0.00,,,BROADWAY,,,,0.00,Y,OTHER,N,Non-Junction,None,,,         ,Gregory,Scott,Clear,"Sideswipe, Same Direction",no,no,no,yes,yes,False
101573449,GOODLETTSVILLE POLICE DEPT,17-08267,Davidson,Goodlettsville,3/4/2017 7:45:00 PM,1,0,0,36.326110,-86.714070,N MAIN ST,,,,26.00,Feet,North,OLD BRICK CHURCH PKE,,,,0.00,N,Not at Intersection,N,Non-Junction,None,,,         ,Benny,Alexander,Clear,Not Collision with Motor Vehicle in Transport,no,no,no,no,yes,False
101573451,METROPOLITAN NASHVILLE POLICE DEPT,20170204570,Davidson,Antioch,3/4/2017 9:05:00 PM,2,0,0,36.014950,-86.619890,I24 W EXT RAMP,,,,0.00,,,I 24,,,,0.00,Y,Four-Way, ,Entrance/Exit Ramp Related,None,,,         ,Jedidayah,Merriweather,Clear,Front to Rear,no,no,no,no,no,False
101573468,METROPOLITAN NASHVILLE POLICE DEPT,20170204702,Davidson,Nashville,3/4/2017 10:19:00 PM,2,0,0,36.085560,-86.701430,I24 E ENT RAMP,,,,0.00,,,I 24,,,,0.00,Y,Four-Way,N,Non-Junction,Construction Zone,Work On Shoulder Or Median,Advanced Warning Area,         ,Jeffrey,Livingston,Clear,Front to Rear,no,no,no,no,no,False
101573476,METROPOLITAN NASHVILLE POLICE DEPT,20170204678,Davidson,Nashville,3/4/2017 10:02:00 PM,1,1,0,36.103760,-86.667330,MURFREESBORO PKE,,,,0.00,,,,,,,0.00,,,N,Non-Junction,None,,,         ,Brian,Smith,Clear,Not Collision with Motor Vehicle in Transport,no,no,no,no,yes,False
101573488,METROPOLITAN NASHVILLE POLICE DEPT,20170204881,Davidson,Antioch,3/4/2017 10:16:00 PM,1,0,0,36.059520,-86.596740,HOBSON PIKE,PIKE,,,300.00,Feet,South,WINDCREST,TRL,,,0.00,N,Not at Intersection, ,Non-Junction,None,,,         ,William,Coy,Clear,Not Collision with Motor Vehicle in Transport,no,no,no,no,no,False
101573496,METROPOLITAN NASHVILLE POLICE DEPT,20170204880,Davidson,Nashville,3/4/2017 11:45:00 PM,1,1,0,36.053970,-86.667440,HICKORY HOLLOW PKWY,,,,1462.00,Feet,East,MT VIEW RD,,,,0.00,N,Not at Intersection,N,Non-Junction,None,,,         ,Autumn,Manning,Clear,Not Collision with Motor Vehicle in Transport,no,no,no,no,no,False
101573501,METROPOLITAN NASHVILLE POLICE DEPT,20170205053,Davidson,Nashville,3/5/2017 12:45:00 AM,1,0,0,36.091240,-86.651280,MURFREESBORO PKE,,,,0.00,,,BRITISH WOODS DR,,,,0.00,Y,T-Intersection, ,Intersection-Related,None,,,         ,William,Coy,Clear,Not Collision with Motor Vehicle in Transport,no,no,no,no,no,False
101573526,GOODLETTSVILLE POLICE DEPT,17-08290,Davidson,Goodlettsville,3/5/2017 1:30:00 AM,1,0,0,36.305440,-86.718730,DICKERSON PKES,,,,93.00,Feet,North,OLD DICKERSON PKE,,,,0.00,N,Not at Intersection,N,Non-Junction,None,,,         ,Benny,Alexander,Clear,Not Collision with Motor Vehicle in Transport,no,no,no,no,no,False
101573527,METROPOLITAN NASHVILLE POLICE DEPT,20170204903,Davidson,Nashville,3/4/2017 11:50:00 PM,2,0,0,36.153250,-86.794010,17TH AVS,,,,0.00,,,BROADWAY,,,,0.00,Y,T-Intersection, ,Intersection,None,,,         ,Craig,Oakley,Clear,Angle,no,no,no,no,no,False
101573542,METROPOLITAN NASHVILLE POLICE DEPT,20170204820,Davidson,Nashville,3/4/2017 11:20:00 PM,2,0,0,36.163540,-86.777280,3RD AVN,,,,265.00,Feet,North,COMMERCE ST,,,,0.00,N,Not at Intersection, ,Non-Junction,None,,,         ,Melvin,Foster,Clear,"Sideswipe, Opposite Direction",no,no,no,no,no,False
101573564,METROPOLITAN NASHVILLE POLICE DEPT,20170205306,Davidson,Nashville,3/5/2017 3:44:00 AM,1,0,0,36.067840,-86.917220,OLD HICKORY BLVD,,,,376.00,Feet,North,DEVON WAY CT,,,,0.00,N,Not at Intersection,N,Non-Junction,None,,,         ,Jeffrey,Barfield,Clear,Not Collision with Motor Vehicle in Transport,no,no,no,no,no,False
101573566,METROPOLITAN NASHVILLE POLICE DEPT,20170205310,Davidson,Not in City Limit,3/5/2017 3:30:00 AM,1,0,0,36.264140,-86.736140,I65 N EXT RAMP,,,,0.00,,,I 65,,,,0.00,Y,T-Intersection,N,Entrance/Exit Ramp Related,None,,,         ,Cheri,Cox,Clear,Not Collision with Motor Vehicle in Transport,no,no,no,no,yes,False
101573570,METROPOLITAN NASHVILLE POLICE DEPT,20170205016,Davidson,Nashville,3/5/2017 12:43:00 AM,2,0,0,36.149280,-86.797800,DIVISION ST,,,,136.00,Feet,South,BROADWAY,,,,0.00,N,Not at Intersection,N,Non-Junction,None,,,         ,Brian,Birch,Clear,"Sideswipe, Same Direction",no,no,no,no,yes,False
101573578,METROPOLITAN NASHVILLE POLICE DEPT,20170205447,Davidson,Nashville,3/5/2017 5:51:00 AM,1,1,0,36.134020,-86.722560,MURFREESBORO PKE,,,,0.00,,,PLUS PARK BLVD,,,,0.00,Y,T-Intersection,Y,Intersection,None,,,         ,Dale,Dameron,Clear,Not Collision with Motor Vehicle in Transport,no,no,no,no,no,False
101573579,METROPOLITAN NASHVILLE POLICE DEPT,20170205356,Davidson,Nashville,3/5/2017 4:31:00 AM,1,1,0,36.095800,-86.624900,BELL RD,,,,480.00,Feet,East,HARBOR LIGHTS DR,,,,0.00,N,Not at Intersection,N,Non-Junction,None,,,         ,Robert,Fondren,Clear,Not Collision with Motor Vehicle in Transport,no,no,no,no,no,False
101573580,METROPOLITAN NASHVILLE POLICE DEPT,20170205416,Davidson,Nashville,3/5/2017 4:32:00 AM,2,1,0,36.085650,-86.624540,GOODWIN DR,,,,124.00,Feet,North,GOODWIN CT,,,,0.00,N,Not at Intersection,N,Non-Junction,None,,,         ,Bridget,Griepentrog,Clear,Angle,no,no,no,no,no,False
101573586,VANDERBILT UNIVERSITY POLICE,17-0205419,Davidson,Nashville,3/5/2017 5:10:00 AM,1,0,0,36.146410,-86.804750,WEST SIDE ROW,,,,0.00,,,,,,,0.00,,, ,,None,,,         ,Martin,Hill,,,no,no,no,yes,no,Campus
101573593,METROPOLITAN NASHVILLE POLICE DEPT,20170205369,Davidson,Nashville,3/5/2017 4:42:00 AM,2,0,0,36.070370,-86.667180,APOLLO DR,,,,0.00,,,APOLLO CIR,,,,0.00,,Not at Intersection,N,Non-Junction,None,,,         ,Dezmond,Hughes,Clear,Angle,no,no,no,no,no,False
101573624,METROPOLITAN NASHVILLE POLICE DEPT,20170205347,Davidson,Nashville,3/5/2017 4:23:00 AM,1,1,0,36.204670,-86.750130,E TRINITY LN,,,,0.00,,,ELLINGTON PKWYS,,,,0.00,Y,T-Intersection,N,Non-Junction,None,,,         ,Juan,Gonzalez,Clear,Not Collision with Motor Vehicle in Transport,no,no,no,no,no,False
101573727,METROPOLITAN NASHVILLE POLICE DEPT,20170205729,Davidson,Nashville,3/5/2017 8:55:00 AM,3,0,0,36.221470,-86.773740,I 65,,,,0.00,,,,,,,88.40,N,Not at Intersection,N,Non-Junction,None,,,         ,Anthony,Rizo,Clear,Angle,no,no,no,no,no,False
101573728,METROPOLITAN NASHVILLE POLICE DEPT,20170205799,Davidson,Nashville,3/5/2017 9:00:00 AM,1,0,0,36.187840,-86.606800,OLD LEBANON DIRT RD,,,,141.00,Feet,East,CHANDLER RD,,,,0.00,N,Not at Intersection, ,"Driveway, Alley Access, etc",None,,,         ,Gregory,Lindstrom,Clear,Not Collision with Motor Vehicle in Transport,no,no,no,yes,no,False
101573826,METROPOLITAN NASHVILLE POLICE DEPT,20170206026,Davidson,Nashville,3/5/2017 12:00:00 AM,2,0,0,36.060940,-86.632710,HAMILTON CHURCH RD,,,,844.00,Feet,South,HAMILTON CROSSINGS,,,,0.00,N,Not at Intersection, ,Non-Junction,None,,,         ,Blake,Lutz,Clear,Angle,no,no,no,no,yes,False
101573829,METROPOLITAN NASHVILLE POLICE DEPT,20170206048,Davidson,Nashville,3/5/2017 12:45:00 PM,2,0,0,36.146060,-86.810240,WEST END AV,,,,0.00,Feet,East,CENTENNIAL PARK PVTDR,,,,0.00,N,Not at Intersection, ,,None,,,         ,Citlaly,Juarez,,,no,no,no,no,no,Campus
101573842,METROPOLITAN NASHVILLE POLICE DEPT,20170205671,Davidson,Nashville,3/5/2017 8:20:00 AM,1,1,0,36.100960,-86.724110,ANTIOCH PKE,,,,271.00,Feet,East,DUMAS DR,,,,0.00,N,Not at Intersection,N,Non-Junction,None,,,         ,Lee,Davis,Clear,Not Collision with Motor Vehicle in Transport,no,no,no,no,no,False
101573843,METROPOLITAN NASHVILLE POLICE DEPT,20170205958,Davidson,Nashville,3/5/2017 11:05:00 AM,2,1,0,36.187240,-86.727980,ROSEBANK AV,,,,0.00,,,MCCARN ST,,,,0.00,Y,T-Intersection,N,Intersection-Related,None,,,         ,Eric,Knight,Clear,Angle,no,no,no,no,yes,False
101573845,METROPOLITAN NASHVILLE POLICE DEPT,20170206064,Davidson,Nashville,3/5/2017 12:35:00 PM,2,2,0,36.133150,-86.892060,CHARLOTTE PKE,,,,631.00,Feet,West,HILLWOOD PRIVATE CV,,,,0.00,N,Not at Intersection,N,Non-Junction,None,,,         ,Benjamin,Cantrell,Clear,Angle,no,no,no,no,no,False
101573846,METROPOLITAN NASHVILLE POLICE DEPT,20170206004,Davidson,Nashville,3/5/2017 11:55:00 AM,2,0,0,36.191840,-86.673760,MCGAVOCK PKE,,,,20.00,Feet,South,TWO RIVERS PARK PVTDR,,,,0.00,N,Not at Intersection, ,Non-Junction,None,,,         ,Gerry,Hutcheson,Cloudy,Front to Rear,no,no,no,no,no,False
101573897,METROPOLITAN NASHVILLE POLICE DEPT,20170206104,Davidson,Nashville,3/5/2017 1:10:00 PM,2,0,0,36.144610,-86.813080,WEST END AV,,,,21.00,Feet,East,29TH AVN,,,,0.00,N,Not at Intersection, ,,None,,,         ,Citlaly,Juarez,,,no,no,no,no,no,Campus
101573938,METROPOLITAN NASHVILLE POLICE DEPT,20170206074,Davidson,Not in City Limit,3/5/2017 12:42:00 PM,2,0,0,36.270210,-86.736410,I 65,,,,0.00,,,,,,,92.65,N,Not at Intersection,N,Non-Junction,None,,,         ,Spencer,Pittman,Cloudy,"Sideswipe, Same Direction",no,no,no,no,yes,False
101573941,METROPOLITAN NASHVILLE POLICE DEPT,20170206069,Davidson,Nashville,3/5/2017 12:20:00 PM,2,0,0,36.161140,-86.784880,CHURCH ST,,,,0.00,,,YMCA WAY,,,,0.00,Y,T-Intersection, ,Intersection,None,,,         ,William,Gibbs,Clear,Front to Rear,no,no,no,no,no,False
101573982,METROPOLITAN NASHVILLE POLICE DEPT,20170205901,Davidson,Nashville,3/5/2017 10:46:00 AM,2,4,0,36.153000,-86.857610,BRILEY PKWY,,,,0.00,,,I40 W EXT RAMP,,,,0.00,Y,Four-Way,Y,Entrance/Exit Ramp Related,None,,,         ,Michael,Pyle,Cloudy,Angle,no,no,no,no,no,False
101574022,METROPOLITAN NASHVILLE POLICE DEPT,20170206096,Davidson,Nashville,3/5/2017 12:55:00 PM,3,0,0,36.146450,-86.762960,TRIMBLE ST,,,,0.00,,,WHARF AV,,,,0.00,Y,T-Intersection,N,Intersection,None,,,         ,David,Simmonds,Clear,Angle,no,no,no,no,no,False
101574043,METROPOLITAN NASHVILLE POLICE DEPT,20170206192,Davidson,Nashville,3/5/2017 2:50:00 PM,1,1,0,36.089190,-86.720560,PARAGON MILLS RD,,,,57.00,Feet,East,DEWAIN DR,,,,0.00,N,Not at Intersection,N,Non-Junction,None,,,         ,Andrew,Mullen,Cloudy,Not Collision with Motor Vehicle in Transport,no,no,no,no,no,False
101574050,METROPOLITAN NASHVILLE POLICE DEPT,20170206324,Davidson,Nashville,3/5/2017 4:03:00 PM,1,1,0,36.153540,-86.788070,I 40,,,,0.00,,,,,,,209.30,N,Not at Intersection,N,Non-Junction,None,,,         ,Edin,Plancic,Cloudy,Not Collision with Motor Vehicle in Transport,no,no,no,no,no,False
101574055,METROPOLITAN NASHVILLE POLICE DEPT,20170206320,Davidson,Nashville,3/4/2017 9:55:00 PM,2,0,0,36.103950,-86.718510,TWIN OAKS DR,,,,60.00,Feet,East,TWIN OAKS CT,,,,0.00,N,Not at Intersection,N,Non-Junction,None,,,         ,William,McDaniel,Clear,Rear to Rear,no,no,no,yes,yes,False
101574057,VANDERBILT UNIVERSITY POLICE,17-0206360,Davidson,Nashville,3/5/2017 4:10:00 PM,2,0,0,36.107190,-86.764110,POWELL AV,,,,0.00,,,,,,,0.00,,, ,OtherLocation,None,,,         ,William,Amburn,Cloudy,Angle,no,no,no,yes,no,OHO
101574059,METROPOLITAN NASHVILLE POLICE DEPT,20170206293,Davidson,Nashville,3/5/2017 3:39:00 PM,2,1,0,36.072460,-86.636750,MURFREESBORO PKE,,,,271.00,Feet,North,BELL RD,,,,0.00,N,Not at Intersection,N,Non-Junction,None,,,         ,Kimberly,Annson,Cloudy,Front to Rear,no,no,no,no,no,False
101574099,METROPOLITAN NASHVILLE POLICE DEPT,2017-0205955,Davidson,Nashville,3/5/2017 11:11:00 AM,2,2,0,36.089530,-86.804790,HARDING PL,,,,367.00,Feet,East,BELMONT PARK TER,,,,0.00,N,Not at Intersection,Y,Non-Junction,None,,,         ,Sean,Williams,Clear,Angle,no,no,no,no,no,False
101574105,METROPOLITAN NASHVILLE POLICE DEPT,20170206447,Davidson,Nashville,3/5/2017 4:30:00 PM,1,0,0,36.069960,-86.677280,WAIKIKI BLVD,,,,61.00,Feet,South,DIAMONDHEAD CT,,,,0.00,N,Not at Intersection, ,Non-Junction,None,,,         ,Eric,Keller,Clear,Not Collision with Motor Vehicle in Transport,no,no,no,yes,yes,False
101574106,METROPOLITAN NASHVILLE POLICE DEPT,20170206387,Davidson,Nashville,3/5/2017 4:22:00 PM,2,0,0,36.194240,-86.830690,BUENA VISTA PKE,,,,151.00,Feet,South,RESHA LN,,,,0.00,N,Not at Intersection, ,Non-Junction,None,,,         ,Victor,Alexander,Cloudy,Angle,no,no,no,yes,yes,False
101574109,METROPOLITAN NASHVILLE POLICE DEPT,20170206420,Davidson,Nashville,3/5/2017 4:11:00 PM,2,0,0,36.192880,-86.623830,JUAREZ DR,,,,0.00,,,LEBANON PKE,,,,0.00,Y,Four-Way, ,Intersection,None,,,         ,Mikala,Moore,Cloudy,Angle,no,no,no,no,no,False
101574127,METROPOLITAN NASHVILLE POLICE DEPT,20170206330,Davidson,Nashville,3/5/2017 4:10:00 PM,2,0,0,36.069650,-86.694450,HAYWOOD LN,,,,161.00,Feet,West,EZELL RD,,,,0.00,N,Not at Intersection,N,Unknown,None,,,         ,Nakia,Reid,Cloudy,Front to Rear,no,no,no,no,no,False
101574129,METROPOLITAN NASHVILLE POLICE DEPT,2017-0206225,Davidson,Nashville,3/5/2017 2:29:00 PM,2,0,0,36.140677,-86.732245,I-40W,JCT,,,0.00,Feet,North,,,I,,21.20,N,Not at Intersection, ,Non-Junction,None,,,         ,Phouthasone,Phantakou,Clear,"Sideswipe, Same Direction",no,no,no,no,no,False
101574132,METROPOLITAN NASHVILLE POLICE DEPT,20170206383,Davidson,Nashville,3/5/2017 4:20:00 PM,2,0,0,36.108600,-86.812170,HILLSBORO PKE,,,,32.00,Feet,South,GLEN ECHO RD,,,,0.00,N,Not at Intersection, ,Non-Junction,None,,,         ,Akira,McSwain,Clear,Front to Rear,no,no,no,no,no,False
101574137,METROPOLITAN NASHVILLE POLICE DEPT,20170206357,Davidson,Nashville,3/5/2017 4:10:00 PM,2,0,0,36.069390,-86.692740,HAYWOOD LN,,,,0.00,,,HAYWOOD SQUARE PVTDR,,,,0.00,Y,T-Intersection,N,Intersection,None,,,         ,Marcus,Darden,Clear,Angle,no,no,no,no,no,False
101574161,METROPOLITAN NASHVILLE POLICE DEPT,20170206508,Davidson,Not in City Limit,3/5/2017 5:23:00 PM,2,0,0,36.061900,-86.942140,BEECH BEND DR,,,,236.00,Feet,East,OLD HARDING PKE,,,,0.00,N,Not at Intersection, ,Non-Junction,None,,,         ,Jessica,Scott,Rain,"Sideswipe, Same Direction",no,no,no,no,no,False
101574204,METROPOLITAN NASHVILLE POLICE DEPT,20170206664,Davidson,Nashville,3/5/2017 6:53:00 PM,2,1,0,36.156580,-86.787480,12TH AVS,,,,0.00,Feet,East,BROADWAY,,,,0.00,N,Not at Intersection,N,Non-Junction,None,,,         ,Gregory,Scott,Clear,Angle,no,no,no,no,no,False
101574216,METROPOLITAN NASHVILLE POLICE DEPT,20170206744,Davidson,Nashville,3/5/2017 7:30:00 PM,2,0,0,36.045340,-86.702360,OLD HICKORY BLVD,,,,201.00,Feet,West,BELL RD,,,,0.00,N,Not at Intersection,N,Non-Junction,None,,,         ,Andrew,Swint,Cloudy,Angle,no,no,no,no,no,False
101574227,METROPOLITAN NASHVILLE POLICE DEPT,20170206720,Davidson,Not in City Limit,3/5/2017 7:22:00 PM,2,1,0,36.264130,-86.726570,OLD HICKORY BLVDW,,,,0.00,,,RONNIE RD,,,,0.00,Y,T-Intersection,N,Intersection,None,,,         ,Christopher,Littles,Clear,"Sideswipe, Opposite Direction",no,no,no,no,no,False
101574233,METROPOLITAN NASHVILLE POLICE DEPT,20170206667,Davidson,Nashville,3/5/2017 6:50:00 PM,2,0,0,36.080040,-86.703480,WALLACE RD,,,,139.00,Feet,North,WILLARD DR,,,,0.00,N,Not at Intersection,N,"Driveway, Alley Access, etc",None,,,         ,Nakia,Reid,Clear,"Sideswipe, Opposite Direction",no,no,no,yes,yes,False
101574236,METROPOLITAN NASHVILLE POLICE DEPT,20170206644,Davidson,Nashville,3/5/2017 6:40:00 PM,2,1,0,36.120820,-86.779280,KIRKWOOD AV,,,,0.00,,,VAULX LN,,,,0.00,Y,Four-Way,N,Intersection,None,,,         ,Katelin,Ehrhardt,Clear,Angle,no,no,no,no,no,False
101574248,BERRY HILL POLICE DEPT,17-0787,Davidson,Berry Hill,3/5/2017 7:42:00 PM,1,0,0,36.122560,-86.775860,FRANKLIN PKE,,,,0.00,,,BILOXI AV,,,,0.00,Y,OTHER, ,Non-Junction,None,,,         ,Stephen,Reece,Clear,Not Collision with Motor Vehicle in Transport,no,no,no,no,no,False
101574304,METROPOLITAN NASHVILLE POLICE DEPT,20170206901,Davidson,Nashville,3/5/2017 8:54:00 PM,2,0,0,36.150000,-86.800860,21ST AVS,,,,209.00,Feet,South,WEST END AV,,,,0.00,N,Not at Intersection,N,Non-Junction,None,,,         ,Katelin,Ehrhardt,Clear,HeadOn,no,no,no,no,yes,Campus
101574308,METROPOLITAN NASHVILLE POLICE DEPT,20170206832,Davidson,Nashville,3/5/2017 7:48:00 PM,2,0,0,36.168880,-86.684000,LEBANON PKE,,,,109.00,Feet,West,THE CROSSINGS PVTDR,,,,0.00,N,Not at Intersection, ,Non-Junction,None,,,         ,Mikala,Moore,Clear,Front to Rear,no,no,no,no,no,False
101574309,METROPOLITAN NASHVILLE POLICE DEPT,20170206898,Davidson,Nashville,3/5/2017 9:15:00 PM,2,2,0,36.147300,-86.666380,DONELSON PKE,,,,495.00,Feet,North,ROYAL PKWY,,,,0.00,N,Not at Intersection,N,Non-Junction,None,,,         ,Mikala,Moore,Clear,Angle,no,no,no,no,no,False
101574316,METROPOLITAN NASHVILLE POLICE DEPT,20170206935,Davidson,Nashville,3/5/2017 12:00:00 AM,2,0,0,36.205120,-86.757620,E TRINITY LN,,,,0.00,Feet,,JONES AV,,,,0.00,Y,Four-Way,N,Intersection,None,,,         ,Gordon,Stovall,Clear,Front to Rear,no,no,no,no,no,False
101574368,BERRY HILL POLICE DEPT,17-0780,Davidson,Berry Hill,3/5/2017 12:00:00 AM,1,1,0,36.115110,-86.763840,E IRIS DR,,,,125.00,Feet,South,DOGWOOD PL,,,,0.00,N,Not at Intersection,N,Non-Junction,None,,,         ,Roy,Yoquelet,Cloudy,Not Collision with Motor Vehicle in Transport,no,no,no,no,no,False
101574372,METROPOLITAN NASHVILLE POLICE DEPT,20170206640,Davidson,Nashville,3/5/2017 6:45:00 PM,2,2,0,36.153340,-86.686730,ELM HILL PKE,,,,0.00,,,ERMAC DR,,,,0.00,Y,T-Intersection,Y,Intersection,None,,,         ,Brent,Hedgcoth,Clear,Angle,no,no,no,no,no,False
101574376,METROPOLITAN NASHVILLE POLICE DEPT,20170206946,Davidson,Nashville,3/5/2017 3:00:00 PM,2,0,0,36.131880,-86.895530,CHARLOTTE PKE,,,,0.00,,,I40 E ENT RAMP,,,,0.00,Y,T-Intersection, ,,None,,,         ,Phillip,Black,,,no,no,no,no,no,False
101574377,METROPOLITAN NASHVILLE POLICE DEPT,20170207036,Davidson,Nashville,3/5/2017 10:46:00 PM,2,2,0,36.159070,-86.664590,DONELSON PKE,,,,0.00,,,MCCAMPBELL AV,,,,0.00,Y,T-Intersection,N,Intersection,None,,,         ,Robert,Fondren,Cloudy,Front to Rear,no,no,no,no,no,False
101574387,METROPOLITAN NASHVILLE POLICE DEPT,20170207267,Davidson,Nashville,3/5/2017 10:21:00 PM,2,0,0,36.109450,-86.728050,BRILEY PKWYN,,,,0.00,,,BRILEY PKWYS,,,,0.00,Y,Four-Way,N,Intersection-Related,None,,,         ,Brian,Mclarty,Unknown,Front to Rear,no,no,no,no,yes,False
101574393,METROPOLITAN NASHVILLE POLICE DEPT,2017-0207303,Davidson,Nashville,3/6/2017 12:00:00 AM,2,0,0,36.148510,-86.793810,CHET ATKINS PL,,,,100.00,Feet,West,MUSIC SQW,,,,0.00,N,Not at Intersection,N,Non-Junction,None,,,         ,Matthew,Moses,Cloudy,Front to Rear,no,no,no,no,yes,False
101574446,METROPOLITAN NASHVILLE POLICE DEPT,20170207437,Davidson,Nashville,3/6/2017 2:00:00 AM,1,0,0,36.059540,-86.622710,MURFREESBORO PKE,,,,2563.00,Feet,South,HAMILTON CHURCH RD,,,,0.00,N,Not at Intersection,N,Non-Junction,None,,,         ,William,Coy,Clear,Not Collision with Motor Vehicle in Transport,no,no,no,no,no,False
101574456,METROPOLITAN NASHVILLE POLICE DEPT,20170207476,Davidson,Nashville,3/6/2017 3:03:00 AM,1,1,0,36.074470,-86.689630,BAKERTOWN RD,,,,18.00,Feet,South,DERRICK CT,,,,0.00,N,Not at Intersection,N,Non-Junction,None,,,         ,Autumn,Manning,Rain,Not Collision with Motor Vehicle in Transport,no,no,no,no,no,False
101574474,METROPOLITAN NASHVILLE POLICE DEPT,20170207648,Davidson,Nashville,3/6/2017 4:58:00 AM,2,2,0,36.126700,-86.711090,EAST THOMPSON LN,,,,0.00,,,MURFREESBORO PKE,,,,0.00,Y,Four-Way,Y,Intersection,None,,,         ,Dale,Dameron,Cloudy,Angle,no,no,no,no,no,False