master_record_number,agency,agency_tracking_number,county,city,collision_date,vehicles_involved,number_injured,number_dead,latitude,longitude,roadway_name,roadway_suffix,roadway_number,roadway_local_id,distance_from_reference,miles-feet_indicator,direction_from_reference,intersection_road_name,intersection_road_name_suffix,intersection_road_number,intersection_local_id,mile_marker,intersection_indicator,intersect_type,interchange_related_indicator,relation_to_junction,work_zone_type,construction_maintenance_zone,construction_maintenance_zone_location,fatal_case_number,officer_first_name,officer_last_name,weather_condition(s),manner_of_crash,pedestrian,bicycle,scooter,parking,hitrun,mou
101575887,METROPOLITAN NASHVILLE POLICE DEPT,20170212837,Davidson,Nashville,3/7/2017 3:33:00 PM,2,0,0,36.082070,-86.712370,HARDING PL,,,,407.00,Feet,East,RICHBRIAR CIR,,,,0.00,N,Not at Intersection,N,Non-Junction,None,,,         ,Alyson,Cook,Clear,Rear to Side,no,no,no,yes,yes,False
101575891,METROPOLITAN NASHVILLE POLICE DEPT,20170212638,Davidson,Nashville,3/7/2017 2:43:00 PM,4,0,0,36.139820,-86.887790,I 40,,,,0.00,,,,,,,202.00,N,Not at Intersection,N,Non-Junction,None,,,         ,Walter,Gray II,Rain,"Sideswipe, Same Direction",no,no,no,no,yes,False
101575898,METROPOLITAN NASHVILLE POLICE DEPT,20170212865,Davidson,Nashville,3/7/2017 3:53:00 PM,3,0,0,36.127750,-86.789110,12TH AVS,,,,43.00,Feet,North,LINDEN AV,,,,0.00,N,Not at Intersection,N,Non-Junction,None,,,         ,Tien,Nguyen,Cloudy,"Sideswipe, Same Direction",no,no,no,no,no,False
101575899,METROPOLITAN NASHVILLE POLICE DEPT,20170212875,Davidson,Nashville,3/7/2017 3:57:00 PM,2,0,0,36.172740,-86.793540,JEFFERSON ST,,,,353.00,Feet,West,9TH AVN,,,,0.00,N,Not at Intersection,N,Non-Junction,None,,,         ,Nathaniel,Myers,Cloudy,Front to Rear,no,no,no,no,yes,False
101575906,METROPOLITAN NASHVILLE POLICE DEPT,20170212942,Davidson,Nashville,3/7/2017 4:23:00 PM,2,0,0,36.204360,-86.746100,E TRINITY LN,,,,402.00,Feet,East,KEELING AV,,,,0.00,N,Not at Intersection, ,,None,,,         ,Jonathan,Hadley,,,no,no,no,no,no,False
101575912,METROPOLITAN NASHVILLE POLICE DEPT,20170212909,Davidson,Nashville,3/7/2017 2:00:00 PM,2,0,0,36.177260,-86.787750,4TH AVN,,,,0.00,,,MONROE ST,,,,0.00,Y,Four-Way, ,Intersection,Construction Zone,,,         ,Landon,Bagwell,Cloudy,Angle,no,no,no,no,no,False
101575914,METROPOLITAN NASHVILLE POLICE DEPT,20170212617,Davidson,Nashville,3/7/2017 2:30:00 PM,2,0,0,36.101720,-86.738960,ANTIOCH PKE,,,,0.00,,,MCCOMBS AV,,,,0.00,Y,T-Intersection,Y,Intersection,None,,,         ,Jedidayah,Merriweather,Cloudy,Angle,no,no,no,no,no,False
101575923,METROPOLITAN NASHVILLE POLICE DEPT,20170212716,Davidson,Nashville,3/7/2017 2:56:00 PM,2,2,0,36.121840,-86.753150,I440 E EXT RAMP,,,,627.00,Feet,West,I 440,,,,0.00,N,Not at Intersection,N,Entrance/Exit Ramp Related,None,,,         ,Katelin,Ehrhardt,Cloudy,Front to Rear,no,no,no,no,no,False
101575928,METROPOLITAN NASHVILLE POLICE DEPT,20170212753,Davidson,Nashville,3/7/2017 3:08:00 PM,2,0,0,36.149250,-86.797860,DIVISION ST,,,,141.00,Feet,South,BROADWAY,,,,0.00,N,Not at Intersection, ,Non-Junction,None,,,         ,Tien,Nguyen,Cloudy,Rear to Side,no,no,no,no,no,False
101575941,METROPOLITAN NASHVILLE POLICE DEPT,20170212767,Davidson,Nashville,3/7/2017 3:20:00 PM,2,1,0,36.218000,-86.837190,CLARKSVILLE PKE,,,,186.00,Feet,South,KINGS LN,,,,0.00,N,Not at Intersection,N,Non-Junction,None,,,         ,Arend,Groeneweg,Clear,Angle,no,no,no,no,no,False
101575952,METROPOLITAN NASHVILLE POLICE DEPT,20170213026,Davidson,Nashville,3/7/2017 4:54:00 PM,3,0,0,36.136680,-86.663940,DONELSON PKE,,,,156.00,Feet,North,SATELLITE WAY ENT RAMP,,,,0.00,N,Not at Intersection, ,Non-Junction,None,,,         ,Mikala,Moore,Cloudy,Front to Rear,no,no,no,no,no,False
101575954,METROPOLITAN NASHVILLE POLICE DEPT,20170212961,Davidson,Nashville,3/7/2017 4:29:00 PM,2,0,0,36.168260,-86.765790,I 24,,,,0.00,,,,,,,48.80,N,Not at Intersection,N,Non-Junction,None,,,         ,Christopher,Valdez,Clear,Front to Rear,no,no,no,no,no,False
101575967,METROPOLITAN NASHVILLE POLICE DEPT,20170212985,Davidson,Nashville,3/7/2017 4:37:00 PM,2,2,0,36.153960,-86.818220,28TH AVN,,,,0.00,,,CHARLOTTE AV,,,,0.00,Y,OTHER,N,Non-Junction,None,,,         ,Ralph,Smith IV,Clear,Angle,no,no,no,no,no,False
101575981,METROPOLITAN NASHVILLE POLICE DEPT,20170213188,Davidson,Nashville,3/7/2017 5:44:00 PM,2,0,0,36.035810,-86.787300,FRANKLIN RD,,,,121.00,Feet,North,TOWN CENTER WAY,,,,0.00,N,Not at Intersection, ,Non-Junction,None,,,         ,Tien,Nguyen,Cloudy,Angle,no,no,no,no,no,False
101575987,METROPOLITAN NASHVILLE POLICE DEPT,20170213269,Davidson,Nashville,3/7/2017 5:34:00 PM,2,0,0,36.144800,-86.666730,DONELSON PKE,,,,155.00,Feet,South,SHACKLETT DR,,,,0.00,N,Not at Intersection, ,,None,,,         ,Mikala,Moore,,,no,no,no,no,no,False
101575996,METROPOLITAN NASHVILLE POLICE DEPT,20170213256,Davidson,Nashville,3/7/2017 6:00:00 PM,2,1,0,36.139600,-86.701090,KAREN DR,,,,0.00,,,DABBS AV,,,,0.00,Y,Four-Way,N,Intersection,None,,,         ,Patrick,Taylor,Clear,Angle,no,no,no,no,yes,False
101575997,METROPOLITAN NASHVILLE POLICE DEPT,20170213158,Davidson,Nashville,3/7/2017 5:20:00 PM,2,0,0,36.157370,-86.779710,DEMONBREUN ST,,,,0.00,,,7TH AVS,,,,0.00,Y,T-Intersection,N,Intersection,None,,,         ,Jason,King,Cloudy,"Sideswipe, Same Direction",no,no,no,no,yes,False
101575998,METROPOLITAN NASHVILLE POLICE DEPT,20170212860,Davidson,Nashville,3/7/2017 3:56:00 PM,2,0,0,36.248210,-86.742830,I 65,,,,0.00,,,,,,,91.05,N,Not at Intersection, ,Non-Junction,None,,,         ,Bradley,Campbell,Clear,"Sideswipe, Same Direction",no,no,no,no,no,False
101576001,METROPOLITAN NASHVILLE POLICE DEPT,20170212610,Davidson,Not in City Limit,3/7/2017 2:07:00 PM,2,0,0,36.279350,-86.708830,GALLATIN PKEN,,,,0.00,,,ONE MILE PKWY,,,,0.00,Y,T-Intersection, ,,None,,,         ,Christopher,Littles,,,no,no,no,no,no,False
101576002,METROPOLITAN NASHVILLE POLICE DEPT,20170213079,Davidson,Nashville,3/7/2017 5:06:00 PM,2,0,0,36.241840,-86.750120,I 65,,,,0.00,,,,,,,90.50,N,Not at Intersection, ,,None,,,         ,Christopher,Littles,,,no,no,no,no,no,False
101576003,METROPOLITAN NASHVILLE POLICE DEPT,20170212954,Davidson,Nashville,3/7/2017 4:27:00 PM,1,1,0,36.238860,-86.779360,BRILEY PKWY W EXT RAMP,,,,0.00,,,DOVERSIDE CT,,,,0.00,Y,OTHER,N,Entrance/Exit Ramp Related,None,,,         ,Christopher,Littles,Cloudy,Not Collision with Motor Vehicle in Transport,no,no,no,no,yes,False
101576005,METROPOLITAN NASHVILLE POLICE DEPT,20170213027,Davidson,Nashville,3/7/2017 4:43:00 PM,2,0,0,36.069790,-86.695880,KEELEY DR,,,,0.00,,,HAYWOOD LN,,,,0.00,Y,T-Intersection,N,Non-Junction,None,,,         ,Alyson,Cook,Clear,Angle,no,no,no,no,yes,False
101576008,GOODLETTSVILLE POLICE DEPT,17-08601,Davidson,Goodlettsville,3/7/2017 5:10:00 PM,2,0,0,36.306120,-86.703250,RIVERGATE,PKWY,,,175.00,Feet,West,RIVERGATE,DR,,,0.00,N,Not at Intersection,N,Non-Junction,None,,,         ,William,Hunter,Cloudy,"Sideswipe, Same Direction",no,no,no,no,yes,False
101576011,METROPOLITAN NASHVILLE POLICE DEPT,20170213224,Davidson,Nashville,3/7/2017 5:55:00 PM,1,1,0,36.206890,-86.716510,STRATFORD AV,,,,409.00,Feet,South,MCGAVOCK PKE,,,,0.00,N,Not at Intersection,N,Non-Junction,None,,,         ,James,Smith,Cloudy,Not Collision with Motor Vehicle in Transport,no,no,no,no,no,False
101576015,METROPOLITAN NASHVILLE POLICE DEPT,20170213018,Davidson,Nashville,3/7/2017 4:31:00 PM,2,0,0,36.070620,-86.636640,BELL RD,,,,473.00,Feet,South,MURFREESBORO PKE,,,,0.00,N,Not at Intersection,N,Non-Junction,None,,,         ,Alyson,Cook,Clear,Angle,no,no,no,no,no,False
101576021,METROPOLITAN NASHVILLE POLICE DEPT,20170213105,Davidson,Nashville,3/7/2017 4:00:00 PM,2,0,0,36.045370,-86.713260,NOLENSVILLE PKE,,,,0.00,,,OLD HICKORY BLVD,,,,0.00,Y,Four-Way, ,Intersection-Related,None,,,         ,Andrew,Swint,Cloudy,Front to Rear,no,no,no,no,no,False
101576022,METROPOLITAN NASHVILLE POLICE DEPT,20170213299,Davidson,Nashville,3/7/2017 6:08:00 PM,2,0,0,36.124130,-86.829750,WOODLAWN DR,,,,50.00,Feet,East,LYNNBROOK RD,,,,0.00,N,Not at Intersection,N,Non-Junction,None,,,         ,Walter,Gray II,Cloudy,Front to Rear,no,no,no,no,no,False
101576023,METROPOLITAN NASHVILLE POLICE DEPT,20170213166,Davidson,Nashville,3/7/2017 5:28:00 PM,2,0,0,36.071870,-86.636180,MURFREESBORO PKE,,,,0.00,,,BELL RD,,,,0.00,Y,Four-Way, ,Non-Junction,None,,,         ,Alyson,Cook,Clear,Front to Rear,no,no,no,no,no,False
101576024,METROPOLITAN NASHVILLE POLICE DEPT,20170213396,Davidson,Nashville,3/7/2017 7:00:00 PM,2,0,0,36.052880,-86.672100,I 24,,,,0.00,,,,,,,58.50,N,Not at Intersection, ,Non-Junction,None,,,         ,Kevin,Keating,Clear,Front to Rear,no,no,no,no,no,False
101576027,METROPOLITAN NASHVILLE POLICE DEPT,20170213263,Davidson,Nashville,3/7/2017 6:03:00 PM,2,3,0,36.171430,-86.769040,JAMES ROBERTSON PKWY,,,,0.00,,,INTERSTATE DR,,,,0.00,Y,OTHER,N,Intersection,None,,,         ,Michael,Baron,Clear,Angle,no,no,no,no,no,False
101576029,METROPOLITAN NASHVILLE POLICE DEPT,20170213002,Davidson,Nashville,3/7/2017 4:00:00 PM,3,0,0,36.115930,-86.794800,I 440,,,,0.00,,,,,,,3.70,N,Not at Intersection,Y,Non-Junction,None,,,         ,William,Taylor,Clear,Front to Rear,no,no,no,no,no,False
101576045,METROPOLITAN NASHVILLE POLICE DEPT,20170213221,Davidson,Nashville,3/7/2017 5:48:00 PM,2,0,0,36.065970,-86.636740,BELL RD,,,,213.00,Feet,South,MORRIS GENTRY BLVD,,,,0.00,N,Not at Intersection,N,Non-Junction,None,,,         ,Alyson,Cook,Clear,Front to Rear,no,no,no,no,no,False
101576047,METROPOLITAN NASHVILLE POLICE DEPT,20170213347,Davidson,Nashville,3/7/2017 6:30:00 PM,1,0,0,36.195590,-86.776150,I 65,,,,0.00,,,,,,,86.55,N,Not at Intersection, ,Non-Junction,None,,,         ,Kevin,Reynolds,Clear,Not Collision with Motor Vehicle in Transport,no,no,no,no,no,False
101576053,METROPOLITAN NASHVILLE POLICE DEPT,20170213477,Davidson,Nashville,3/7/2017 7:36:00 PM,2,0,0,36.127030,-86.711520,MURFREESBORO PKE,,,,177.00,Feet,West,THOMPSON PL,,,,0.00,N,Not at Intersection, ,Non-Junction,None,,,         ,Alyson,Cook,Clear,Front to Rear,no,no,no,no,no,False
101576080,METROPOLITAN NASHVILLE POLICE DEPT,20170213366,Davidson,Not in City Limit,3/7/2017 6:48:00 PM,2,1,0,36.278780,-86.789370,COBBLESTONE CREEK DR,,,,181.00,Feet,South,RYAN ALLEN CIR,,,,0.00,N,Not at Intersection,N,Non-Junction,None,,,         ,Broderick,Jones,Clear,Front to Rear,no,no,no,no,no,False
101576086,METROPOLITAN NASHVILLE POLICE DEPT,20170213341,Davidson,Nashville,3/7/2017 6:39:00 PM,2,0,0,36.189530,-86.837690,HYDES FERRY RD,,,,0.00,,,COUNTY HOSPITAL RD,,,,0.00,Y,Four-Way, ,Intersection,None,,,         ,Christopher,Templin,Clear,"Sideswipe, Opposite Direction",no,no,no,no,no,False
101576122,METROPOLITAN NASHVILLE POLICE DEPT,20170213424,Davidson,Nashville,3/7/2017 7:15:00 PM,2,0,0,36.151050,-86.768170,2ND AVS,,,,118.00,Feet,South,LAFAYETTE ST,,,,0.00,N,Not at Intersection, ,Non-Junction,None,,,         ,Dontaveous,Eubanks,Clear,"Sideswipe, Opposite Direction",no,no,no,no,no,False
101576132,METROPOLITAN NASHVILLE POLICE DEPT,20170213157,Davidson,Nashville,3/7/2017 5:30:00 PM,2,1,0,36.144910,-86.710510,ELM HILL PKE,,,,156.00,Feet,East,METCOM CENTER PVTDR,,,,0.00,N,Not at Intersection,N,Non-Junction,None,,,         ,John,Kelley,Cloudy,Angle,no,no,no,no,no,False
101576133,METROPOLITAN NASHVILLE POLICE DEPT,20170213593,Davidson,Nashville,3/7/2017 8:00:00 PM,2,0,0,36.132470,-86.719310,MURFREESBORO PKE,,,,0.00,,,WILHAGAN RD,,,,0.00,Y,OTHER,Y,Intersection,None,,,         ,John,Kelley,Clear,Angle,no,no,no,no,yes,False
101576134,METROPOLITAN NASHVILLE POLICE DEPT,20170213851,Davidson,Nashville,3/7/2017 9:36:00 PM,1,0,0,36.079090,-86.719670,WALLACE RD,,,,255.00,Feet,East,RECOVERY RD,,,,0.00,N,Not at Intersection,N,Non-Junction,None,,,         ,Alyson,Cook,Clear,Not Collision with Motor Vehicle in Transport,no,no,no,no,yes,False
101576154,METROPOLITAN NASHVILLE POLICE DEPT,20170213810,Davidson,Nashville,3/7/2017 9:20:00 PM,2,1,0,36.064790,-86.628480,HAMILTON CHURCH RD,,,,0.00,,,MURFREESBORO PKE,,,,0.00,Y,Four-Way,Y,Intersection-Related,None,,,         ,Andrew,Swint,Clear,Front to Rear,no,no,no,no,no,False
101576157,METROPOLITAN NASHVILLE POLICE DEPT,20170213802,Davidson,Nashville,3/7/2017 9:20:00 PM,2,1,0,36.074630,-86.920950,OLD HICKORY BLVD,,,,50.00,Feet,North,HIGHWAY 70S,,,,0.00,N,Not at Intersection,N,Non-Junction,None,,,         ,Walter,Gray II,Cloudy,Front to Rear,no,no,no,no,yes,False
101576161,METROPOLITAN NASHVILLE POLICE DEPT,20170213732,Davidson,Nashville,3/7/2017 7:45:00 PM,2,0,0,36.179300,-86.816080,SANTI AV,,,,110.00,Feet,West,24TH AVN,,,,0.00,N,Not at Intersection,N,Non-Junction,None,,,         ,Andy,Esqueda,Clear,HeadOn,no,no,no,no,no,False
101576175,METROPOLITAN NASHVILLE POLICE DEPT,20170213125,Davidson,Antioch,3/7/2017 5:10:00 PM,2,1,0,36.043320,-86.640790,BABY RUTH LN,,,,7.00,Feet,North,MT VIEW RD,,,,0.00,N,Not at Intersection,N,Non-Junction,None,,,         ,Victoria,Cunningham,Cloudy,Angle,no,no,no,no,no,False
101576187,METROPOLITAN NASHVILLE POLICE DEPT,20170213618,Davidson,Nashville,3/7/2017 8:20:00 PM,2,0,0,36.126700,-86.711090,EAST THOMPSON LN,,,,0.00,,,THOMPSON PL,,,,0.00,Y,Four-Way,Y,Intersection,None,,,         ,Aimee,Ortiz,Cloudy,Angle,no,no,no,no,no,False
101576203,METROPOLITAN NASHVILLE POLICE DEPT,20170214026,Davidson,Nashville,3/7/2017 10:43:00 PM,2,0,0,36.152830,-86.855720,I 40,,,,0.00,,,,,,,204.10,N,Not at Intersection,N,Non-Junction,None,,,         ,Je-Marc,Sears,Cloudy,Angle,no,no,no,no,yes,False
101576218,METROPOLITAN NASHVILLE POLICE DEPT,20170214194,Davidson,Nashville,3/7/2017 11:47:00 PM,1,0,0,36.178480,-86.808570,CENTURY ST,,,,79.00,Feet,West,16TH AVN,,,,0.00,N,Not at Intersection,N,Non-Junction,None,,,         ,Nicholas,Carter,Clear,Not Collision with Motor Vehicle in Transport,no,no,no,yes,yes,False
101576220,METROPOLITAN NASHVILLE POLICE DEPT,20170214442,Davidson,Nashville,3/8/2017 12:45:00 AM,3,1,0,36.160110,-86.840360,KENTUCKY AV,,,,0.00,,,44TH AVN,,,,0.00,Y,OTHER,N,Non-Junction,None,,,         ,Robert,Buckman,,"Sideswipe, Same Direction",no,no,no,no,yes,False
101576224,METROPOLITAN NASHVILLE POLICE DEPT,20170214335,Davidson,Antioch,3/8/2017 12:35:00 AM,2,0,0,36.045250,-86.609100,MOUNTAIN SPRINGS RD,,,,0.00,,,MURFREESBORO PKE,,,,0.00,Y,Four-Way,N,Intersection,None,,,         ,Sandra,Fly,Clear,Angle,no,no,no,no,no,False
101576227,METROPOLITAN NASHVILLE POLICE DEPT,20170214532,Davidson,Nashville,3/8/2017 2:35:00 AM,2,1,0,36.064500,-86.684270,I 24,,,,0.00,,,,,,,57.45,N,Not at Intersection,N,Non-Junction,None,,,         ,Dezmond,Hughes,Clear,Front to Rear,no,no,no,no,no,False
101576243,METROPOLITAN NASHVILLE POLICE DEPT,20170214839,Davidson,Nashville,3/8/2017 5:41:00 AM,2,0,0,36.042850,-86.606550,HOBSON PKE,,,,0.00,,,MURFREESBORO PKE,,,,0.00,Y,Four-Way,N,Intersection,None,,,         ,David,Moser,Clear,Front to Rear,no,no,no,no,yes,False
101576246,METROPOLITAN NASHVILLE POLICE DEPT,20170214873,Davidson,Nashville,3/8/2017 5:55:00 AM,1,0,0,36.283420,-86.730470,I 65,,,,0.00,,,,,,,93.65,N,Not at Intersection,N,Non-Junction,None,,,         ,Christina,Buckner,Clear,Not Collision with Motor Vehicle in Transport,no,no,no,no,no,False
101576320,METROPOLITAN NASHVILLE POLICE DEPT,20170215022,Davidson,Nashville,3/8/2017 7:33:00 AM,3,0,0,36.058100,-86.921950,HIGHWAY 100,,,,520.00,Feet,West,FALKIRK CT,,,,0.00,N,Not at Intersection,N,Non-Junction,None,,,         ,Curtis,Rich,Clear,Front to Rear,no,no,no,no,no,False
101576325,METROPOLITAN NASHVILLE POLICE DEPT,20170214974,Davidson,Nashville,3/8/2017 6:40:00 AM,2,0,0,36.077280,-86.738840,HARDING PL,,,,364.00,Feet,East,BINKLEY DR,,,,0.00,N,Not at Intersection,N,Non-Junction,None,,,         ,Brent,Bauer,Clear,Front to Rear,no,no,no,no,yes,False
101576339,METROPOLITAN NASHVILLE POLICE DEPT,20170215094,Davidson,Nashville,3/8/2017 7:37:00 AM,2,0,0,36.157930,-86.791610,14TH AVN,,,,0.00,,,CHURCH ST,,,,0.00,Y,Four-Way, ,Intersection,None,,,         ,Ronald,Raynore,Clear,Angle,no,no,no,no,no,False
101576340,BERRY HILL POLICE DEPT,17-0793,Davidson,Berry Hill,3/7/2017 12:33:00 PM,2,0,0,36.116720,-86.767640,W IRIS DR,,,,79.00,Feet,East,AZALEA PL,,,,0.00,N,Not at Intersection, ,Non-Junction,None,,,         ,Ray,Ferguson,Rain,Front to Rear,no,no,no,no,yes,False
101576341,METROPOLITAN NASHVILLE POLICE DEPT,20170215019,Davidson,Nashville,3/8/2017 7:30:00 AM,2,0,0,36.147780,-86.758830,LAFAYETTE ST,,,,0.00,,,,,,,0.00,,,Y,"Driveway, Alley Access, etc",None,,,         ,Todd,Watson,Clear,Angle,no,no,no,yes,no,False
101576350,METROPOLITAN NASHVILLE POLICE DEPT,20170215021,Davidson,Nashville,3/8/2017 7:31:00 AM,2,0,0,36.242650,-86.736560,BRIARVILLE RD,,,,41.00,Feet,North,WORTH ST,,,,0.00,N,Not at Intersection, ,Non-Junction,None,,,         ,DuJuan,Kendrick,Clear,Angle,no,no,no,no,no,False
101576367,GOODLETTSVILLE POLICE DEPT,17-08677,Davidson,Goodlettsville,3/8/2017 7:25:00 AM,2,0,0,36.323470,-86.705020,I 65,,,,0.00,,,,,,,97.00,N,Not at Intersection, ,Non-Junction,None,,,         ,Timothy,Williams,Clear,"Sideswipe, Same Direction",no,no,no,no,no,False
101576383,METROPOLITAN NASHVILLE POLICE DEPT,20170214914,Davidson,Nashville,3/8/2017 6:29:00 AM,2,2,0,36.040840,-86.773470,OLD HICKORY BLVD,,,,0.00,,,HEALTH PARK DR,,,,0.00,Y,Four-Way,N,Intersection-Related,None,,,         ,Phillip,Murphy,Clear,Front to Rear,no,no,no,no,no,False
101576384,METROPOLITAN NASHVILLE POLICE DEPT,20170215071,Davidson,Nashville,3/8/2017 7:42:00 AM,2,1,0,36.090020,-86.809930,HARDING PL,,,,0.00,,,SHYS HILL RD,,,,0.00,Y,Four-Way,N,Non-Junction,None,,,         ,Phillip,Murphy,Clear,Front to Rear,no,no,no,no,no,False
101576401,METROPOLITAN NASHVILLE POLICE DEPT,2017-0214958,Davidson,Nashville,3/8/2017 6:44:00 AM,2,0,0,36.069070,-86.693970,APACHE TRL,,,,190.00,Feet,South,HAYWOOD LN,,,,0.00,N,Not at Intersection,N,Non-Junction,None,,,         ,Stanley,Collins,Clear,Angle,no,no,no,no,no,False
101576402,METROPOLITAN NASHVILLE POLICE DEPT,20170215000,Davidson,Nashville,3/8/2017 7:20:00 AM,2,0,0,36.106270,-86.718600,I 24,,,,0.00,,,,,,,54.00,N,Not at Intersection,N,Non-Junction,None,,,         ,Roderic,Williams,Clear,Front to Rear,no,no,no,no,no,False
101576417,METROPOLITAN NASHVILLE POLICE DEPT,20170215239,Davidson,Nashville,3/8/2017 9:06:00 AM,2,0,0,36.171840,-86.764770,S 5TH ST,,,,0.00,,,WOODLAND ST,,,,0.00,Y,Four-Way, ,Intersection,None,,,         ,Richard,Conger,Clear,Angle,no,no,no,no,no,False
101576420,METROPOLITAN NASHVILLE POLICE DEPT,20170215131,Davidson,Nashville,3/8/2017 8:15:00 AM,3,0,0,36.045750,-86.778170,I 65,,,,0.00,,,,,,,75.15,N,Not at Intersection, ,Non-Junction,None,,,         ,Ian,Ward,Clear,Front to Rear,no,no,no,no,no,False
101576422,METROPOLITAN NASHVILLE POLICE DEPT,20170215219,Davidson,Nashville,3/8/2017 8:45:00 AM,1,0,0,36.224050,-86.806200,KNIGHT DR,,,,129.00,Feet,North,WHITES CREEK PKE,,,,0.00,N,Not at Intersection, ,Non-Junction,None,,,         ,David,Robberson,Clear,Not Collision with Motor Vehicle in Transport,no,no,no,no,no,False
101576426,METROPOLITAN NASHVILLE POLICE DEPT,20170215228,Davidson,Nashville,3/8/2017 8:59:00 AM,2,0,0,36.158940,-86.760460,I 24,,,,0.00,,,,,,,49.55,N,Not at Intersection, ,,None,,,         ,Trenton,Searcy,,,no,no,no,no,no,False
101576431,METROPOLITAN NASHVILLE POLICE DEPT,20170215188,Davidson,Nashville,3/8/2017 8:35:00 AM,2,0,0,0.000000,0.000000,28TH,ST,US0,,0.00,,,OLD HICKORY,BLVD,US,,0.00,Y,T-Intersection,N,Non-Junction,None,,,         ,Gregory,Lindstrom,Clear,Front to Rear,no,no,no,no,yes,False
101576433,METROPOLITAN NASHVILLE POLICE DEPT,20170215074,Davidson,Nashville,3/8/2017 7:53:00 AM,2,0,0,36.248090,-86.721370,PLAZA EXIT,,,,0.00,,,DUE WEST PLAZA,,,,0.00,Y,Four-Way,N,Intersection-Related,None,,,         ,Michelle,Steidl,Clear,Angle,no,no,no,no,no,False
101576439,METROPOLITAN NASHVILLE POLICE DEPT,20170215107,Davidson,Nashville,3/8/2017 7:21:00 AM,2,0,0,36.174130,-86.608850,CENTRAL PKE,,,,98.00,Feet,West,FRIST BLVD,,,,0.00,N,Not at Intersection, ,Non-Junction,None,,,         ,Seth,Vaughn,Clear,Angle,no,no,no,no,no,False
101576444,METROPOLITAN NASHVILLE POLICE DEPT,20170214954,Davidson,Not in City Limit,3/8/2017 7:00:00 AM,2,1,0,36.324430,-86.871530,I 24,,,,0.00,,,,,,,34.75,N,Not at Intersection,N,Non-Junction,None,,,         ,Chase,Burnett,Clear,Front to Rear,no,no,no,no,no,False
101576455,BERRY HILL POLICE DEPT,17-0756,Davidson,Berry Hill,3/6/2017 10:39:00 AM,2,0,0,36.125200,-86.776740,FRANKLIN PKE,,,,0.00,,,INVERNESS AV,,,,0.00,Y,T-Intersection, ,Intersection-Related,Utility Zone,,,         ,Ronnie,Hill,Cloudy,"Sideswipe, Same Direction",no,no,no,no,no,False
101576472,METROPOLITAN NASHVILLE POLICE DEPT,20170215118,Davidson,Nashville,3/8/2017 8:06:00 AM,3,0,0,36.118910,-86.726450,I 24,,,,0.00,,,,,,,53.00,N,Not at Intersection,N,Entrance/Exit Ramp Related,None,,,         ,Todd,Watson,Clear,Front to Rear,no,no,no,no,no,False
101576475,METROPOLITAN NASHVILLE POLICE DEPT,20170215211,Davidson,Nashville,3/8/2017 8:31:00 AM,2,1,0,36.150280,-86.770820,I40 E EXT RAMP,,,,0.00,,East,I 40,,,,0.00,N,Not at Intersection,N,Entrance/Exit Ramp Related,None,,,         ,Brent,Bauer,Clear,Front to Rear,no,no,no,no,no,False
101576479,METROPOLITAN NASHVILLE POLICE DEPT,20170215012,Davidson,Nashville,3/8/2017 7:25:00 AM,4,1,0,36.094180,-86.706690,I 24,,,,0.00,,,,,,,55.00,N,Not at Intersection,N,Non-Junction,None,,,         ,James,Thomas,Clear,Front to Rear,no,no,no,no,no,False
101576508,METROPOLITAN NASHVILLE POLICE DEPT,20170215010,Davidson,Nashville,3/8/2017 6:30:00 AM,2,1,0,36.059580,-86.641060,CAMBRIDGE APTS PVTDR,,,,0.00,,,BELL RD,,,,0.00,Y,T-Intersection,N,Non-Junction,None,,,         ,Steven,Williams,Clear,Front to Rear,no,no,no,no,no,False
101576509,METROPOLITAN NASHVILLE POLICE DEPT,20170215166,Davidson,Nashville,3/8/2017 8:11:00 AM,2,0,0,36.059960,-86.596210,HOBSON PKE,,,,683.00,Feet,North,HAMILTON CHURCH RD,,,,0.00,N,Not at Intersection,N,Non-Junction,None,,,         ,Robert,Erickson,Clear,Front to Rear,no,no,no,no,yes,False
101576521,METROPOLITAN NASHVILLE POLICE DEPT,20170215259,Davidson,Nashville,3/8/2017 7:40:00 AM,1,1,0,36.035450,-86.638360,CROSSINGS BLVD,,,,0.00,,,OLD FRANKLIN RD,,,,0.00,Y,Four-Way,Y,Intersection,None,,,         ,Ernest,Swoner,Clear,Not Collision with Motor Vehicle in Transport,no,no,no,no,no,False
101576523,METROPOLITAN NASHVILLE POLICE DEPT,2017-0215123,Davidson,Nashville,3/8/2017 8:15:00 AM,2,1,0,36.062860,-86.682570,I 24,,,,0.00,,,,,,,57.60,N,Not at Intersection,N,Non-Junction,None,,,         ,William,Whitworth,Clear,Front to Rear,no,no,no,no,no,False
101576524,METROPOLITAN NASHVILLE POLICE DEPT,2017-0215308,Davidson,Nashville,3/8/2017 9:31:00 AM,2,1,0,36.098180,-86.677350,DONELSON PKE,,,,84.00,Feet,South,AIRPARK CENTER DR,,,,0.00,N,Not at Intersection,N,Non-Junction,None,,,         ,William,Whitworth,Clear,Not Collision with Motor Vehicle in Transport,no,no,no,no,no,False
101576532,METROPOLITAN NASHVILLE POLICE DEPT,20170215045,Davidson,Nashville,3/8/2017 7:44:00 AM,2,0,0,36.169360,-86.679890,LEBANON PKE,,,,0.00,,,MCGAVOCK PKE,,,,0.00,Y,Four-Way, ,,None,,,         ,Ralph,Harvey,,,no,no,no,no,no,False