master_record_number,agency,agency_tracking_number,county,city,collision_date,vehicles_involved,number_injured,number_dead,latitude,longitude,roadway_name,roadway_suffix,roadway_number,roadway_local_id,distance_from_reference,miles-feet_indicator,direction_from_reference,intersection_road_name,intersection_road_name_suffix,intersection_road_number,intersection_local_id,mile_marker,intersection_indicator,intersect_type,interchange_related_indicator,relation_to_junction,work_zone_type,construction_maintenance_zone,construction_maintenance_zone_location,fatal_case_number,officer_first_name,officer_last_name,weather_condition(s),manner_of_crash,pedestrian,bicycle,scooter,parking,hitrun,mou
101578122,METROPOLITAN NASHVILLE POLICE DEPT,20170220260,Davidson,Nashville,3/9/2017 7:00:00 PM,2,0,0,36.040010,-86.743470,OLD HICKORY BLVD,,,,0.00,,,EDMONDSON PKE,,,,0.00,Y,Four-Way, ,Intersection,None,,,         ,Ryan,Cagle,Clear,Front to Rear,no,no,no,no,no,False
101578124,METROPOLITAN NASHVILLE POLICE DEPT,20170220011,Davidson,Nashville,3/9/2017 4:42:00 PM,2,0,0,36.154730,-86.676150,LAKELAND DR,,,,43.00,Feet,East,EMERY DR,,,,0.00,N,Not at Intersection, ,Non-Junction,None,,,         ,Jonathan,Cavezza,Clear,Angle,no,no,no,no,no,False
101578128,METROPOLITAN NASHVILLE POLICE DEPT,20170220124,Davidson,Nashville,3/9/2017 6:00:00 PM,2,0,0,36.134130,-86.727100,I 24,,,,0.00,,,,,,,52.10,N,Not at Intersection, ,Non-Junction,None,,,         ,Andrew,Mullen,Clear,Front to Rear,no,no,no,no,no,False
101578132,METROPOLITAN NASHVILLE POLICE DEPT,20170219976,Davidson,Nashville,3/9/2017 5:12:00 PM,2,0,0,36.249120,-86.741900,I 65,,,,0.00,,,,,,,91.15,N,Not at Intersection,N,Non-Junction,None,,,         ,Cecilia,Gomez,Clear,Not Collision with Motor Vehicle in Transport,no,no,no,no,no,False
101578139,METROPOLITAN NASHVILLE POLICE DEPT,20170220112,Davidson,Nashville,3/9/2017 5:53:00 PM,3,0,0,36.154460,-86.631090,I 40,,,,0.00,,,,,,,218.85,N,Not at Intersection, ,Non-Junction,None,,,         ,Jaby,Djabbarov,Clear,Front to Rear,no,no,no,no,no,False
101578140,METROPOLITAN NASHVILLE POLICE DEPT,20170220107,Davidson,Nashville,3/9/2017 3:15:00 PM,2,0,0,36.157910,-86.830480,39TH AVN,,,,111.00,Feet,North,CLIFTON AV,,,,0.00,N,Not at Intersection,N,Non-Junction,None,,,         ,Paxton,Montgomery,Clear,HeadOn,no,no,no,no,no,False
101578143,METROPOLITAN NASHVILLE POLICE DEPT,20170220218,Davidson,Nashville,3/9/2017 6:30:00 PM,2,0,0,36.155150,-86.790850,BROADWAY,,,,68.00,Feet,West,15TH AVN,,,,0.00,N,Not at Intersection, ,Non-Junction,None,,,         ,Eric,Burford,Clear,Front to Rear,no,no,no,no,no,False
101578144,METROPOLITAN NASHVILLE POLICE DEPT,20170220292,Davidson,Nashville,3/9/2017 6:57:00 PM,2,0,0,36.156860,-86.786830,BROADWAY,,,,218.00,Feet,East,12TH AVS,,,,0.00,N,Not at Intersection, ,Non-Junction,None,,,         ,Timothy,Powell,Clear,Other,no,no,no,yes,no,False
101578147,METROPOLITAN NASHVILLE POLICE DEPT,20170220430,Davidson,Nashville,3/9/2017 7:04:00 PM,1,0,0,36.101730,-86.732240,AVENAL AV,,,,271.00,Feet,North,ANTIOCH PKE,,,,0.00,N,Not at Intersection,N,Non-Junction,None,,,         ,Larry,Preuett,Clear,Not Collision with Motor Vehicle in Transport,no,no,no,no,yes,False
101578150,METROPOLITAN NASHVILLE POLICE DEPT,2017-0220126,Davidson,Nashville,3/9/2017 6:09:00 PM,2,0,0,36.040900,-86.779380,STONE BROOK DR,,,,0.00,,,OLD HICKORY BLVD,,,,0.00,Y,Four-Way,N,Intersection,None,,,         ,William,King,Clear,Angle,no,no,no,no,no,False
101578151,METROPOLITAN NASHVILLE POLICE DEPT,20170220132,Davidson,Goodlettsville,3/9/2017 6:00:00 PM,3,0,0,36.296090,-86.715570,I 65,,,,0.00,,,,,,,94.80,N,Not at Intersection, ,Non-Junction,None,,,         ,Broderick,Jones,Cloudy,Front to Rear,no,no,no,no,yes,False
101578157,GOODLETTSVILLE POLICE DEPT,17-08822,Davidson,Goodlettsville,3/9/2017 6:09:00 PM,3,1,0,36.322370,-86.711650,TWO MILE PKE,,,,0.00,,,LONG HOLLOW PKE,,,,0.00,Y,T-Intersection,N,Intersection,None,,,         ,James,Wells,Clear,Angle,no,no,no,no,no,False
101578166,METROPOLITAN NASHVILLE POLICE DEPT,20170218987,Davidson,Nashville,3/9/2017 8:00:00 AM,1,0,0,36.156930,-86.777990,6TH AVS,,,,380.00,Feet,South,DEMONBREUN ST,,,,0.00,N,Not at Intersection,N,Non-Junction,None,,,         ,Jim,Crissman,Clear,Unknown,no,no,no,yes,no,False
101578170,METROPOLITAN NASHVILLE POLICE DEPT,20170216966,Davidson,Nashville,3/8/2017 12:00:00 AM,1,1,0,36.169310,-86.779430,GAY ST,,,,75.00,Feet,East,2ND AVN,,,,0.00,N,Not at Intersection,N,Unknown,Unknown,,,         ,Joshua,Reece,Unknown,Unknown,no,no,no,no,yes,False
101578174,METROPOLITAN NASHVILLE POLICE DEPT,20170220463,Davidson,Nashville,3/9/2017 5:52:00 PM,2,0,0,36.145660,-86.764920,CHESTNUT ST,,,,64.00,Feet,West,2ND AVS,,,,0.00,N,Not at Intersection,N,Non-Junction,None,,,         ,Brandon,Vance,Clear,"Sideswipe, Same Direction",no,no,no,no,yes,False
101578201,METROPOLITAN NASHVILLE POLICE DEPT,20170220462,Davidson,Nashville,3/9/2017 5:51:00 PM,2,0,0,36.110790,-86.742960,THOMPSON LN,,,,0.00,Feet,North,FOSTER AV,,,,0.00,N,Not at Intersection, ,Non-Junction,None,,,         ,Katelin,Ehrhardt,Cloudy,HeadOn,no,no,no,no,no,False
101578202,METROPOLITAN NASHVILLE POLICE DEPT,20170220594,Davidson,Nashville,3/9/2017 9:05:00 PM,1,1,0,36.158020,-86.790270,GEORGE L DAVIS BLVD,,,,0.00,,,I40 W EXT RAMP,,,,0.00,Y,Y-Intersection,N,Entrance/Exit Ramp Related,None,,,         ,Jason,Thomas,Rain,Not Collision with Motor Vehicle in Transport,no,no,no,no,no,False
101578218,METROPOLITAN NASHVILLE POLICE DEPT,20170220588,Davidson,Nashville,3/9/2017 9:04:00 PM,2,1,0,36.138030,-86.805050,BLAKEMORE AV,,,,0.00,,,24TH AVS,,,,0.00,Y,Four-Way,N,Intersection,None,,,         ,Eric,Burford,Clear,Angle,no,no,no,no,no,Campus
101578224,METROPOLITAN NASHVILLE POLICE DEPT,2017-0220502,Davidson,Nashville,3/9/2017 7:43:00 PM,2,0,0,36.132310,-86.895620,I40 E ENT RAMP,,,,0.00,,,I 40,,,,0.00,Y,Four-Way, ,Entrance/Exit Ramp Related,None,,,         ,Michael,Rogers,Clear,Front to Rear,no,no,no,no,no,False
101578235,METROPOLITAN NASHVILLE POLICE DEPT,20170220578,Davidson,Nashville,3/9/2017 8:56:00 PM,2,0,0,36.158890,-86.782110,BROADWAY,,,,0.00,,,ROSA L PARKS BLVD,,,,0.00,Y,Four-Way, ,Intersection,None,,,         ,Derek,Betty,Rain,"Sideswipe, Same Direction",no,no,no,no,no,False
101578248,METROPOLITAN NASHVILLE POLICE DEPT,2017-0219413,Davidson,Nashville,3/9/2017 1:51:00 PM,1,0,0,36.121390,-86.720270,BROWNING RD,,,,151.00,Feet,East,EAST THOMPSON LN,,,,0.00,N,Not at Intersection,N,Non-Junction,None,,,         ,William,Whitworth,Clear,Not Collision with Motor Vehicle in Transport,no,no,no,no,no,False
101578249,METROPOLITAN NASHVILLE POLICE DEPT,20170219694,Davidson,Nashville,3/9/2017 3:45:00 PM,2,0,0,36.149160,-86.743190,FESSLERS PKWY,,,,0.00,,,FESSLERS LN,,,,0.00,Y,T-Intersection,N,Intersection,None,,,         ,John,Daugherty,Clear,"Sideswipe, Same Direction",no,no,no,no,yes,False
101578279,METROPOLITAN NASHVILLE POLICE DEPT,20170220770,Davidson,Nashville,3/9/2017 9:47:00 PM,2,0,0,36.072130,-86.732890,EDMONDSON PKE,,,,0.00,Feet,,BLACKMAN RD,,,,0.00,Y,Four-Way,N,Intersection,None,,,         ,Edin,Plancic,Rain,Angle,no,no,no,no,no,False
101578296,METROPOLITAN NASHVILLE POLICE DEPT,20170220818,Davidson,Not in City Limit,3/9/2017 8:25:00 AM,2,0,0,36.045470,-86.950560,HIGHWAY 100,,,,0.00,,,TEMPLE RD,,,,0.00,Y,Four-Way, ,Intersection,None,,,         ,Jackson,Smythe,Rain,Front to Rear,no,no,no,no,no,False
101578322,METROPOLITAN NASHVILLE POLICE DEPT,20170220896,Davidson,Nashville,3/9/2017 11:15:00 PM,2,1,0,36.079380,-86.695810,I 24,,,,0.00,,,,,,,56.25,N,Not at Intersection,N,Non-Junction,None,,,         ,William,Williams,Rain,Front to Rear,no,no,no,no,no,False
101578323,METROPOLITAN NASHVILLE POLICE DEPT,20170220934,Davidson,Nashville,3/9/2017 11:45:00 PM,1,0,0,36.049290,-86.665560,I 24,,,,0.00,,,,,,,59.00,N,Not at Intersection,N,Non-Junction,None,,,         ,Justin,McCormick,Rain,Not Collision with Motor Vehicle in Transport,no,no,no,no,no,False
101578325,METROPOLITAN NASHVILLE POLICE DEPT,20170220986,Davidson,Nashville,3/10/2017 12:09:00 AM,1,0,0,36.062690,-86.682690,I 24,,,,0.00,,,,,,,57.60,N,Not at Intersection,N,Non-Junction,None,,,         ,Dezmond,Hughes,Rain,Not Collision with Motor Vehicle in Transport,no,no,no,no,no,False
101578326,METROPOLITAN NASHVILLE POLICE DEPT,20170220869,Davidson,Nashville,3/9/2017 11:15:00 PM,1,0,0,36.172840,-86.600330,CENTRAL PKE,,,,182.00,Feet,East,BURNING TREE DR,,,,0.00,N,Not at Intersection,N,Non-Junction,None,,,         ,Brett,Johns,Rain,Not Collision with Motor Vehicle in Transport,no,no,no,no,no,False
101578329,METROPOLITAN NASHVILLE POLICE DEPT,20170221022,Davidson,Nashville,3/9/2017 10:30:00 PM,2,0,0,36.219470,-86.758680,CAPITOL VIEW AV,,,,387.00,Feet,East,ALHAMBRA CIR,,,,0.00,N,Not at Intersection,N,"Driveway, Alley Access, etc",None,,,         ,Derrick,Toney,Rain,"Sideswipe, Opposite Direction",no,no,no,yes,yes,False
101578330,METROPOLITAN NASHVILLE POLICE DEPT,20170220943,Davidson,Nashville,3/9/2017 10:55:00 PM,2,0,0,36.163310,-86.793580,I 40,,,,0.00,,,,,,,208.60,N,Not at Intersection,N,Non-Junction,None,,,         ,Joshua,Green,Rain,Angle,no,no,no,no,yes,False
101578331,METROPOLITAN NASHVILLE POLICE DEPT,20170220834,Davidson,Nashville,3/9/2017 10:27:00 PM,2,0,0,36.078610,-86.745220,HARDING PL,,,,0.00,,,DANBY DR,,,,0.00,Y,Four-Way,N,Intersection-Related,None,,,         ,Joshua,Dickall,Rain,Front to Rear,no,no,no,no,yes,False
101578333,METROPOLITAN NASHVILLE POLICE DEPT,20170221013,Davidson,Nashville,3/10/2017 12:00:00 AM,1,0,0,36.172930,-86.761900,WOODLAND ST,,,,294.00,Feet,East,S 6TH ST,,,,0.00,N,Not at Intersection,N,Non-Junction,None,,,         ,Sara,Lober,Rain,Not Collision with Motor Vehicle in Transport,no,no,no,no,yes,False
101578334,METROPOLITAN NASHVILLE POLICE DEPT,20170221120,Davidson,Nashville,3/9/2017 11:36:00 PM,2,0,0,36.073060,-86.692210,I 24,,,,0.00,,,,,,,56.70,N,Not at Intersection,N,Non-Junction,None,,,         ,Justin,McCormick,Rain,"Sideswipe, Same Direction",no,no,no,no,yes,False
101578337,METROPOLITAN NASHVILLE POLICE DEPT,20170220937,Davidson,Nashville,3/9/2017 10:36:00 PM,2,0,0,36.153380,-86.756700,I 40,,,,0.00,,,,,,,211.20,N,Not at Intersection, ,Non-Junction,None,,,         ,Mekisha,Page,Rain,"Sideswipe, Same Direction",no,no,no,no,no,False
101578340,METROPOLITAN NASHVILLE POLICE DEPT,20170220931,Davidson,Nashville,3/9/2017 11:33:00 PM,2,0,0,36.150890,-86.847110,PARK AV,,,,0.00,,,50TH AVN,,,,0.00,Y,Four-Way,N,Non-Junction,None,,,         ,Robert,Buckman,Rain,HeadOn,no,no,no,no,no,False
101578345,GOODLETTSVILLE POLICE DEPT,17-08839,Davidson,Goodlettsville,3/10/2017 12:30:00 AM,1,0,0,36.311360,-86.705810,RIVERGATE PKWY,,,,0.00,,,MOSS TRL,,,,0.00,Y,T-Intersection,N,Intersection,None,,,         ,Jeffery,Hunter,Rain,Not Collision with Motor Vehicle in Transport,no,no,no,no,no,False
101578349,VANDERBILT UNIVERSITY POLICE,17-0220877,Davidson,Nashville,3/9/2017 12:00:00 AM,2,0,0,36.146910,-86.804870,WEST SIDE ROW,,,,0.00,,,,,,,0.00,,,N,Non-Junction,None,,,         ,Joshua,Malone,Rain,"Sideswipe, Same Direction",no,no,no,yes,no,Campus
101578365,METROPOLITAN NASHVILLE POLICE DEPT,20170220787,Davidson,Nashville,3/9/2017 10:23:00 PM,3,0,0,36.199770,-86.776600,I 65,,,,0.00,,,,,,,86.85,N,Not at Intersection,N,Non-Junction,None,,,         ,Trevin,Tolbert,Rain,Angle,no,no,no,no,yes,False
101578367,METROPOLITAN NASHVILLE POLICE DEPT,20170220881,Davidson,Not in City Limit,3/9/2017 11:18:00 PM,4,0,0,36.281610,-86.876310,CLARKSVILLE PKE,,,,0.00,,,,,,,0.00,,,N,Non-Junction,None,,,         ,John,Tyree,Rain,"Sideswipe, Opposite Direction",no,no,no,yes,yes,False
101578390,METROPOLITAN NASHVILLE POLICE DEPT,20170220960,Davidson,Nashville,3/9/2017 11:54:00 PM,1,0,0,36.061780,-86.681750,I 24,,,,0.00,,,,,,,57.70,N,Not at Intersection,N,Non-Junction,None,,,         ,Sandra,Fly,Rain,Not Collision with Motor Vehicle in Transport,no,no,no,no,no,False
101578400,METROPOLITAN NASHVILLE POLICE DEPT,20170221354,Davidson,Nashville,3/10/2017 2:55:00 AM,2,0,0,36.170400,-86.768450,INTERSTATE DR,,,,0.00,,,WOODLAND ST,,,,0.00,Y,Four-Way,N,Intersection,None,,,         ,Damon,Hutcheson,Rain,Angle,no,no,no,no,no,False
101578416,GOODLETTSVILLE POLICE DEPT,17-08856,Davidson,Goodlettsville,3/10/2017 6:20:00 AM,2,0,0,36.307319,-86.695855,VIETNAM VETERANS,BLVD,SR386,,100.00,Feet,East,,,,,1.00,N,Not at Intersection,N,Non-Junction,None,,,         ,Jeremy,Baker,Clear,Front to Rear,no,no,no,no,no,False
101578429,METROPOLITAN NASHVILLE POLICE DEPT,20170221782,Davidson,Nashville,3/10/2017 6:55:00 AM,2,0,0,36.151350,-86.857320,WHITE BRIDGE PL,,,,127.00,Feet,East,I40 E ENT RAMP,,,,0.00,N,Not at Intersection, ,,None,,,         ,Curtis,Rich,,,no,no,no,no,no,False
101578453,METROPOLITAN NASHVILLE POLICE DEPT,20170221773,Davidson,Nashville,3/10/2017 6:52:00 AM,2,0,0,36.147840,-86.744560,I 40,,,,0.00,,,,,,,212.00,N,Not at Intersection, ,Non-Junction,None,,,         ,Kayla,Castro,Clear,Front to Rear,no,no,no,no,no,False
101578455,METROPOLITAN NASHVILLE POLICE DEPT,20170221847,Davidson,Not in City Limit,3/10/2017 7:44:00 AM,2,0,0,36.079570,-86.953510,HIGHWAY 70S,,,,0.00,,,COLEY DAVIS RD,,,,0.00,Y,T-Intersection, ,Intersection,None,,,         ,Curtis,Rich,Cloudy,Front to Rear,no,no,no,no,no,False
101578459,METROPOLITAN NASHVILLE POLICE DEPT,20170221725,Davidson,Nashville,3/10/2017 6:20:00 AM,3,1,0,36.203110,-86.776850,I 65,,,,0.00,,,,,,,87.10,N,Not at Intersection,N,Non-Junction,None,,,         ,John,Tyree,Cloudy,Front to Rear,no,no,no,no,no,False
101578467,METROPOLITAN NASHVILLE POLICE DEPT,20170221765,Davidson,Nashville,3/10/2017 6:48:00 AM,2,0,0,36.109850,-86.770170,I 65,,,,0.00,,,,,,,79.70,N,Not at Intersection, ,Non-Junction,None,,,         ,Phillip,Murphy,Clear,Front to Rear,no,no,no,no,no,False
101578487,METROPOLITAN NASHVILLE POLICE DEPT,20170221825,Davidson,Nashville,3/10/2017 7:35:00 AM,2,0,0,36.131690,-86.787800,BATE AV,,,,253.00,Feet,East,12TH AVS,,,,0.00,N,Not at Intersection, ,"Driveway, Alley Access, etc",None,,,         ,Justin,Pinkelton,Clear,Angle,no,no,no,no,no,False
101578488,METROPOLITAN NASHVILLE POLICE DEPT,20170221846,Davidson,Nashville,3/10/2017 7:38:00 AM,2,1,0,36.125790,-86.765870,BRANSFORD AV,,,,0.00,,,CRAIGHEAD ST,,,,0.00,Y,Four-Way,N,Intersection-Related,None,,,         ,Phillip,Murphy,Clear,Front to Rear,no,no,no,no,no,False
101578521,THP District 3 - Nashville,317013089,Davidson,Nashville,3/7/2017 10:01:00 AM,2,0,0,36.142800,-86.744360,MURFREESBORO PKE,,,,0.00,,,FESSLERS LN,,,,0.00,Y,Four-Way, ,Intersection,Construction Zone,,,         ,Kevin,Smith,Rain,Angle,no,no,no,no,no,False
101578529,GOODLETTSVILLE POLICE DEPT,17-08862,Davidson,Goodlettsville,3/10/2017 7:30:00 AM,2,0,0,36.306890,-86.697540,VIETNAM VETERANS BLVDS,,,,846.00,Feet,West,CONFERENCE DR,,,,0.00,N,Not at Intersection, ,Non-Junction,None,,,         ,George,Forbes,Clear,Front to Rear,no,no,no,no,no,False
101578542,METROPOLITAN NASHVILLE POLICE DEPT,20170222009,Davidson,Nashville,3/10/2017 8:50:00 AM,2,0,0,36.235240,-86.724730,GALLATIN PKES,,,,0.00,,,BRILEY PKWYW,,,,0.00,Y,OTHER, ,Non-Junction,None,,,         ,Brian,Otto,Cloudy,Angle,no,no,no,no,no,False
101578546,METROPOLITAN NASHVILLE POLICE DEPT,20170221921,Davidson,Nashville,3/10/2017 7:50:00 AM,3,0,0,36.160510,-86.702510,LEBANON PKE,,,,181.00,Feet,North,FARLEY PL,,,,0.00,N,Not at Intersection,N,Non-Junction,None,,,         ,Kayla,Castro,Clear,Front to Rear,no,no,no,no,no,False
101578553,METROPOLITAN NASHVILLE POLICE DEPT,2017-0221942,Davidson,Nashville,3/10/2017 8:15:00 AM,2,0,0,36.044790,-86.724870,OLD HICKORY BLVD,,,,0.00,,,AMALIE DR,,,,0.00,Y,Four-Way, ,Intersection,None,,,         ,Timothy,Edwards,Clear,Angle,no,no,no,no,yes,False
101578558,METROPOLITAN NASHVILLE POLICE DEPT,20170222017,Davidson,Nashville,3/10/2017 8:57:00 AM,2,0,0,36.168910,-86.607340,I 40,,,,0.00,,,,,,,220.50,N,Not at Intersection, ,Non-Junction,None,,,         ,Larry,Benz,Clear,Angle,no,no,no,no,no,False
101578579,METROPOLITAN NASHVILLE POLICE DEPT,2017-0221767,Davidson,Nashville,3/10/2017 6:50:00 AM,2,0,0,36.086880,-86.696770,HARDING PL,,,,239.00,Feet,West,S PERIMETER PARK DR,,,,0.00,N,Not at Intersection,N,Non-Junction,None,,,         ,William,Whitworth,Cloudy,"Sideswipe, Same Direction",no,no,no,no,yes,False
101578603,METROPOLITAN NASHVILLE POLICE DEPT,20170222070,Davidson,Nashville,3/10/2017 12:00:00 AM,2,0,0,36.168630,-86.814350,I 40,,,,0.00,,,,,,,206.85,N,Not at Intersection, ,Non-Junction,None,,,         ,Julie,Nabors,Clear,"Sideswipe, Same Direction",no,no,no,no,no,False
101578610,METROPOLITAN NASHVILLE POLICE DEPT,20170221979,Davidson,Nashville,3/10/2017 12:00:00 AM,2,1,0,36.168810,-86.775880,JAMES ROBERTSON,,,,0.00,,West,,,,,0.01,N,Not at Intersection,N,Non-Junction,None,,,         ,Daniel,Russett,Clear,Front to Rear,no,no,no,no,no,False
101578628,METROPOLITAN NASHVILLE POLICE DEPT,20170222161,Davidson,Belle Meade,3/10/2017 10:03:00 AM,2,0,0,36.101710,-86.868650,HARDING PL,,,,431.00,Feet,West,WINDSOR DR,,,,0.00,N,Not at Intersection, ,Non-Junction,None,,,         ,Curtis,Rich,Cloudy,Angle,no,no,no,no,no,False
101578650,METROPOLITAN NASHVILLE POLICE DEPT,20170222187,Davidson,Nashville,3/10/2017 9:10:00 AM,2,0,0,36.163900,-86.689130,BRILEY PKWYN,,,,300.00,Feet,South,BRILEY PKWYS,,,,0.00,N,Not at Intersection, ,,None,,,         ,Richard,Hyatt,,,no,no,no,no,no,False
101578652,METROPOLITAN NASHVILLE POLICE DEPT,20170221926,Davidson,Nashville,3/10/2017 7:10:00 AM,2,1,0,36.043990,-86.646980,CROSSINGS BLVD,,,,150.00,Feet,South,CROSSINGS PL,,,,0.00,N,Not at Intersection,N,Non-Junction,None,,,         ,Jason,Dudley,Clear,Front to Rear,no,no,no,no,no,False
101578667,METROPOLITAN NASHVILLE POLICE DEPT,2017-222096,Davidson,Nashville,3/10/2017 9:35:00 AM,4,1,0,36.161610,-86.760780,I 24,,,,0.00,,,,,,,49.35,N,Not at Intersection,Y,OtherLocation,None,,,         ,Charles,Coe,Clear,Front to Rear,no,no,no,no,no,False
101578686,METROPOLITAN NASHVILLE POLICE DEPT,20170222068,Davidson,Nashville,3/10/2017 9:25:00 AM,2,0,0,36.144790,-86.813320,29TH AVN,,,,94.00,Feet,North,WEST END AV,,,,0.00,N,Not at Intersection, ,"Driveway, Alley Access, etc",None,,,         ,Phillip,Murphy,Clear,Rear to Side,no,no,no,no,no,Campus
101578716,METROPOLITAN NASHVILLE POLICE DEPT,2017-0222297,Davidson,Nashville,3/10/2017 12:00:00 AM,2,0,0,36.165890,-86.801790,BLANK ST,,,,325.00,Feet,West,HERMAN ST,,,,0.00,N,Not at Intersection,N,Non-Junction,None,,,         ,William,Whitworth,Rain,"Sideswipe, Opposite Direction",no,no,no,no,yes,False
101578729,METROPOLITAN NASHVILLE POLICE DEPT,20170222247,Davidson,Nashville,3/10/2017 10:35:00 AM,2,1,0,36.043010,-86.842310,KINGSBURY DR,,,,0.00,,,OLD HICKORY BLVD,,,,0.00,Y,Four-Way,N,Intersection-Related,None,,,         ,Phillip,Murphy,Clear,Front to Rear,no,no,no,no,no,False
101578738,METROPOLITAN NASHVILLE POLICE DEPT,20170222324,Davidson,Nashville,3/10/2017 11:10:00 AM,2,1,0,36.155060,-86.785100,DEMONBREUN ST,,,,17.00,Feet,West,11TH AVS,,,,0.00,N,Not at Intersection,N,Non-Junction,None,,,         ,Steven,Folliard,Clear,Front to Rear,no,no,no,no,no,False
101578741,BELLE MEADE POLICE DEPT,17-0069,Davidson,Belle Meade,3/10/2017 9:27:00 AM,2,1,0,36.090170,-86.850310,LYNNWOOD BLVD,,,,0.00,,,WARNER PL,,,,0.00,Y,T-Intersection,N,Intersection,None,,,         ,Doris,Howell,Cloudy,Angle,no,no,no,no,no,False
101578748,METROPOLITAN NASHVILLE POLICE DEPT,20170222453,Davidson,Not in City Limit,3/10/2017 12:05:00 PM,2,0,0,36.258430,-86.713540,HARRIS ST,,,,0.00,,,GALLATIN PKES,,,,0.00,Y,Four-Way, ,Intersection,None,,,         ,Richard,Conger,Clear,Front to Rear,no,no,no,no,yes,False
101578788,METROPOLITAN NASHVILLE POLICE DEPT,20170222372,Davidson,Nashville,3/10/2017 11:27:00 AM,2,0,0,36.133360,-86.779180,8TH AVS,,,,78.00,Feet,South,ROYCROFT PL,,,,0.00,N,Not at Intersection,N,Non-Junction,None,,,         ,Phillip,Murphy,Clear,Front to Rear,no,no,no,no,yes,False
101578819,THP District 3 - Nashville,317013418,Davidson,Not in City Limit,3/9/2017 7:10:00 AM,2,0,0,36.328560,-86.894590,I 24,,,,0.00,,,,,,,33.40,N,Not at Intersection, ,Non-Junction,None,,,         ,Vincent,Meaker,Clear,Front to Rear,no,no,no,no,no,False
101578833,GOODLETTSVILLE POLICE DEPT,17-08896,Davidson,Goodlettsville,3/10/2017 12:40:00 PM,2,0,0,36.312930,-86.707520,RIVERGATE PKWY,,,,414.00,Feet,North,TWO MILE PKE,,,,0.00,N,Not at Intersection,N,Non-Junction,None,,,         ,Ashley,Akers,Clear,Angle,no,no,no,no,no,False
101578857,METROPOLITAN NASHVILLE POLICE DEPT,20170222392,Davidson,Nashville,3/10/2017 11:40:00 AM,2,1,0,36.188110,-86.797660,DOMINICAN DR,,,,251.00,Feet,West,FRENCH LANDING DR,,,,0.00,N,Not at Intersection,N,Non-Junction,None,,,         ,Nicholas,MacDougall,Clear,Angle,no,no,no,no,no,False
101578860,METROPOLITAN NASHVILLE POLICE DEPT,2017-0222528,Davidson,Nashville,3/10/2017 12:38:00 PM,3,0,0,36.046350,-86.657510,BELL RD,,,,173.00,Feet,East,COLLINS PARK DR,,,,0.00,N,Not at Intersection,N,Non-Junction,None,,,         ,William,Whitworth,Clear,Front to Rear,no,no,no,no,yes,False
101578884,METROPOLITAN NASHVILLE POLICE DEPT,20170222625,Davidson,Nashville,3/10/2017 1:08:00 PM,2,0,0,36.152350,-86.769010,LINDSLEY AV,,,,0.00,,,2ND AVS,,,,0.00,Y,Four-Way, ,Intersection,None,,,         ,Wesley,Henderson,Clear,Angle,no,no,no,no,no,False
101578916,METROPOLITAN NASHVILLE POLICE DEPT,20170222727,Davidson,Nashville,3/10/2017 1:55:00 PM,2,0,0,36.037450,-86.786180,OLD HICKORY BLVD,,,,101.00,Feet,West,WILSON PIKE CIR,,,,0.00,N,Not at Intersection, ,Non-Junction,None,,,         ,Gary,Sneed,Clear,Angle,no,no,no,no,no,False
101578920,METROPOLITAN NASHVILLE POLICE DEPT,2017-222603,Davidson,Nashville,3/10/2017 1:45:00 PM,2,0,0,36.150700,-86.770640,I 40,,,,0.00,,,,,,,210.40,N,Not at Intersection,N,Entrance/Exit Ramp Related,None,,,         ,Charles,Coe,Clear,Front to Rear,no,no,no,no,no,False
101578952,METROPOLITAN NASHVILLE POLICE DEPT,2017-0222443,Davidson,Nashville,3/10/2017 12:00:00 PM,2,0,0,0.000000,0.000000,COMMERCE ST.,,,,25.00,Feet,West,6TH AVE. N.,,,,0.00,N,Not at Intersection, ,Non-Junction,None,,,         ,William,Vincion,Clear,Angle,no,no,no,no,no,False
101578992,METROPOLITAN NASHVILLE POLICE DEPT,20170222721,Davidson,Nashville,3/10/2017 1:55:00 PM,2,1,0,36.153680,-86.785600,12TH AVS,,,,35.00,Feet,North,LAUREL ST,,,,0.00,N,Not at Intersection,N,Non-Junction,None,,,         ,Shawn,Taylor,Clear,"Sideswipe, Same Direction",no,no,no,no,no,False
101579009,METROPOLITAN NASHVILLE POLICE DEPT,20170222703,Davidson,Nashville,3/10/2017 1:50:00 PM,3,0,0,36.029430,-86.637510,I 24,,,,0.00,,,,,,,61.05,N,Not at Intersection,N,Non-Junction,None,,,         ,Todd,Watson,Clear,Front to Rear,no,no,no,no,no,False
101579059,METROPOLITAN NASHVILLE POLICE DEPT,2017-0222772,Davidson,Nashville,3/10/2017 12:38:00 PM,2,0,0,36.039210,-86.648360,I 24,,,,0.00,,,,,,,60.10,N,Not at Intersection, ,Non-Junction,None,,,         ,William,Whitworth,Clear,Other,no,no,no,no,no,False
101579156,METROPOLITAN NASHVILLE POLICE DEPT,20170222841,Davidson,Nashville,3/10/2017 12:00:00 AM,2,0,0,36.153840,-86.787910,DEMONBREUN ST,,,,17.00,Feet,South,I40 W EXT RAMP,,,,0.00,N,Not at Intersection, ,Non-Junction,None,,,         ,Landon,Bagwell,Clear,"Sideswipe, Same Direction",no,no,no,no,no,False