master_record_number,agency,agency_tracking_number,county,city,collision_date,vehicles_involved,number_injured,number_dead,latitude,longitude,roadway_name,roadway_suffix,roadway_number,roadway_local_id,distance_from_reference,miles-feet_indicator,direction_from_reference,intersection_road_name,intersection_road_name_suffix,intersection_road_number,intersection_local_id,mile_marker,intersection_indicator,intersect_type,interchange_related_indicator,relation_to_junction,work_zone_type,construction_maintenance_zone,construction_maintenance_zone_location,fatal_case_number,officer_first_name,officer_last_name,weather_condition(s),manner_of_crash,pedestrian,bicycle,scooter,parking,hitrun,mou
101580819,METROPOLITAN NASHVILLE POLICE DEPT,20170227437,Davidson,Nashville,3/12/2017 7:01:00 AM,2,0,0,36.124290,-86.738450,I 440,,,,0.00,,,,,,,6.90,N,Not at Intersection,N,Non-Junction,None,,,         ,Caleb,Jernigan,Clear,Front to Rear,no,no,no,no,yes,False
101580829,METROPOLITAN NASHVILLE POLICE DEPT,20170227489,Davidson,Nashville,3/12/2017 7:30:00 AM,2,2,0,36.140110,-86.826980,MURPHY RD,,,,39.00,Feet,West,BOWLING AV,,,,0.00,N,Not at Intersection,N,Non-Junction,None,,,         ,Brian,Myatt,Clear,Front to Rear,no,no,no,no,no,False
101580831,METROPOLITAN NASHVILLE POLICE DEPT,20170227592,Davidson,Nashville,3/12/2017 8:45:00 AM,2,0,0,36.074540,-86.773630,FRANKLIN PKE,,,,1100.00,Feet,South,TYNE BLVD,,,,0.00,N,Not at Intersection, ,Non-Junction,None,,,         ,Earl,Davis,Clear,Front to Rear,no,no,no,no,no,False
101580838,METROPOLITAN NASHVILLE POLICE DEPT,20170227434,Davidson,Not in City Limit,3/12/2017 6:48:00 AM,2,0,0,36.275710,-86.765700,OLD HICKORY BLVD,,,,389.00,Feet,West,LAWING DR,,,,0.00,N,Not at Intersection,N,Non-Junction,None,,,         ,Brandon,Wood,Clear,Not Collision with Motor Vehicle in Transport,no,no,no,no,yes,False
101580912,METROPOLITAN NASHVILLE POLICE DEPT,20170227844,Davidson,Nashville,3/12/2017 10:45:00 AM,2,0,0,36.169060,-86.682400,FAIRWAY DR,,,,18.00,Feet,West,LEBANON PKE,,,,0.00,N,Not at Intersection, ,,None,,,         ,Richard,Hyatt,,,no,no,no,no,no,False
101580917,METROPOLITAN NASHVILLE POLICE DEPT,20170227614,Davidson,Nashville,3/12/2017 8:55:00 AM,2,0,0,36.164710,-86.780620,UNION ST,,,,57.00,Feet,West,ARCADE ALY,,,,0.00,N,Not at Intersection, ,Non-Junction,None,,,         ,William,Gibbs,Clear,Angle,no,no,no,no,no,False
101580940,METROPOLITAN NASHVILLE POLICE DEPT,20170227929,Davidson,Nashville,3/12/2017 11:25:00 AM,2,0,0,36.044700,-86.661530,CANE RIDGE RD,,,,28.00,Feet,South,BELL RD,,,,0.00,N,Not at Intersection, ,Non-Junction,None,,,         ,Jason,Dudley,Clear,"Sideswipe, Opposite Direction",no,no,no,no,yes,False
101580962,METROPOLITAN NASHVILLE POLICE DEPT,2017-0227949,Davidson,Nashville,3/12/2017 11:50:00 AM,2,0,0,36.044790,-86.724870,OLD HICKORY BLVD,,,,0.00,,,AMALIE DR,,,,0.00,Y,Four-Way, ,Intersection,None,,,         ,Timothy,Edwards,Clear,Front to Rear,no,no,no,no,no,False
101580963,METROPOLITAN NASHVILLE POLICE DEPT,20170227964,Davidson,Nashville,3/12/2017 11:00:00 AM,2,0,0,36.141570,-86.715120,I 40,,,,0.00,,,,,,,213.90,N,Not at Intersection, ,Non-Junction,None,,,         ,Richard,Hyatt,Clear,"Sideswipe, Same Direction",no,no,no,no,no,False
101580964,BERRY HILL POLICE DEPT,17-0853,Davidson,Berry Hill,3/12/2017 11:40:00 AM,2,1,0,36.112330,-86.767020,THOMPSON LN,,,,0.00,,,BRANSFORD AV,,,,0.00,Y,Four-Way,N,Intersection,None,,,         ,Larry,Carter,Clear,Front to Rear,no,no,no,no,no,False
101581067,METROPOLITAN NASHVILLE POLICE DEPT,20170228007,Davidson,Nashville,3/12/2017 12:20:00 PM,2,0,0,36.167790,-86.820750,JEFFERSON ST,,,,0.00,,,28TH AVN,,,,0.00,Y,Four-Way, ,,None,,,         ,Nicholas,MacDougall,,,no,no,no,no,no,False
101581073,METROPOLITAN NASHVILLE POLICE DEPT,20170228062,Davidson,Nashville,3/12/2017 1:12:00 PM,2,0,0,36.073640,-86.920680,OLD HICKORY BLVD,,,,49.00,Feet,South,BELLEVUE VALLEY PLAZA PVTDR,,,,0.00,N,Not at Intersection,N,Non-Junction,None,,,         ,Andrew,Maholland,Clear,Angle,no,no,no,no,no,False
101581077,METROPOLITAN NASHVILLE POLICE DEPT,20170228037,Davidson,Not in City Limit,3/12/2017 12:53:00 PM,2,0,0,36.263190,-86.713200,OLD HICKORY BLVDW,,,,33.00,Feet,West,OLD TIME VILLAGE PVTDR,,,,0.00,N,Not at Intersection, ,Non-Junction,None,,,         ,Michael,Agee,Clear,Angle,no,no,no,no,no,False
101581094,METROPOLITAN NASHVILLE POLICE DEPT,20170228101,Davidson,Nashville,3/12/2017 12:00:00 AM,2,0,0,36.174380,-86.790620,7TH AVN,,,,110.00,Feet,North,MADISON ST,,,,0.00,N,Not at Intersection, ,Non-Junction,None,,,         ,Nathan,Mayo,Unknown,Unknown,no,no,no,no,yes,False
101581111,METROPOLITAN NASHVILLE POLICE DEPT,20170228118,Davidson,Not in City Limit,3/12/2017 2:05:00 PM,2,0,0,36.260920,-86.712650,GALLATIN PKES,,,,123.00,Feet,South,MAPLE ST,,,,0.00,N,Not at Intersection, ,Non-Junction,None,,,         ,DuJuan,Kendrick,Clear,Angle,no,no,no,no,no,False
101581116,METROPOLITAN NASHVILLE POLICE DEPT,20170228065,Davidson,Not in City Limit,3/12/2017 1:13:00 PM,2,1,0,36.264210,-86.733860,HEAD DR,,,,0.00,,,OLD HICKORY BLVDW,,,,0.00,Y,T-Intersection,Y,Intersection,None,,,         ,Brandon,Wood,Clear,Angle,no,no,no,no,no,False
101581125,METROPOLITAN NASHVILLE POLICE DEPT,20170228138,Davidson,Nashville,3/12/2017 2:20:00 PM,1,0,0,36.230830,-86.749570,BROADMOOR DR,,,,107.00,Feet,West,ELLINGTON PKWY S ENT RAMP,,,,0.00,N,Not at Intersection,N,Non-Junction,None,,,         ,Steven,Spillers,Clear,Not Collision with Motor Vehicle in Transport,no,no,no,no,no,False
101581128,METROPOLITAN NASHVILLE POLICE DEPT,20170228130,Davidson,Nashville,3/12/2017 12:58:00 PM,2,2,0,36.201580,-86.739610,GALLATIN PKE,,,,164.00,Feet,South,DOZIER PL,,,,0.00,N,Not at Intersection,N,Non-Junction,None,,,         ,Gregory,Cenicola,Clear,Front to Rear,no,no,no,no,yes,False
101581157,METROPOLITAN NASHVILLE POLICE DEPT,20170228107,Davidson,Nashville,3/12/2017 1:52:00 PM,2,0,0,36.241960,-86.757080,DICKERSON PKE,,,,0.00,,,DICKERSON PKE ENT RAMP,,,,0.00,Y,Four-Way,Y,Intersection,None,,,         ,Jack,Crouch,Clear,Angle,no,no,no,no,no,False
101581161,GOODLETTSVILLE POLICE DEPT,17-09141,Davidson,Goodlettsville,3/12/2017 12:30:00 PM,3,2,0,36.293390,-86.718970,I 65,,,,0.00,,,,,,,94.55,N,Not at Intersection,N,Non-Junction,None,,,         ,Jeremy,Baker,Clear,Angle,no,no,no,no,no,False
101581165,METROPOLITAN NASHVILLE POLICE DEPT,20170228126,Davidson,Nashville,3/12/2017 2:10:00 PM,1,0,0,36.171920,-86.601790,OLD HICKORY BLVD,,,,271.00,Feet,South,PRINCETON PL,,,,0.00,N,Not at Intersection,N,Non-Junction,None,,,         ,Dontaveous,Eubanks,Clear,Not Collision with Motor Vehicle in Transport,no,no,no,no,yes,False
101581167,METROPOLITAN NASHVILLE POLICE DEPT,20170228122,Davidson,Nashville,3/12/2017 1:33:00 PM,2,0,0,36.039810,-86.781200,OLD HICKORY BLVD,,,,92.00,Feet,West,I65 N EXT RAMP,,,,0.00,N,Not at Intersection, ,Non-Junction,None,,,         ,Benjamin,Williams,Clear,Front to Rear,no,no,no,no,no,False
101581168,METROPOLITAN NASHVILLE POLICE DEPT,20170228198,Davidson,Nashville,3/12/2017 3:05:00 PM,2,0,0,36.076450,-86.689860,BAKERTOWN RD,,,,77.00,Feet,South,MAX CT,,,,0.00,N,Not at Intersection, ,Non-Junction,None,,,         ,Marcus,Darden,Clear,Angle,no,no,no,no,no,False
101581181,METROPOLITAN NASHVILLE POLICE DEPT,20170228195,Davidson,Nashville,3/12/2017 3:00:00 PM,2,0,0,36.049480,-86.651100,BELL RD,,,,198.00,Feet,East,HICKORY HOLLOW MALL PVTDR PL,,,,0.00,N,Not at Intersection,N,Non-Junction,None,,,         ,Richard,Olive,Clear,Front to Rear,no,no,no,no,no,False
101581183,METROPOLITAN NASHVILLE POLICE DEPT,20170228157,Davidson,Not in City Limit,3/12/2017 2:37:00 PM,3,3,0,36.277890,-86.734490,I 65,,,,0.00,,,,,,,93.20,N,Not at Intersection,N,Non-Junction,None,,,         ,Christopher,Littles,Clear,Front to Rear,no,no,no,no,no,False
101581191,METROPOLITAN NASHVILLE POLICE DEPT,20170228324,Davidson,Nashville,3/12/2017 3:59:00 PM,1,0,0,36.150430,-86.784890,I 40,,,,0.00,,,,,,,209.55,N,Not at Intersection,N,Non-Junction,None,,,         ,Derek,Betty,Clear,Not Collision with Motor Vehicle in Transport,no,no,no,no,no,False
101581200,METROPOLITAN NASHVILLE POLICE DEPT,20170228336,Davidson,Nashville,3/12/2017 4:08:00 PM,2,0,0,36.115520,-86.810640,HILLSBORO PKE,,,,99.00,Feet,South,HAMPTON PL,,,,0.00,N,Not at Intersection, ,,None,,,         ,Ethan,Usherwood,,,no,no,no,no,no,False
101581206,METROPOLITAN NASHVILLE POLICE DEPT,20170228311,Davidson,Nashville,3/12/2017 3:56:00 PM,1,0,0,36.143630,-86.701160,I40 E EXT RAMP,,,,0.00,,,I 40,,,,0.00,Y,OTHER, ,Entrance/Exit Ramp Related,None,,,         ,Kimberly,Annson,Clear,Not Collision with Motor Vehicle in Transport,no,no,no,no,no,False
101581237,METROPOLITAN NASHVILLE POLICE DEPT,2017-0220410,Davidson,Nashville,3/9/2017 8:08:00 PM,1,1,0,36.215280,-86.837870,CLARKSVILLE PKE,,,,329.00,Feet,North,CEDAR CIR,,,,0.00,N,Not at Intersection,N,Non-Junction,None,,,         ,Victor,Alexander,Rain,Not Collision with Motor Vehicle in Transport,yes,no,no,yes,no,False
101581247,METROPOLITAN NASHVILLE POLICE DEPT,20170228358,Davidson,Nashville,3/12/2017 5:06:00 PM,2,0,0,36.115780,-86.810430,HAMPTON PL,,,,53.00,Feet,East,HILLSBORO PKE,,,,0.00,N,Not at Intersection, ,Non-Junction,None,,,         ,William,Taylor,Clear,Angle,no,no,no,no,no,False
101581249,METROPOLITAN NASHVILLE POLICE DEPT,20170228380,Davidson,Nashville,3/12/2017 4:05:00 PM,1,0,0,36.248330,-86.742510,I 65,,,,0.00,,,,,,,91.10,N,Not at Intersection, ,Non-Junction,None,,,         ,Christopher,Littles,Clear,Not Collision with Motor Vehicle in Transport,no,no,no,no,no,False
101581250,METROPOLITAN NASHVILLE POLICE DEPT,20170228381,Davidson,Not in City Limit,3/12/2017 4:18:00 PM,2,0,0,36.274440,-86.735540,I 65,,,,0.00,,,,,,,93.00,N,Not at Intersection,N,Non-Junction,None,,,         ,Christopher,Littles,Clear,Front to Rear,no,no,no,no,yes,False
101581252,METROPOLITAN NASHVILLE POLICE DEPT,20170228458,Davidson,Nashville,3/12/2017 5:13:00 PM,1,2,0,36.224480,-86.774670,I24 W ENT RAMP,,,,0.00,Feet,East,I 65,,,,0.00,N,Not at Intersection,N,Entrance/Exit Ramp Related,None,,,         ,Kevin,Reynolds,Clear,Not Collision with Motor Vehicle in Transport,no,no,no,no,no,False
101581254,METROPOLITAN NASHVILLE POLICE DEPT,20170228425,Davidson,Nashville,3/12/2017 4:56:00 PM,2,1,0,36.131900,-86.895530,I40 E ENT RAMP,,,,0.00,,,I 40,,,,0.00,Y,Four-Way,Y,Entrance/Exit Ramp Related,None,,,         ,Adam,Reese,Clear,Angle,no,no,no,no,no,False
101581292,METROPOLITAN NASHVILLE POLICE DEPT,20170228558,Davidson,Nashville,3/12/2017 6:08:00 PM,2,0,0,36.179680,-86.836370,BRIARWICK DR,,,,172.00,Feet,North,VIKING RD,,,,0.00,N,Not at Intersection, ,,None,,,         ,Victor,Alexander,,,no,no,no,no,no,False
101581296,METROPOLITAN NASHVILLE POLICE DEPT,20170228518,Davidson,Nashville,3/12/2017 5:25:00 PM,2,0,0,36.160950,-86.797150,16TH AVN,,,,0.00,,,PEARL ST,,,,0.00,Y,Four-Way, ,,None,,,         ,Frederick,Ware,,,no,no,no,no,no,False
101581303,METROPOLITAN NASHVILLE POLICE DEPT,20170228493,Davidson,Nashville,3/12/2017 5:20:00 PM,2,0,0,36.188070,-86.607690,ANDREW JACKSON PKWY,,,,53.00,Feet,North,OLD LEBANON DIRT RD,,,,0.00,N,Not at Intersection, ,Non-Junction,None,,,         ,Dontaveous,Eubanks,Clear,"Sideswipe, Same Direction",no,no,no,no,yes,False
101581319,METROPOLITAN NASHVILLE POLICE DEPT,20170228352,Davidson,Nashville,3/12/2017 4:12:00 PM,5,5,0,36.141610,-86.672320,I 40,,,,0.00,,,,,,,215.00,N,Not at Intersection,N,Non-Junction,None,,,         ,Jaby,Djabbarov,Clear,Front to Rear,no,no,no,no,no,False
101581331,METROPOLITAN NASHVILLE POLICE DEPT,20170228428,Davidson,Nashville,3/12/2017 4:59:00 PM,2,0,0,36.161720,-86.760820,I 24,,,,0.00,,,,,,,49.35,N,Not at Intersection,N,Non-Junction,None,,,         ,Michael,Baron,Clear,Angle,no,no,no,no,no,False
101581341,METROPOLITAN NASHVILLE POLICE DEPT,20170228234,Davidson,Not in City Limit,3/12/2017 2:25:00 PM,3,3,0,36.308610,-86.681540,RIVERCHASE BLVD,,,,0.00,,,GALLATIN PKEN,,,,0.00,Y,Four-Way,N,Intersection,None,,,         ,Bradley,Campbell,Clear,Front to Rear,no,no,no,no,no,False
101581414,METROPOLITAN NASHVILLE POLICE DEPT,20170228567,Davidson,Nashville,3/12/2017 6:05:00 PM,1,0,0,36.161800,-86.856890,LOUISIANA AV,,,,0.00,,,57TH AVN,,,,0.00,Y,T-Intersection,Y,Intersection,None,,,         ,Barrett,Teague,Clear,Not Collision with Motor Vehicle in Transport,no,no,no,no,no,False
101581415,METROPOLITAN NASHVILLE POLICE DEPT,20170228818,Davidson,Nashville,3/12/2017 7:57:00 PM,2,0,0,36.232870,-86.758700,DICKERSON PKE,,,,97.00,Feet,South,MAPLEWOOD TRC,,,,0.00,N,Not at Intersection, ,Non-Junction,None,,,         ,Christopher,Valdez,Clear,Angle,no,no,no,no,no,False
101581453,METROPOLITAN NASHVILLE POLICE DEPT,20170228251,Davidson,Nashville,3/12/2017 2:38:00 PM,2,0,0,36.139107,-86.879765,6509 CHARLOTTE PK,,,,50.00,Feet,East,HILLWOOD BLVD,,,,0.00,N,Not at Intersection,N,Non-Junction,None,,,         ,Jeremy,Huffine,Clear,Rear to Side,no,no,no,yes,yes,False
101581526,METROPOLITAN NASHVILLE POLICE DEPT,20170228495,Davidson,Nashville,3/12/2017 4:33:00 PM,1,0,0,36.248150,-86.680270,MEADOW BEND DR,,,,71.00,Feet,South,SIOUX TER,,,,0.00,N,Not at Intersection,N,Non-Junction,None,,,         ,Harold,Willmore IV,Clear,Not Collision with Motor Vehicle in Transport,no,no,no,no,yes,False
101581527,METROPOLITAN NASHVILLE POLICE DEPT,20170228711,Davidson,Nashville,3/12/2017 7:19:00 PM,3,2,0,36.100760,-86.625970,BELL RD,,,,2596.00,Feet,South,NED SHELTON RD,,,,0.00,N,Not at Intersection,N,Non-Junction,None,,,         ,Patrick,Taylor,Clear,HeadOn,no,no,no,no,no,False
101581529,METROPOLITAN NASHVILLE POLICE DEPT,20170228834,Davidson,Nashville,3/12/2017 7:59:00 PM,1,0,0,36.143090,-86.686040,I 40,,,,0.00,,,,,,,215.50,N,Not at Intersection, ,Non-Junction,None,,,         ,Thomas,Barnes,Clear,Not Collision with Motor Vehicle in Transport,no,no,no,no,no,False
101581536,METROPOLITAN NASHVILLE POLICE DEPT,20170228326,Davidson,Nashville,3/12/2017 3:58:00 PM,2,1,0,36.070030,-86.698800,HAYWOOD LN,,,,0.00,,,EAST RIDGE DR,,,,0.00,Y,Four-Way,N,Intersection,None,,,         ,Nakia,Reid,Clear,"Sideswipe, Opposite Direction",no,no,no,no,no,False
101581550,METROPOLITAN NASHVILLE POLICE DEPT,20170228926,Davidson,Nashville,3/12/2017 12:00:00 AM,2,0,0,36.102790,-86.627220,BELL RD,,,,1773.00,Feet,South,NED SHELTON RD,,,,0.00,N,Not at Intersection,N,Non-Junction,None,,,         ,Patrick,Taylor,Clear,Front to Rear,no,no,no,no,yes,False
101581553,METROPOLITAN NASHVILLE POLICE DEPT,20170228974,Davidson,Not in City Limit,3/12/2017 5:35:00 PM,2,0,0,36.064230,-86.939930,OLD HARDING PKE,,,,69.00,Feet,East,CLOFTON DR,,,,0.00,N,Not at Intersection,N,Non-Junction,None,,,         ,Adam,Reese,Clear,Front to Rear,no,no,no,no,yes,False
101581557,METROPOLITAN NASHVILLE POLICE DEPT,20170228943,Davidson,Nashville,3/12/2017 9:14:00 PM,2,0,0,36.197060,-86.828130,BUENA VISTA PKE,,,,0.00,,,CLIFF DR,,,,0.00,Y,OTHER,N,Non-Junction,None,,,         ,Matthew,Boguskie,Clear,Rear to Side,no,no,no,yes,yes,False
101581560,METROPOLITAN NASHVILLE POLICE DEPT,20170228629,Davidson,Nashville,3/12/2017 6:42:00 PM,3,5,0,36.086490,-86.648410,MURFREESBORO PKE,,,,172.00,Feet,South,UNA ANTIOCH PKE,,,,0.00,N,Not at Intersection,N,Non-Junction,None,,,         ,Marcus,Darden,Clear,Front to Rear,no,no,no,no,no,False
101581585,GOODLETTSVILLE POLICE DEPT,17-09192,Davidson,Goodlettsville,3/12/2017 7:25:00 PM,2,2,0,36.306930,-86.694160,CONFERENCE DR,,,,0.00,,East,VIETNAM VETERANS BLVD NB ENT R,,,,0.00,N,Not at Intersection,Y,Entrance/Exit Ramp Related,None,,,         ,William,Hunter,Clear,Front to Rear,no,no,no,no,no,False
101581596,METROPOLITAN NASHVILLE POLICE DEPT,20170229056,Davidson,Nashville,3/12/2017 10:34:00 PM,3,0,0,0.000000,0.000000,I40 E,,,,50.00,Feet,East,,,I,,212.00,N,Not at Intersection,N,Non-Junction,None,,,         ,Justin,Chisholm,Clear,Not Collision with Motor Vehicle in Transport,no,no,no,no,no,False
101581599,VANDERBILT UNIVERSITY POLICE,2017-0229197,Davidson,Nashville,3/12/2017 9:31:00 PM,1,0,0,36.145400,-86.807480,25TH AVS,,,,0.00,,,,,,,0.00,,,N,Non-Junction,None,,,         ,Robert,Skucy,Clear,Not Collision with Motor Vehicle in Transport,no,no,no,yes,yes,Campus
101581606,METROPOLITAN NASHVILLE POLICE DEPT,20170229415,Davidson,Nashville,3/12/2017 11:10:00 PM,2,0,0,36.087390,-86.692180,ANTIOCH PKE,,,,0.00,,,,,,,0.00,,,N,Non-Junction,None,,,         ,Brian,Mclarty,Clear,Front to Rear,no,no,no,yes,yes,False
101581609,METROPOLITAN NASHVILLE POLICE DEPT,20170229433,Davidson,Nashville,3/13/2017 12:00:00 AM,2,0,0,36.033200,-86.641730,I 24,,,,0.00,,,,,,,60.70,N,Not at Intersection,N,Non-Junction,None,,,         ,Daniel,Garrett,Clear,Front to Rear,no,no,no,no,yes,False
101581649,METROPOLITAN NASHVILLE POLICE DEPT,20170229275,Davidson,Nashville,3/13/2017 12:18:00 AM,2,1,0,36.146580,-86.643800,I 40,,,,0.00,,,,,,,218.00,N,Not at Intersection,N,Non-Junction,None,,,         ,Robert,Fondren,Cloudy,Front to Rear,no,no,no,no,no,False
101581652,METROPOLITAN NASHVILLE POLICE DEPT,20170229685,Davidson,Not in City Limit,3/13/2017 4:12:00 AM,1,0,0,36.205140,-86.947210,ASHLAND CITY HWY,,,,0.00,,,PECAN VALLEY RD,,,,0.00,Y,T-Intersection, ,Intersection,None,,,         ,John,Tyree,Clear,Not Collision with Motor Vehicle in Transport,no,no,no,no,no,False
101581655,METROPOLITAN NASHVILLE POLICE DEPT,20170229573,Davidson,Nashville,3/13/2017 12:00:00 AM,1,0,0,36.153550,-86.857470,I40 W EXT RAMP,,,,0.00,,,BRILEY PKWY S EXT RAMP,,,,0.00,Y,Y-Intersection,N,Non-Junction,None,,,         ,Kristen,Morgan,Clear,Not Collision with Motor Vehicle in Transport,no,no,no,no,no,False
101581660,METROPOLITAN NASHVILLE POLICE DEPT,20170229419,Davidson,Nashville,3/12/2017 10:45:00 PM,2,0,0,36.077800,-86.661900,PICCADILLY ROW,,,,741.00,Feet,East,PICCADILLY SAC,,,,0.00,N,Not at Intersection,N,Non-Junction,None,,,         ,Pamela,Caulder,Cloudy,Front to Rear,no,no,no,yes,yes,False
101581686,METROPOLITAN NASHVILLE POLICE DEPT,20170229921,Davidson,Nashville,3/13/2017 6:55:00 AM,2,0,0,36.153950,-86.836560,I40 E ENT RAMP,,,,0.00,,,I 40,,,,0.00,Y,Y-Intersection, ,Intersection-Related,None,,,         ,Curtis,Rich,Clear,Angle,no,no,no,no,no,False
101581710,GOODLETTSVILLE POLICE DEPT,17-09237,Davidson,Goodlettsville,3/13/2017 7:28:00 AM,2,1,0,36.326520,-86.714180,N. MAIN ST,,US31/41,,0.00,,,DEPOT STREET,,,,0.00,Y,T-Intersection,N,Intersection,None,,,         ,Daniel,Knalls,Clear,Front to Rear,no,no,no,no,no,False
101581725,METROPOLITAN NASHVILLE POLICE DEPT,20170229905,Davidson,Nashville,3/13/2017 6:38:00 AM,2,1,0,36.109950,-86.770240,I 65,,,,0.00,,,,,,,79.75,N,Not at Intersection,N,Non-Junction,None,,,         ,Justin,Pinkelton,Clear,Front to Rear,no,no,no,no,no,False
101581741,METROPOLITAN NASHVILLE POLICE DEPT,2017-0219440,Davidson,Nashville,3/9/2017 1:50:00 PM,2,0,0,0.000000,0.000000,1ST AVE. S.,,,,20.00,Feet,North,KOREAN VETERANS BLVD.,,,,0.00,N,Not at Intersection, ,,None,,,         ,William,Vincion,,,no,no,no,no,no,False
101581744,METROPOLITAN NASHVILLE POLICE DEPT,20170230059,Davidson,Nashville,3/13/2017 7:51:00 AM,2,0,0,36.195800,-86.776120,I 65,,,,0.00,,,,,,,86.60,N,Not at Intersection, ,Non-Junction,None,,,         ,Michael,McCord,Cloudy,Front to Rear,no,no,no,no,no,False
101581747,METROPOLITAN NASHVILLE POLICE DEPT,20170222756,Davidson,Nashville,3/10/2017 1:53:00 PM,2,0,0,36.127960,-86.712740,MURFREESBORO PKE,,,,113.00,Feet,East,PHILFRE CT,,,,0.00,N,Not at Intersection, ,Non-Junction,None,,,         ,Kevin,Coleman,Clear,Front to Rear,no,no,no,no,no,False
101581750,METROPOLITAN NASHVILLE POLICE DEPT,20170230082,Davidson,Nashville,3/13/2017 8:18:00 AM,1,1,0,36.172840,-86.765340,JAMES ROBERTSON PKWY,,,,0.00,,,MAIN ST,,,,0.00,Y,Four-Way,Y,Intersection,None,,,         ,Richard,Conger,Clear,Not Collision with Motor Vehicle in Transport,yes,no,no,no,no,False
101581755,METROPOLITAN NASHVILLE POLICE DEPT,20170230009,Davidson,Nashville,3/13/2017 7:35:00 AM,2,0,0,36.063200,-86.699210,PACKARD DR,,,,0.00,,,EAST RIDGE DR,,,,0.00,Y,T-Intersection, ,Intersection,None,,,         ,Randall,Combs,Clear,Front to Rear,no,no,no,no,no,False
101581761,METROPOLITAN NASHVILLE POLICE DEPT,20170229916,Davidson,Nashville,3/13/2017 6:46:00 AM,3,1,0,36.101720,-86.764840,I 65,,,,0.00,,,,,,,79.15,N,Not at Intersection,N,Non-Junction,None,,,         ,Phillip,Murphy,Clear,Front to Rear,no,no,no,no,no,False
101581762,METROPOLITAN NASHVILLE POLICE DEPT,20170230048,Davidson,Nashville,3/13/2017 7:55:00 AM,2,0,0,36.158170,-86.760440,I 24,,,,0.00,,,,,,,49.60,N,Not at Intersection,Y,Entrance/Exit Ramp Related,None,,,         ,Charles,Coe,Cloudy,Front to Rear,no,no,no,no,no,False
101581763,METROPOLITAN NASHVILLE POLICE DEPT,20170230105,Davidson,Nashville,3/13/2017 8:26:00 AM,2,0,0,36.147230,-86.743640,I 40,,,,0.00,,,,,,,212.00,N,Not at Intersection, ,Non-Junction,None,,,         ,Tyler,Adcock,Cloudy,Front to Rear,no,no,no,no,no,False
101581765,METROPOLITAN NASHVILLE POLICE DEPT,20170230162,Davidson,Nashville,3/13/2017 8:31:00 AM,2,0,0,36.105770,-86.767410,I 65,,,,0.00,,,,,,,79.50,N,Not at Intersection, ,Non-Junction,None,,,         ,Justin,Pinkelton,Cloudy,"Sideswipe, Same Direction",no,no,no,no,no,False
101581770,METROPOLITAN NASHVILLE POLICE DEPT,20170230170,Davidson,Nashville,3/13/2017 8:39:00 AM,2,0,0,36.121860,-86.759360,I 440,,,,0.00,,,,,,,5.80,N,Not at Intersection, ,Non-Junction,None,,,         ,Benjamin,Williams,Clear,Front to Rear,no,no,no,no,yes,False
101581775,METROPOLITAN NASHVILLE POLICE DEPT,20170222796,Davidson,Nashville,3/10/2017 1:52:00 PM,2,0,0,36.127780,-86.712510,MURFREESBORO PKE,,,,206.00,Feet,East,PHILFRE CT,,,,0.00,N,Not at Intersection, ,,None,,,         ,Kevin,Coleman,,,no,no,no,no,no,False
101581781,METROPOLITAN NASHVILLE POLICE DEPT,20170229924,Davidson,Nashville,3/13/2017 7:15:00 AM,2,0,0,0.000000,0.000000,INTERSTATE 40,,,,500.00,Feet,East,,,,,210.00,N,Not at Intersection, ,Non-Junction,None,,,         ,William,Vincion,Cloudy,"Sideswipe, Same Direction",no,no,no,no,no,False
101581793,METROPOLITAN NASHVILLE POLICE DEPT,20170230077,Davidson,Nashville,3/13/2017 8:10:00 AM,2,0,0,36.004920,-86.621820,OLD HICKORY BLVD,,,,0.00,,,BURKITT RD,,,,0.00,Y,T-Intersection, ,Intersection-Related,None,,,         ,Caleb,Jernigan,Clear,Other,no,no,no,no,no,False
101581794,METROPOLITAN NASHVILLE POLICE DEPT,20170229920,Davidson,Nashville,3/13/2017 6:30:00 AM,2,0,0,36.150710,-86.785320,I 40,,,,0.00,,,,,,,209.50,N,Not at Intersection, ,Non-Junction,None,,,         ,Jacob,West,Clear,Front to Rear,no,no,no,no,no,False
101581799,METROPOLITAN NASHVILLE POLICE DEPT,2017-0230011,Davidson,Nashville,3/13/2017 7:41:00 AM,2,0,0,36.064810,-86.622110,HAMILTON CHURCH RD,,,,0.00,,,OWENDALE DR,,,,0.00,Y,T-Intersection,N,Intersection,None,,,         ,William,Whitworth,Clear,Angle,no,no,no,no,no,False
101581808,VANDERBILT UNIVERSITY POLICE,17-0230051,Davidson,Nashville,3/13/2017 7:25:00 AM,2,0,0,36.141880,-86.813150,VANDERBILT PL,,,,0.00,,,30TH AVS,,,,0.00,Y,Four-Way,N,Intersection,None,,,         ,Brent,Clark,Clear,Angle,no,no,no,no,no,Campus
101581817,METROPOLITAN NASHVILLE POLICE DEPT,20170230001,Davidson,Nashville,3/13/2017 7:35:00 AM,3,2,0,36.077770,-86.694830,I 24,,,,0.00,,,,,,,56.40,N,Not at Intersection,N,Non-Junction,None,,,         ,Brian,Lamb,Clear,Front to Rear,no,no,no,no,yes,False