master_record_number,agency,agency_tracking_number,county,city,collision_date,vehicles_involved,number_injured,number_dead,latitude,longitude,roadway_name,roadway_suffix,roadway_number,roadway_local_id,distance_from_reference,miles-feet_indicator,direction_from_reference,intersection_road_name,intersection_road_name_suffix,intersection_road_number,intersection_local_id,mile_marker,intersection_indicator,intersect_type,interchange_related_indicator,relation_to_junction,work_zone_type,construction_maintenance_zone,construction_maintenance_zone_location,fatal_case_number,officer_first_name,officer_last_name,weather_condition(s),manner_of_crash,pedestrian,bicycle,scooter,parking,hitrun,mou
101582326,METROPOLITAN NASHVILLE POLICE DEPT,20170231385,Davidson,Nashville,3/13/2017 5:28:00 PM,2,1,0,36.088430,-86.716860,PARAGON MILLS RD,,,,78.00,Feet,East,BENITA DR,,,,0.00,N,Not at Intersection,N,Non-Junction,None,,,         ,Alyson,Cook,Rain,Front to Rear,no,no,no,no,yes,False
101582337,BERRY HILL POLICE DEPT,17-0871,Davidson,Berry Hill,3/13/2017 12:00:00 AM,2,3,0,36.119260,-86.758890,MELROSE AV,,,,0.00,,,FOUR FORTY CENTER PVTDR,,,,0.00,Y,T-Intersection,N,"Driveway, Alley Access, etc",None,,,         ,John,Gleixner,Cloudy,Angle,no,no,no,no,no,False
101582339,METROPOLITAN NASHVILLE POLICE DEPT,20170231817,Davidson,Nashville,3/13/2017 8:18:00 PM,2,0,0,36.038690,-86.778240,STONE BROOK DR,,,,151.00,Feet,South,SUMMIT VIEW DR,,,,0.00,N,Not at Intersection,N,Non-Junction,None,,,         ,Tien,Nguyen,Cloudy,HeadOn,no,no,no,no,no,False
101582340,METROPOLITAN NASHVILLE POLICE DEPT,20170231426,Davidson,Nashville,3/13/2017 6:22:00 PM,2,0,0,36.082870,-86.727330,NOLENSVILLE PKE,,,,96.00,Feet,North,WELSHWOOD DR,,,,0.00,N,Not at Intersection, ,Non-Junction,None,,,         ,Alyson,Cook,Clear,HeadOn,no,no,no,no,no,False
101582341,METROPOLITAN NASHVILLE POLICE DEPT,20170227091,Davidson,Nashville,3/12/2017 1:35:00 AM,1,1,0,36.066080,-86.686220,I 24,,,,0.00,,,,,,,57.30,N,Not at Intersection,N,Non-Junction,None,,,         ,Nathan,Dungan,Cloudy,Not Collision with Motor Vehicle in Transport,no,no,no,no,no,False
101582352,METROPOLITAN NASHVILLE POLICE DEPT,20170231389,Davidson,Nashville,3/13/2017 5:10:00 PM,2,0,0,36.168230,-86.665320,LEBANON PKE,,,,400.00,Feet,West,OLD LEBANON PKE,,,,0.00,N,Not at Intersection, ,Non-Junction,None,,,         ,Brent,Hedgcoth,Rain,Front to Rear,no,no,no,no,no,False
101582364,METROPOLITAN NASHVILLE POLICE DEPT,20170231555,Davidson,Nashville,3/13/2017 5:44:00 PM,2,0,0,36.123970,-86.745540,I 440,,,,0.00,,,,,,,6.50,N,Not at Intersection,N,Non-Junction,None,,,         ,Alyson,Cook,Clear,Front to Rear,no,no,no,no,yes,False
101582365,METROPOLITAN NASHVILLE POLICE DEPT,20170231920,Davidson,Nashville,3/13/2017 8:42:00 PM,2,0,0,36.108680,-86.812130,GLEN ECHO RD,,,,0.00,,,HILLSBORO PKE,,,,0.00,Y,T-Intersection, ,Intersection,None,,,         ,Ralph,Smith IV,Cloudy,Front to Rear,no,no,no,no,no,False
101582371,METROPOLITAN NASHVILLE POLICE DEPT,20170231287,Davidson,Nashville,3/13/2017 4:52:00 PM,2,2,0,36.215400,-86.588510,LEBANON PKE,,,,0.00,,,BIG HORN DR,,,,0.00,Y,Four-Way,N,Intersection-Related,None,,,         ,Dontaveous,Eubanks,Rain,Front to Rear,no,no,no,no,no,False
101582372,METROPOLITAN NASHVILLE POLICE DEPT,20170231711,Davidson,Nashville,3/13/2017 7:40:00 PM,2,1,0,36.173590,-86.602150,CENTRAL PKE,,,,0.00,,,OLD HICKORY BLVD,,,,0.00,Y,Four-Way,N,Intersection-Related,None,,,         ,Dontaveous,Eubanks,Clear,Front to Rear,no,no,no,no,no,False
101582374,METROPOLITAN NASHVILLE POLICE DEPT,20170231617,Davidson,Nashville,3/13/2017 7:11:00 PM,2,2,0,36.251320,-86.691090,NEELYS BEND RD,,,,155.00,Feet,West,KINSEY BLVD,,,,0.00,N,Not at Intersection,N,Non-Junction,None,,,         ,Cecilia,Gomez,Rain,Front to Rear,no,no,no,no,no,False
101582389,METROPOLITAN NASHVILLE POLICE DEPT,20170231894,Davidson,Nashville,3/13/2017 8:37:00 PM,2,0,0,36.083590,-86.767320,HARDING PL,,,,262.00,Feet,West,PEACH ORCHARD DR,,,,0.00,N,Not at Intersection,N,Non-Junction,None,,,         ,Edin,Plancic,Cloudy,Front to Rear,no,no,no,no,no,False
101582398,METROPOLITAN NASHVILLE POLICE DEPT,20170231539,Davidson,Goodlettsville,3/13/2017 6:08:00 PM,3,2,0,36.288050,-86.725400,I 65,,,,0.00,,,,,,,94.00,N,Not at Intersection,N,Non-Junction,None,,,         ,Christopher,Littles,Cloudy,Front to Rear,no,no,no,no,no,False
101582418,METROPOLITAN NASHVILLE POLICE DEPT,20170231256,Davidson,Not in City Limit,3/13/2017 4:51:00 PM,2,0,0,36.077090,-87.022890,I 40,,,,0.00,,,,,,,192.40,N,Not at Intersection, ,Non-Junction,None,,,         ,Walter,Gray II,Rain,Front to Rear,no,no,no,no,no,False
101582426,METROPOLITAN NASHVILLE POLICE DEPT,20170231323,Davidson,Nashville,3/13/2017 4:45:00 PM,2,0,0,36.119550,-86.701920,MURFREESBORO PKE,,,,4.00,Feet,East,JUPITER DR,,,,0.00,N,Not at Intersection,N,Non-Junction,None,,,         ,William,McDaniel,Cloudy,Front to Rear,no,no,no,no,yes,False
101582428,METROPOLITAN NASHVILLE POLICE DEPT,20170232048,Davidson,Nashville,3/13/2017 9:00:00 PM,2,0,0,36.201520,-86.694260,OPRY MILLS DR,,,,1945.00,Feet,North,GAYLORD DR,,,,0.00,N,Not at Intersection,Y,Non-Junction,None,,,         ,Brent,Hedgcoth,Cloudy,Angle,no,no,no,no,yes,False
101582429,METROPOLITAN NASHVILLE POLICE DEPT,20170231922,Davidson,Nashville,3/13/2017 8:41:00 PM,2,0,0,36.145310,-86.871690,CHARLOTTE PKE,,,,406.00,Feet,West,WESTBORO DR,,,,0.00,N,Not at Intersection, ,Non-Junction,None,,,         ,Walter,Gray II,Cloudy,Front to Rear,no,no,no,no,no,False
101582440,METROPOLITAN NASHVILLE POLICE DEPT,20170231251,Davidson,Not in City Limit,3/13/2017 4:39:00 PM,2,0,0,36.265410,-86.737370,I 65,,,,0.00,,,,,,,92.30,N,Not at Intersection, ,Non-Junction,None,,,         ,Samuel,Miller,Cloudy,Front to Rear,no,no,no,no,no,False
101582441,METROPOLITAN NASHVILLE POLICE DEPT,20170231438,Davidson,Nashville,3/13/2017 5:50:00 PM,2,4,0,36.249700,-86.741500,I 65,,,,0.00,,,,,,,91.20,N,Not at Intersection,N,Non-Junction,None,,,         ,Samuel,Miller,Cloudy,Angle,no,no,no,no,no,False
101582446,METROPOLITAN NASHVILLE POLICE DEPT,20170231910,Davidson,Nashville,3/13/2017 7:50:00 PM,3,1,0,36.077850,-86.695150,I 24,,,,0.00,,,,,,,56.35,N,Not at Intersection,N,Non-Junction,None,,,         ,Aimee,Ortiz,Cloudy,Front to Rear,no,no,no,no,no,False
101582449,METROPOLITAN NASHVILLE POLICE DEPT,20170232212,Davidson,Nashville,3/13/2017 10:21:00 PM,1,0,0,36.084830,-86.728190,NOLENSVILLE PKE,,,,0.00,Feet,,PARAGON MILLS RD,,,,0.00,Y,Four-Way,N,Intersection-Related,None,,,         ,Alyson,Cook,Clear,Not Collision with Motor Vehicle in Transport,no,no,no,no,yes,False
101582475,METROPOLITAN NASHVILLE POLICE DEPT,20170232353,Davidson,Nashville,3/13/2017 11:50:00 PM,1,0,0,36.176360,-86.809510,DR D B TODD JR BLVD,,,,170.00,Feet,North,WHELESS ST,,,,0.00,N,Not at Intersection,N,Non-Junction,None,,,         ,Nicholas,Carter,Rain,Not Collision with Motor Vehicle in Transport,no,no,no,no,yes,False
101582481,METROPOLITAN NASHVILLE POLICE DEPT,20170232341,Davidson,Nashville,3/13/2017 11:44:00 PM,2,0,0,36.121340,-86.786580,10TH AVS,,,,0.00,,,PARIS AV,,,,0.00,Y,T-Intersection,N,Non-Junction,None,,,         ,Steven,Wiser,Rain,Angle,no,no,no,no,no,False
101582494,METROPOLITAN NASHVILLE POLICE DEPT,20170232245,Davidson,Nashville,3/13/2017 10:19:00 PM,4,0,0,36.165930,-86.588480,PORT JAMAICA DR,,,,104.00,Feet,South,LAKE PKWY,,,,0.00,N,Not at Intersection,N,Non-Junction,None,,,         ,Jamal,Jarvis,Clear,HeadOn,no,no,no,yes,yes,False
101582504,METROPOLITAN NASHVILLE POLICE DEPT,20170232754,Davidson,Nashville,3/14/2017 2:59:00 AM,1,0,0,36.161190,-86.597120,OLD HICKORY BLVD,,,,54.00,Feet,South,BELL RD,,,,0.00,N,Not at Intersection,N,Non-Junction,None,,,         ,Jamal,Jarvis,Clear,Not Collision with Motor Vehicle in Transport,no,no,no,no,yes,False
101582513,METROPOLITAN NASHVILLE POLICE DEPT,20170232335,Davidson,Nashville,3/13/2017 12:00:00 AM,2,0,0,36.166830,-86.807090,ALBION ST,,,,459.00,Feet,West,DR D B TODD JR BLVD,,,,0.00,N,Not at Intersection,N,Non-Junction,None,,,         ,Myriah,Iles,Clear,Front to Rear,no,no,no,yes,no,False
101582522,METROPOLITAN NASHVILLE POLICE DEPT,2017-0232961,Davidson,Nashville,3/14/2017 5:00:00 AM,2,0,0,36.152480,-86.802700,21ST AVN,,,,0.00,,,CHURCH ST,,,,0.00,Y,Four-Way, ,Intersection,None,,,         ,Matthew,Moses,Cloudy,Angle,no,no,no,no,no,Campus
101582533,METROPOLITAN NASHVILLE POLICE DEPT,2017-0233107,Davidson,Nashville,3/14/2017 6:29:00 AM,2,0,0,36.109580,-86.769990,I 65,,,,0.00,,,,,,,79.70,N,Not at Intersection, ,Non-Junction,None,,,         ,Steven,Wiser,Cloudy,Front to Rear,no,no,no,no,no,False
101582536,METROPOLITAN NASHVILLE POLICE DEPT,20170233075,Davidson,Nashville,3/14/2017 6:06:00 AM,2,0,0,36.251840,-86.740230,I 65,,,,0.00,,,,,,,91.35,N,Not at Intersection,N,Non-Junction,None,,,         ,Rudy,Basaldua,Clear,Front to Rear,no,no,no,no,yes,False
101582539,METROPOLITAN NASHVILLE POLICE DEPT,20170233062,Davidson,Nashville,3/14/2017 5:59:00 AM,2,0,0,36.094010,-86.706280,I 24,,,,0.00,,,,,,,55.05,N,Not at Intersection,N,Non-Junction,None,,,         ,Dale,Dameron,Cloudy,Angle,no,no,no,no,no,False
101582550,METROPOLITAN NASHVILLE POLICE DEPT,20170233132,Davidson,Madison,3/14/2017 6:45:00 AM,2,0,0,36.309080,-86.678300,GALLATIN PKEN,,,,614.00,Feet,West,CUMBERLAND HILLS DR,,,,0.00,N,Not at Intersection,N,Non-Junction,None,,,         ,Joshua,Borum,Cloudy,"Sideswipe, Opposite Direction",no,no,no,no,no,False
101582553,METROPOLITAN NASHVILLE POLICE DEPT,20170233113,Davidson,Nashville,3/14/2017 6:33:00 AM,2,1,0,36.043940,-86.725770,OLD HICKORY BLVD,,,,409.00,Feet,South,ENCLAVE CIR,,,,0.00,N,Not at Intersection,N,Non-Junction,None,,,         ,Nathan,Kemp,Clear,Front to Rear,no,no,no,no,no,False
101582554,METROPOLITAN NASHVILLE POLICE DEPT,20170233193,Davidson,Nashville,3/14/2017 7:09:00 AM,3,0,0,36.039480,-86.781770,I65 N EXT RAMP,,,,0.00,,,OLD HICKORY BLVD,,,,0.00,Y,Y-Intersection, ,Entrance/Exit Ramp Related,None,,,         ,Nathan,Kemp,Clear,Front to Rear,no,no,no,no,no,False
101582555,METROPOLITAN NASHVILLE POLICE DEPT,20170233186,Davidson,Nashville,3/14/2017 7:05:00 AM,2,0,0,36.045250,-86.723860,OLD HICKORY BLVD,,,,341.00,Feet,East,ENCLAVE CIR,,,,0.00,N,Not at Intersection, ,Non-Junction,None,,,         ,Gary,Peters,Cloudy,Front to Rear,no,no,no,no,no,False
101582575,METROPOLITAN NASHVILLE POLICE DEPT,20170233053,Davidson,Nashville,3/14/2017 6:02:00 AM,1,1,0,36.044770,-86.661530,CANE RIDGE RD,,,,0.00,,,BELL RD,,,,0.00,Y,Four-Way,N,Intersection,None,,,         ,Christopher,Dickerson,Cloudy,Not Collision with Motor Vehicle in Transport,yes,no,no,no,no,False
101582581,METROPOLITAN NASHVILLE POLICE DEPT,20170233336,Davidson,Nashville,3/14/2017 8:15:00 AM,2,0,0,36.118960,-86.767420,I 440,,,,0.00,,,,,,,5.30,N,Not at Intersection,N,Non-Junction,None,,,         ,Nathan,Kemp,Clear,Front to Rear,no,no,no,no,no,False
101582584,METROPOLITAN NASHVILLE POLICE DEPT,20170233176,Davidson,Nashville,3/14/2017 7:00:00 AM,2,2,0,36.078570,-86.772060,LAMBERT DR,,,,259.00,Feet,East,FRANKLIN PKE,,,,0.00,N,Not at Intersection,N,Non-Junction,None,,,         ,Abbey,Sawl,Cloudy,Front to Rear,no,no,no,no,no,False
101582586,METROPOLITAN NASHVILLE POLICE DEPT,20170233288,Davidson,Nashville,3/14/2017 7:59:00 AM,2,0,0,36.148300,-86.664500,ELM HILL PKE,,,,202.00,Feet,West,PATRIOT WAY,,,,0.00,N,Not at Intersection, ,Non-Junction,None,,,         ,Larry,Benz,Clear,Front to Rear,no,no,no,no,no,False
101582601,METROPOLITAN NASHVILLE POLICE DEPT,20170233307,Davidson,Nashville,3/14/2017 6:44:00 AM,2,0,0,36.177810,-86.749690,N 11TH ST,,,,0.00,,,,,,,0.00,,, ,Non-Junction,None,,,         ,Richard,Conger,Clear,Angle,no,no,no,yes,yes,False
101582604,METROPOLITAN NASHVILLE POLICE DEPT,2017-0233266,Davidson,Nashville,3/14/2017 7:45:00 AM,2,0,0,36.226310,-86.603190,SAUNDERSVILLE RD,,,,0.00,,,SHUTE LN,,,,0.00,Y,T-Intersection, ,Intersection-Related,None,,,         ,Michael,Baker,Cloudy,Front to Rear,no,no,no,no,yes,False
101582608,METROPOLITAN NASHVILLE POLICE DEPT,20170233066,Davidson,Nashville,3/14/2017 6:02:00 AM,2,1,0,36.277440,-86.796300,HICKORY HILLS BLVD,,,,67.00,Feet,North,WESTCAP RD,,,,0.00,N,Not at Intersection,N,Non-Junction,None,,,         ,Matthew,Harris,Cloudy,Rear to Side,no,no,no,yes,no,False
101582609,METROPOLITAN NASHVILLE POLICE DEPT,20170233253,Davidson,Nashville,3/14/2017 7:45:00 AM,2,0,0,36.230340,-86.773860,EWING DR,,,,0.00,Feet,,RICHMOND HILL DR,,,,0.00,Y,Four-Way,N,Intersection-Related,None,,,         ,Jack,Crouch,Cloudy,Front to Rear,no,no,no,no,yes,False
101582632,METROPOLITAN NASHVILLE POLICE DEPT,20170233342,Davidson,Nashville,3/14/2017 8:18:00 AM,3,1,0,36.044860,-86.670430,BELL RD,,,,0.00,,,HICKORY PARK DR,,,,0.00,Y,T-Intersection,N,Intersection,None,,,         ,Randall,Combs,Cloudy,Front to Rear,no,no,no,no,no,False
101582635,METROPOLITAN NASHVILLE POLICE DEPT,20170233302,Davidson,Nashville,3/14/2017 8:00:00 AM,2,2,0,36.156100,-86.785540,11TH AVS,,,,0.00,,,MCGAVOCK ST,,,,0.00,Y,T-Intersection,N,Intersection,None,,,         ,Shawn,Taylor,Cloudy,Front to Rear,no,no,no,no,no,False
101582640,METROPOLITAN NASHVILLE POLICE DEPT,2017-0233402,Davidson,Hermitage,3/14/2017 7:55:00 AM,2,0,0,36.173860,-86.575580,CENTRAL PKE,,,,1012.00,Feet,West,MELVIN RD,,,,0.00,N,Not at Intersection, ,Non-Junction,None,,,         ,Michael,Baker,Cloudy,Front to Rear,no,no,no,no,no,False
101582656,METROPOLITAN NASHVILLE POLICE DEPT,20170233523,Davidson,Nashville,3/14/2017 9:47:00 AM,2,0,0,36.040010,-86.781280,I65 N EXT RAMP,,,,0.00,Feet,East,I 65,,,,0.00,N,Not at Intersection, ,Entrance/Exit Ramp Related,None,,,         ,Gary,Peters,Cloudy,Front to Rear,no,no,no,no,no,False
101582657,METROPOLITAN NASHVILLE POLICE DEPT,20170233276,Davidson,Nashville,3/14/2017 7:52:00 AM,3,3,0,36.056370,-86.675830,I 24,,,,0.00,,,,,,,58.20,N,Not at Intersection,N,Non-Junction,None,,,         ,Brian,Lamb,Cloudy,Front to Rear,no,no,no,no,no,False
101582660,METROPOLITAN NASHVILLE POLICE DEPT,2017-0233118,Davidson,Nashville,3/14/2017 6:42:00 AM,1,1,0,36.089390,-86.696720,METROPLEX DR,,,,947.00,Feet,North,ANTIOCH PKE,,,,0.00,N,Not at Intersection,N,Non-Junction,None,,,         ,William,Whitworth,Cloudy,Not Collision with Motor Vehicle in Transport,no,no,no,no,no,False
101582661,THP District 3 - Nashville,317014379,Davidson,Nashville,3/13/2017 7:42:00 AM,2,1,0,36.116280,-86.777810,I440 W ENT RAMP,,,,0.00,Feet,East,I 440,,,,0.00,N,Not at Intersection,Y,Entrance/Exit Ramp Related,None,,,         ,William,Matsunaga,Cloudy,"Sideswipe, Same Direction",no,no,no,no,no,False
101582669,METROPOLITAN NASHVILLE POLICE DEPT,20170233502,Davidson,Nashville,3/14/2017 12:00:00 AM,1,0,0,36.171240,-86.686730,REVERE PL,,,,148.00,Feet,East,BLUE HILLS CT,,,,0.00,N,Not at Intersection,N,Non-Junction,None,,,         ,Michael,Dance,Unknown,Not Collision with Motor Vehicle in Transport,no,no,no,no,yes,False
101582691,METROPOLITAN NASHVILLE POLICE DEPT,20170233158,Davidson,Nashville,3/14/2017 6:55:00 AM,3,0,0,36.164390,-86.763270,I 24,,,,0.00,,,,,,,49.10,N,Not at Intersection,N,Non-Junction,None,,,         ,Steven,Folliard,Cloudy,Front to Rear,no,no,no,no,no,False
101582713,METROPOLITAN NASHVILLE POLICE DEPT,20170233640,Davidson,Nashville,3/14/2017 10:30:00 AM,2,0,0,36.185650,-86.747570,GALLATIN AV,,,,0.00,,,SEYMOUR AV,,,,0.00,Y,T-Intersection, ,Intersection-Related,None,,,         ,Richard,Conger,Clear,"Sideswipe, Opposite Direction",no,no,no,no,yes,False
101582730,METROPOLITAN NASHVILLE POLICE DEPT,20170233123,Davidson,Nashville,3/14/2017 6:43:00 AM,1,0,0,36.240590,-86.673190,NEELYS BEND CONDOMINIUMS PVTDR,,,,32.00,Feet,North,NEELYS BEND RD,,,,0.00,N,Not at Intersection,N,Non-Junction,None,,,         ,Michael,Agee,Cloudy,Not Collision with Motor Vehicle in Transport,no,no,no,no,no,False
101582733,METROPOLITAN NASHVILLE POLICE DEPT,20170233865,Davidson,Nashville,3/14/2017 12:13:00 PM,2,0,0,36.082040,-86.764030,I 65,,,,0.00,,,,,,,77.80,N,Not at Intersection,N,Non-Junction,None,,,         ,Nathan,Kemp,Clear,Front to Rear,no,no,no,no,yes,False
101582734,METROPOLITAN NASHVILLE POLICE DEPT,20170233712,Davidson,Nashville,3/14/2017 10:32:00 AM,1,0,0,36.168870,-86.811130,JEFFERSON ST,,,,458.00,Feet,West,21ST AVN,,,,0.00,N,Not at Intersection,N,Non-Junction,Work Zone,Work On Shoulder Or Median,Unknown,         ,Isaac,Wood,Cloudy,Not Collision with Motor Vehicle in Transport,no,no,no,no,no,False
101582736,METROPOLITAN NASHVILLE POLICE DEPT,20170233673,Davidson,Nashville,3/14/2017 10:56:00 AM,2,1,0,36.169060,-86.682400,LEBANON PKE,,,,0.00,Feet,,FAIRWAY DR,,,,0.00,Y,Four-Way,N,Intersection,None,,,         ,Cody,O'Quinn,Cloudy,Front to Rear,no,no,no,no,no,False
101582741,METROPOLITAN NASHVILLE POLICE DEPT,20170233713,Davidson,Nashville,3/14/2017 11:14:00 AM,2,0,0,36.176640,-86.751500,S 10TH ST,,,,118.00,Feet,South,WOODLAND ST,,,,0.00,N,Not at Intersection, ,Non-Junction,None,,,         ,Richard,Conger,Clear,"Sideswipe, Same Direction",no,no,no,no,no,False
101582743,METROPOLITAN NASHVILLE POLICE DEPT,20170233562,Davidson,Nashville,3/14/2017 10:00:00 AM,2,0,0,36.133100,-86.892210,CHARLOTTE PKE,,,,155.00,Feet,North,OLD CHARLOTTE PKE,,,,0.00,N,Not at Intersection, ,Non-Junction,None,,,         ,Curtis,Rich,Cloudy,Angle,no,no,no,no,no,False
101582752,GOODLETTSVILLE POLICE DEPT,17-09410,Davidson,Goodlettsville,3/14/2017 11:36:00 AM,2,2,0,36.306840,-86.694360,CONFERENCE DR,,,,0.00,,,VIETNAM VETERANS BLVDN,,,,0.00,Y,T-Intersection,Y,Intersection,None,,,         ,Brian,Hajdu,Cloudy,Angle,no,no,no,no,no,False
101582753,METROPOLITAN NASHVILLE POLICE DEPT,20170233873,Davidson,Nashville,3/14/2017 12:22:00 PM,2,0,0,36.103700,-86.819530,HILLSBORO CIR,,,,487.00,Feet,South,BANDYWOOD DR,,,,0.00,N,Not at Intersection, ,Non-Junction,None,,,         ,Curtis,Rich,Cloudy,Front to Rear,no,no,no,no,no,False
101582769,METROPOLITAN NASHVILLE POLICE DEPT,20170230234,Davidson,Nashville,3/13/2017 9:16:00 AM,2,0,0,36.157440,-86.707600,LEBANON PKE,,,,146.00,Feet,West,GAYLAND CT,,,,0.00,N,Not at Intersection, ,Non-Junction,None,,,         ,Carey,Steel,Cloudy,"Sideswipe, Same Direction",no,no,no,no,no,False
101582774,METROPOLITAN NASHVILLE POLICE DEPT,20170233569,Davidson,Nashville,3/14/2017 10:03:00 AM,2,1,0,36.132650,-86.727160,I 24,,,,0.00,,,,,,,52.00,N,Not at Intersection,N,Non-Junction,None,,,         ,Todd,Watson,Clear,Front to Rear,no,no,no,no,no,False
101582792,METROPOLITAN NASHVILLE POLICE DEPT,20170233753,Davidson,Nashville,3/14/2017 11:29:00 AM,2,0,0,36.218150,-86.803480,WHITES CREEK PKE,,,,0.00,Feet,,MOORMANS ARM RD,,,,0.00,Y,Four-Way,N,Intersection,None,,,         ,David,Robberson,Cloudy,Angle,no,no,no,no,yes,False
101582795,METROPOLITAN NASHVILLE POLICE DEPT,20170233617,Davidson,Nashville,3/14/2017 10:27:00 AM,2,4,0,36.187990,-86.821560,ED TEMPLE BLVD,,,,0.00,Feet,,ROSA L PARKS BLVD,,,,0.00,Y,Y-Intersection,Y,Non-Junction,None,,,         ,Darryl,Morton,Cloudy,Angle,no,no,no,no,no,False
101582798,METROPOLITAN NASHVILLE POLICE DEPT,20170233974,Davidson,Goodlettsville,3/14/2017 12:59:00 PM,2,0,0,36.292850,-86.695410,MYATT DR,,,,473.00,Feet,South,SPRING BRANCH DR,,,,0.00,N,Not at Intersection, ,,None,,,         ,Joshua,Borum,,,no,no,no,no,no,False
101582822,METROPOLITAN NASHVILLE POLICE DEPT,20170233887,Davidson,Nashville,3/14/2017 12:23:00 PM,1,1,0,36.038110,-86.646770,I 24,,,,0.00,,,,,,,60.25,N,Not at Intersection,N,Non-Junction,None,,,         ,Jessie,Meadows,Cloudy,Not Collision with Motor Vehicle in Transport,no,no,no,no,no,False
101582823,METROPOLITAN NASHVILLE POLICE DEPT,20170233774,Davidson,Antioch,3/14/2017 11:38:00 AM,1,3,0,36.034030,-86.596900,MURFREESBORO PKE,,,,1172.00,Feet,North,PARKS RETREAT DR,,,,0.00,N,Not at Intersection,N,Non-Junction,None,,,         ,Jessie,Meadows,Cloudy,Not Collision with Motor Vehicle in Transport,no,no,no,no,no,False
101582824,METROPOLITAN NASHVILLE POLICE DEPT,20170233184,Davidson,Nashville,3/14/2017 7:15:00 AM,3,0,0,36.141190,-86.717500,I 40,,,,0.00,,,,,,,213.80,N,Not at Intersection, ,Non-Junction,None,,,         ,James,Curtis,Cloudy,Front to Rear,no,no,no,no,no,False
101582825,METROPOLITAN NASHVILLE POLICE DEPT,20170233782,Davidson,Nashville,3/14/2017 11:32:00 AM,1,0,0,36.152960,-86.633980,I 40,,,,0.00,,,,,,,218.65,N,Not at Intersection, ,Non-Junction,None,,,         ,James,Curtis,Cloudy,Not Collision with Motor Vehicle in Transport,no,no,no,no,no,False
101582840,METROPOLITAN NASHVILLE POLICE DEPT,20170233996,Davidson,Nashville,3/14/2017 1:20:00 PM,2,1,0,36.129670,-86.852920,LIONS HEAD VILLAGE PVTDR,,,,246.00,Feet,East,TARGET PVTDR,,,,0.00,N,Not at Intersection,N,Non-Junction,None,,,         ,Curtis,Rich,Cloudy,Angle,no,no,no,yes,no,False
101582858,BERRY HILL POLICE DEPT,17-0877,Davidson,Berry Hill,3/14/2017 10:23:00 AM,3,0,0,36.118860,-86.774590,FRANKLIN PKE,,,,0.00,,,BERRY RD,,,,0.00,Y,T-Intersection, ,Intersection,None,,,         ,Ronnie,Hill,Cloudy,Front to Rear,no,no,no,no,no,False
101582864,METROPOLITAN NASHVILLE POLICE DEPT,20170234058,Davidson,Nashville,3/14/2017 1:45:00 PM,2,0,0,36.071150,-86.899510,VALLEY TRACE CT,,,,115.00,Feet,West,VALLEY TRACE DR,,,,0.00,N,Not at Intersection, ,Non-Junction,None,,,         ,Ratavious,Williams,Cloudy,Angle,no,no,no,no,no,False
101582867,METROPOLITAN NASHVILLE POLICE DEPT,20170233939,Davidson,Nashville,3/14/2017 12:30:00 PM,2,0,0,36.149490,-86.857920,WHITE BRIDGE PKE,,,,241.00,Feet,South,CHARLOTTE PKE,,,,0.00,N,Not at Intersection,N,Non-Junction,None,,,         ,Paul,Junkmann,Cloudy,Angle,no,no,no,no,no,False
101582898,METROPOLITAN NASHVILLE POLICE DEPT,20170234018,Davidson,Nashville,3/14/2017 1:25:00 PM,2,0,0,36.153410,-86.763880,I 40,,,,0.00,,,,,,,210.75,N,Not at Intersection, ,,None,,,         ,Larry,Benz,,,no,no,no,no,no,False
101582908,METROPOLITAN NASHVILLE POLICE DEPT,2017-0234026,Davidson,Nashville,3/14/2017 1:28:00 PM,2,1,0,36.114860,-86.719560,DRUMMOND DR,,,,0.00,,,EAST THOMPSON LN,,,,0.00,Y,Four-Way,N,Intersection,None,,,         ,William,Whitworth,Cloudy,Front to Rear,no,no,no,no,yes,False
101582935,METROPOLITAN NASHVILLE POLICE DEPT,20170234171,Davidson,Nashville,3/14/2017 2:30:00 PM,1,0,0,36.036520,-86.730640,BRENTWOOD OAKS DR,,,,146.00,Feet,East,STILLMEADOW DR,,,,0.00,N,Not at Intersection, ,OtherLocation,None,,,         ,Tien,Nguyen,Cloudy,Not Collision with Motor Vehicle in Transport,no,no,no,yes,no,False
101582940,METROPOLITAN NASHVILLE POLICE DEPT,20170234028,Davidson,Nashville,3/14/2017 1:28:00 PM,2,1,0,36.181510,-86.747330,CALVIN AV,,,,99.00,Feet,West,N 12TH ST,,,,0.00,N,Not at Intersection,N,Non-Junction,None,,,         ,Tony,Folad,Cloudy,HeadOn,no,no,no,no,yes,False
101582942,METROPOLITAN NASHVILLE POLICE DEPT,20170234174,Davidson,Nashville,3/14/2017 2:47:00 PM,2,0,0,36.195690,-86.619310,OLD HICKORY BLVD,,,,0.00,,,OLD HICKORY BLVD PVTDR,,,,0.00,Y,OTHER, ,OtherLocation,None,,,         ,Christopher,Mackey,Cloudy,Front to Rear,no,no,no,no,no,False
101582943,METROPOLITAN NASHVILLE POLICE DEPT,20170234140,Davidson,Nashville,3/14/2017 2:29:00 PM,2,0,0,36.145500,-86.626190,LINCOYA BAY DR,,,,0.00,,,BELL RD,,,,0.00,Y,Four-Way, ,Intersection,None,,,         ,Wesley,Young,Cloudy,Front to Rear,no,no,no,no,no,False