master_record_number,agency,agency_tracking_number,county,city,collision_date,vehicles_involved,number_injured,number_dead,latitude,longitude,roadway_name,roadway_suffix,roadway_number,roadway_local_id,distance_from_reference,miles-feet_indicator,direction_from_reference,intersection_road_name,intersection_road_name_suffix,intersection_road_number,intersection_local_id,mile_marker,intersection_indicator,intersect_type,interchange_related_indicator,relation_to_junction,work_zone_type,construction_maintenance_zone,construction_maintenance_zone_location,fatal_case_number,officer_first_name,officer_last_name,weather_condition(s),manner_of_crash,pedestrian,bicycle,scooter,parking,hitrun,mou
101583645,METROPOLITAN NASHVILLE POLICE DEPT,2017-0236131,Davidson,Nashville,3/15/2017 7:41:00 AM,2,0,0,36.139610,-86.821630,MURPHY RD,,,,0.00,,,WEST END AV EXT RAMP,,,,0.00,Y,T-Intersection, ,Intersection,None,,,         ,Allen,Bates,Clear,Front to Rear,no,no,no,no,no,False
101583657,BERRY HILL POLICE DEPT,17-0892,Davidson,Berry Hill,3/15/2017 12:10:00 PM,2,0,0,36.120810,-86.765720,BERRY RD,,,,14.00,Feet,West,BRANSFORD AV,,,,0.00,N,Not at Intersection, ,,None,,,         ,Ray,Ferguson,,,no,no,no,no,no,False
101583658,METROPOLITAN NASHVILLE POLICE DEPT,20170236618,Davidson,Nashville,3/15/2017 12:15:00 PM,3,0,0,36.173670,-86.770060,I 24,,,,0.00,,,,,,,48.20,N,Not at Intersection,N,Non-Junction,None,,,         ,Richard,Conger,Clear,Front to Rear,no,no,no,no,no,False
101583692,METROPOLITAN NASHVILLE POLICE DEPT,20170236670,Davidson,Nashville,3/15/2017 12:55:00 PM,2,0,0,36.161640,-86.775010,2ND AVS,,,,101.00,Feet,South,2ND AVN,,,,0.00,N,Not at Intersection, ,Non-Junction,None,,,         ,Darren,Key,Clear,"Sideswipe, Same Direction",no,no,no,no,no,False
101583697,VANDERBILT UNIVERSITY POLICE,17-0236652,Davidson,Nashville,3/15/2017 12:00:00 PM,2,0,0,36.138690,-86.806860,25TH AVS,,,,179.00,Feet,South,CHILDRENS WAY,,,,0.00,N,Not at Intersection,N,Non-Junction,None,,,         ,Sean,Hughes,Clear,Unknown,no,no,no,yes,yes,Campus
101583699,METROPOLITAN NASHVILLE POLICE DEPT,20170236685,Davidson,Not in City Limit,3/15/2017 1:00:00 PM,1,0,0,36.273840,-86.877890,OLD HICKORY BLVD,,,,745.00,Feet,East,CARNEY RD,,,,0.00,N,Not at Intersection, ,Non-Junction,None,,,         ,Jeanine,Sarno,Clear,Not Collision with Motor Vehicle in Transport,no,no,no,no,no,False
101583707,METROPOLITAN NASHVILLE POLICE DEPT,20170236621,Davidson,Nashville,3/15/2017 12:30:00 PM,2,0,0,36.228420,-86.759450,DICKERSON PKE,,,,351.00,Feet,South,BROADMOOR DR,,,,0.00,N,Not at Intersection, ,Non-Junction,None,,,         ,Randall,Smith,Clear,Front to Rear,no,no,no,no,no,False
101583719,VANDERBILT UNIVERSITY POLICE,20170014517,Davidson,Nashville,3/15/2017 1:20:00 PM,2,0,0,36.142780,-86.800020,21ST AVS,,,,0.00,,,MEDICAL CENTER DR,,,,0.00,Y,OTHER,N,Intersection,None,,,         ,Jeremy,Shannon,Clear,Unknown,no,no,no,no,no,Campus
101583720,METROPOLITAN NASHVILLE POLICE DEPT,20170236764,Davidson,Nashville,3/15/2017 2:00:00 PM,2,0,0,36.147670,-86.768440,CAMERON ST,,,,10.00,Feet,East,4TH AVS,,,,0.00,N,Not at Intersection, ,Non-Junction,None,,,         ,Brent,Bauer,Clear,"Sideswipe, Same Direction",no,no,no,no,no,False
101583723,METROPOLITAN NASHVILLE POLICE DEPT,20170236739,Davidson,Nashville,3/15/2017 1:33:00 PM,2,0,0,36.129950,-86.715300,MURFREESBORO PKE,,,,244.00,Feet,West,MILLWOOD DR,,,,0.00,N,Not at Intersection, ,Non-Junction,None,,,         ,James,Thomas,Clear,Front to Rear,no,no,no,no,no,False
101583733,METROPOLITAN NASHVILLE POLICE DEPT,20170236682,Davidson,Nashville,3/15/2017 1:02:00 PM,2,0,0,36.137330,-86.798140,WEDGEWOOD AV,,,,0.00,,,19TH AVS,,,,0.00,Y,Four-Way,Y,Intersection,None,,,         ,Benjamin,Williams,Clear,Angle,no,no,no,no,no,Campus
101583750,METROPOLITAN NASHVILLE POLICE DEPT,2017-0236746,Davidson,Nashville,3/15/2017 1:54:00 PM,2,2,0,36.082250,-86.711800,HARDING PL,,,,413.00,Feet,West,RICHBRIAR CIR,,,,0.00,N,Not at Intersection,N,Non-Junction,None,,,         ,Stanley,Collins,Clear,Front to Rear,no,no,no,no,no,False
101583775,METROPOLITAN NASHVILLE POLICE DEPT,20170236741,Davidson,Nashville,3/15/2017 1:40:00 PM,2,0,0,36.063860,-86.631550,HAMILTON CROSSINGS,,,,492.00,Feet,North,HAMILTON CHURCH RD,,,,0.00,N,Not at Intersection, ,Non-Junction,None,,,         ,Thomas,White,Clear,"Sideswipe, Same Direction",no,no,no,yes,yes,False
101583814,METROPOLITAN NASHVILLE POLICE DEPT,20170236776,Davidson,Nashville,3/15/2017 2:20:00 PM,2,0,0,36.153640,-86.757410,I 40,,,,0.00,,,,,,,211.15,N,Not at Intersection, ,Non-Junction,None,,,         ,Ronald,Bright,Clear,Front to Rear,no,no,no,no,yes,False
101583824,METROPOLITAN NASHVILLE POLICE DEPT,20170236816,Davidson,Nashville,3/15/2017 2:48:00 PM,2,0,0,36.162100,-86.793060,I40 W ENT RAMP,,,,0.00,Feet,East,I 40,,,,0.00,N,Not at Intersection, ,,None,,,         ,Joshua,Hausman,,,no,no,no,no,no,False
101583836,METROPOLITAN NASHVILLE POLICE DEPT,20170236795,Davidson,Nashville,3/15/2017 2:36:00 PM,2,1,0,36.167710,-86.765300,I24 W ENT RAMP,,,,0.00,Feet,East,I 24,,,,0.00,N,Not at Intersection,N,Non-Junction,None,,,         ,Richard,Conger,Clear,Front to Rear,no,no,no,no,no,False
101583868,METROPOLITAN NASHVILLE POLICE DEPT,20170236947,Davidson,Nashville,3/15/2017 3:52:00 PM,2,0,0,36.078000,-86.743220,HARDING PL,,,,389.00,Feet,North,E LONGDALE DR,,,,0.00,N,Not at Intersection, ,Non-Junction,None,,,         ,Miguel,Garcia,Clear,"Sideswipe, Same Direction",no,no,no,no,no,False
101583897,GOODLETTSVILLE POLICE DEPT,17-09582,Davidson,Goodlettsville,3/15/2017 3:57:00 PM,2,0,0,36.324240,-86.704070,I65 N ENT RAMP,,,,0.00,Feet,,LONG HOLLOW PKE,,,,0.00,Y,OTHER, ,Entrance/Exit Ramp Related,None,,,         ,George,Forbes,Clear,Front to Rear,no,no,no,no,no,False
101583899,METROPOLITAN NASHVILLE POLICE DEPT,20170236991,Davidson,Nashville,3/15/2017 4:06:00 PM,2,0,0,36.176450,-86.768380,SPRING ST,,,,278.00,Feet,West,SPRING ST ENT RAMP,,,,0.00,N,Not at Intersection, ,Non-Junction,None,,,         ,Christopher,Valdez,Clear,Front to Rear,no,no,no,no,no,False
101583910,METROPOLITAN NASHVILLE POLICE DEPT,20170236975,Davidson,Nashville,3/15/2017 4:05:00 PM,2,2,0,36.109140,-86.721460,I 24,,,,0.00,,,,,,,53.75,N,Not at Intersection,Y,Non-Junction,None,,,         ,Benjamin,Froehlich,Clear,Front to Rear,no,no,no,no,no,False
101583913,METROPOLITAN NASHVILLE POLICE DEPT,20170236936,Davidson,Nashville,3/15/2017 3:35:00 PM,2,0,0,36.166240,-86.779320,DEADERICK ST,,,,80.00,Feet,West,3RD AVN,,,,0.00,N,Not at Intersection, ,,None,,,         ,Jim,Crissman,,,no,no,no,no,no,False
101583929,METROPOLITAN NASHVILLE POLICE DEPT,20170236834,Davidson,Nashville,3/15/2017 2:58:00 PM,3,1,0,36.219970,-86.762290,DICKERSON PKE,,,,0.00,,,ALHAMBRA CIR,,,,0.00,Y,T-Intersection,N,Intersection,None,,,         ,Joshua,Lackey,Clear,Angle,no,no,no,no,yes,False
101583931,METROPOLITAN NASHVILLE POLICE DEPT,20170236824,Davidson,Nashville,3/15/2017 2:52:00 PM,3,4,0,36.142000,-86.792120,VILLA PL,,,,454.00,Feet,South,EDGEHILL AV,,,,0.00,N,Not at Intersection,N,Non-Junction,None,,,         ,Maria,Cortez,Clear,Angle,no,no,no,no,no,False
101583933,METROPOLITAN NASHVILLE POLICE DEPT,20170236999,Davidson,Not in City Limit,3/15/2017 4:07:00 PM,2,0,0,36.283800,-86.691440,NORTHGATE BUSINESS PKWY,,,,260.00,Feet,East,MYATT DR,,,,0.00,N,Not at Intersection, ,,None,,,         ,Bradley,Campbell,,,no,no,no,no,no,False
101583934,METROPOLITAN NASHVILLE POLICE DEPT,20170225882,Davidson,Nashville,3/11/2017 4:00:00 PM,3,1,0,36.113570,-86.806210,WOODMONT BLVD,,,,15.00,Feet,West,HOPKINS ST,,,,0.00,N,Not at Intersection,N,Non-Junction,None,,,         ,Akira,McSwain,Clear,Angle,no,no,no,no,no,False
101583937,METROPOLITAN NASHVILLE POLICE DEPT,20170237043,Davidson,Nashville,3/15/2017 4:25:00 PM,2,1,0,36.121670,-86.759630,I 440,,,,0.00,,,,,,,5.80,N,Not at Intersection,N,Non-Junction,None,,,         ,Nicholas,Berens,Clear,Front to Rear,no,no,no,no,no,False
101583938,METROPOLITAN NASHVILLE POLICE DEPT,20170237079,Davidson,Nashville,3/15/2017 4:30:00 PM,2,0,0,36.145880,-86.777560,I65 S ENT RAMP,,,,0.00,,,I 65,,,,0.00,Y,OTHER, ,Entrance/Exit Ramp Related,None,,,         ,Austin,Kendrick,Clear,"Sideswipe, Same Direction",no,no,no,no,no,False
101583942,METROPOLITAN NASHVILLE POLICE DEPT,20170237115,Davidson,Nashville,3/15/2017 5:15:00 PM,2,0,0,36.152690,-86.771800,4TH AVS,,,,140.00,Feet,North,ASH ST,,,,0.00,N,Not at Intersection,N,Non-Junction,None,,,         ,Wesley,Feinstein,Clear,Front to Rear,no,no,no,no,no,False
101583943,METROPOLITAN NASHVILLE POLICE DEPT,20170237076,Davidson,Nashville,3/15/2017 12:00:00 AM,2,0,0,36.153840,-86.763230,I24 W ENT RAMP,,,,0.00,Feet,East,I 40,,,,0.00,N,Not at Intersection, ,,None,,,         ,Craig,Gentry,,,no,no,no,no,no,False
101583947,METROPOLITAN NASHVILLE POLICE DEPT,20170237130,Davidson,Nashville,3/15/2017 5:29:00 PM,3,0,0,36.044890,-86.667760,BELL RD,,,,181.00,Feet,East,BEECHWOOD TER,,,,0.00,N,Not at Intersection,N,Non-Junction,None,,,         ,Kevin,Keating,Clear,Front to Rear,no,no,no,no,no,False
101583954,METROPOLITAN NASHVILLE POLICE DEPT,20170236993,Davidson,Nashville,3/15/2017 4:12:00 PM,2,0,0,36.142750,-86.707200,I 40,,,,0.00,,,,,,,214.35,N,Not at Intersection, ,Non-Junction,None,,,         ,Jaby,Djabbarov,Clear,Front to Rear,no,no,no,no,no,False
101583956,METROPOLITAN NASHVILLE POLICE DEPT,20170237089,Davidson,Nashville,3/15/2017 5:01:00 PM,2,2,0,36.140730,-86.732280,I 40,,,,0.00,,,,,,,213.00,N,Not at Intersection,N,Non-Junction,None,,,         ,Jonathan,Cavezza,Clear,Front to Rear,no,no,no,no,no,False
101583960,METROPOLITAN NASHVILLE POLICE DEPT,20170237071,Davidson,Nashville,3/15/2017 4:50:00 PM,2,0,0,36.155570,-86.766170,ACADEMY PL,,,,0.00,,,HERMITAGE AV,,,,0.00,Y,Four-Way,N,Non-Junction,None,,,         ,Jason,King,Clear,Angle,no,no,no,no,no,False
101583967,METROPOLITAN NASHVILLE POLICE DEPT,20170237199,Davidson,Nashville,3/15/2017 5:44:00 PM,2,0,0,36.234360,-86.717260,BRILEY PKWYE,,,,0.00,,,,,,,0.00,,,N,Non-Junction,None,,,         ,Brian,Smith,Clear,"Sideswipe, Same Direction",no,no,no,no,yes,False
101583971,METROPOLITAN NASHVILLE POLICE DEPT,20170237171,Davidson,Nashville,3/15/2017 5:45:00 PM,2,0,0,36.155650,-86.789720,BROADWAY,,,,0.00,,,14TH AVN,,,,0.00,Y,Four-Way, ,Intersection,None,,,         ,Maria,Cortez,Clear,Angle,no,no,no,no,no,False
101583975,METROPOLITAN NASHVILLE POLICE DEPT,20170236986,Davidson,Nashville,3/15/2017 3:19:00 PM,4,0,0,36.051270,-86.883950,OLD HICKORY BLVD,,,,451.00,Feet,East,EDINBURGH DR,,,,0.00,N,Not at Intersection,N,Non-Junction,None,,,         ,Ethan,Usherwood,Clear,Front to Rear,no,no,no,no,no,False
101583976,METROPOLITAN NASHVILLE POLICE DEPT,20170237222,Davidson,Nashville,3/15/2017 6:14:00 PM,2,0,0,36.109410,-86.834690,ABBOTT MARTIN RD,,,,0.00,,,WALLACE LN,,,,0.00,Y,T-Intersection, ,Intersection-Related,None,,,         ,Justin,Coyle,Clear,Front to Rear,no,no,no,no,no,False
101583977,METROPOLITAN NASHVILLE POLICE DEPT,20170237144,Davidson,Nashville,3/15/2017 5:40:00 PM,1,0,0,36.172000,-86.803180,I 40,,,,0.00,,,,,,,207.70,N,Not at Intersection,N,Non-Junction,None,,,         ,Christopher,Templin,Clear,Not Collision with Motor Vehicle in Transport,no,no,no,no,no,False
101583982,BRENTWOOD POLICE DEPT,201700008735,Davidson,Nashville,3/15/2017 5:34:00 PM,2,0,0,36.033290,-86.796020,MARYLAND WAY,,,,300.00,Feet,West,BRENTWOOD BLVD,,,,0.00,N,Not at Intersection, ,,None,,,         ,Nicholas,Surre,,,no,no,no,no,no,False
101583986,METROPOLITAN NASHVILLE POLICE DEPT,20170236880,Davidson,Nashville,3/15/2017 3:20:00 PM,2,0,0,36.141470,-86.816760,WEST END AV,,,,141.00,Feet,North,33RD AVS,,,,0.00,N,Not at Intersection,N,Non-Junction,None,,,         ,Nicholas,Smith,Clear,Angle,no,no,no,no,no,False
101583992,METROPOLITAN NASHVILLE POLICE DEPT,20170237081,Davidson,Antioch,3/15/2017 3:40:00 PM,2,0,0,0.000000,0.000000,MT VIEW,RD,,,0.00,,,MURFREESBORO,PIKE,,,0.00,Y,Four-Way, ,Intersection-Related,None,,,         ,Victoria,Cunningham,Clear,"Sideswipe, Same Direction",no,no,no,no,no,False
101583997,METROPOLITAN NASHVILLE POLICE DEPT,20170237019,Davidson,Nashville,3/15/2017 4:26:00 PM,1,0,0,36.221960,-86.844830,PHIPPS DR,,,,56.00,Feet,South,JUDD DR,,,,0.00,N,Not at Intersection, ,Non-Junction,None,,,         ,Victor,Alexander,Clear,Not Collision with Motor Vehicle in Transport,no,no,no,no,yes,False
101583998,METROPOLITAN NASHVILLE POLICE DEPT,20170237200,Davidson,Nashville,3/15/2017 6:12:00 PM,2,0,0,36.210250,-86.872650,ASHLAND CITY HWY WB ENT RAMP,,,,0.00,Feet,East,BRILEY PKWY S EXT RAMP,,,,0.00,N,Not at Intersection, ,,None,,,         ,Victor,Alexander,,,no,no,no,no,no,False
101584001,METROPOLITAN NASHVILLE POLICE DEPT,20170237002,Davidson,Nashville,3/15/2017 4:16:00 PM,2,1,0,36.249390,-86.719410,GALLATIN PKES,,,,0.00,,,E PALESTINE AV,,,,0.00,Y,Four-Way,N,Intersection,None,,,         ,George,Oden,Clear,Front to Rear,no,no,no,no,no,False
101584002,METROPOLITAN NASHVILLE POLICE DEPT,20170237133,Davidson,Not in City Limit,3/15/2017 5:15:00 PM,2,0,0,36.009500,-86.701660,NOLENSVILLE PKE,,,,0.00,,,BLUFF RD,,,,0.00,Y,T-Intersection, ,Intersection,None,,,         ,Nicholas,Berens,Clear,Angle,no,no,no,no,no,False
101584021,METROPOLITAN NASHVILLE POLICE DEPT,20170237138,Davidson,Nashville,3/15/2017 5:50:00 PM,2,0,0,36.114460,-86.747060,NOLENSVILLE PKE,,,,53.00,Feet,South,CENTRAL AV,,,,0.00,N,Not at Intersection, ,Unknown,None,,,         ,Benjamin,Froehlich,Clear,Angle,no,no,no,no,no,False
101584043,METROPOLITAN NASHVILLE POLICE DEPT,20170237270,Davidson,Nashville,3/15/2017 5:24:00 PM,2,0,0,36.249090,-86.733580,DUE WEST AVW,,,,262.00,Feet,East,S GRAYCROFT AV,,,,0.00,N,Not at Intersection,N,Non-Junction,None,,,         ,Broderick,Jones,Clear,Front to Rear,no,no,no,no,yes,False
101584060,METROPOLITAN NASHVILLE POLICE DEPT,20170236898,Davidson,Nashville,3/15/2017 3:27:00 PM,1,1,0,36.241460,-86.757500,BRILEY PKWYW,,,,81.00,Feet,West,BRILEY PKWY W ENT RAMP,,,,0.00,N,Not at Intersection,Y,Entrance/Exit Ramp Related,None,,,         ,Samuel,Miller,Clear,Not Collision with Motor Vehicle in Transport,no,no,no,no,no,False
101584074,METROPOLITAN NASHVILLE POLICE DEPT,20170237381,Davidson,Nashville,3/15/2017 7:44:00 PM,2,0,0,36.073880,-86.623670,ANDERSON RD,,,,49.00,Feet,West,OWENDALE DR,,,,0.00,N,Not at Intersection, ,Non-Junction,None,,,         ,Thomas,Barnes,Clear,Front to Rear,no,no,no,no,no,False
101584081,METROPOLITAN NASHVILLE POLICE DEPT,20170237439,Davidson,Nashville,3/15/2017 8:39:00 PM,2,0,0,36.148370,-86.780400,I 40,,,,0.00,,,,,,,209.80,N,Not at Intersection, ,Entrance/Exit Ramp Related,None,,,         ,Tien,Nguyen,Clear,"Sideswipe, Same Direction",no,no,no,no,no,False
101584085,METROPOLITAN NASHVILLE POLICE DEPT,20170237376,Davidson,Nashville,3/15/2017 7:55:00 PM,2,0,0,36.166240,-86.779320,DEADERICK ST,,,,80.00,Feet,West,3RD AVN,,,,0.00,N,Not at Intersection,N,Non-Junction,None,,,         ,Jim,Crissman,Clear,"Sideswipe, Same Direction",no,no,no,no,no,False
101584111,METROPOLITAN NASHVILLE POLICE DEPT,20170237375,Davidson,Nashville,3/15/2017 6:40:00 PM,2,4,0,36.134270,-86.774620,WEDGEWOOD AV,,,,30.00,Feet,East,I65 N ENT RAMP,,,,0.00,N,Not at Intersection,N,Non-Junction,None,,,         ,Nicholas,Smith,Clear,Front to Rear,no,no,no,no,yes,False
101584121,METROPOLITAN NASHVILLE POLICE DEPT,20170237406,Davidson,Nashville,3/15/2017 8:17:00 PM,2,1,0,36.151550,-86.768330,I 40,,,,0.00,,,,,,,210.50,N,Not at Intersection,N,Non-Junction,None,,,         ,Mikala,Moore,Clear,Front to Rear,no,no,no,no,no,False
101584122,METROPOLITAN NASHVILLE POLICE DEPT,20170237478,Davidson,Nashville,3/15/2017 7:25:00 PM,2,0,0,36.055100,-86.742660,MCMURRAY DR,,,,0.00,,,EDMONDSON PKE,,,,0.00,Y,Four-Way, ,Intersection,None,,,         ,Nicholas,Berens,Clear,Angle,no,no,no,no,yes,False
101584123,METROPOLITAN NASHVILLE POLICE DEPT,20170237481,Davidson,Nashville,3/15/2017 9:10:00 PM,2,0,0,36.156460,-86.774250,4TH AVS,,,,163.00,Feet,North,PEABODY ST,,,,0.00,N,Not at Intersection, ,Non-Junction,None,,,         ,Wesley,Feinstein,Clear,Other,no,no,no,no,no,False
101584124,METROPOLITAN NASHVILLE POLICE DEPT,20170237173,Davidson,Nashville,3/15/2017 5:59:00 PM,5,5,0,36.244510,-86.722420,LAKEWOOD DR,,,,0.00,,,GALLATIN PKES,,,,0.00,Y,T-Intersection,Y,Intersection-Related,None,,,         ,Samuel,Miller,Clear,Front to Rear,no,no,no,no,no,False
101584130,METROPOLITAN NASHVILLE POLICE DEPT,20170237517,Davidson,Nashville,3/15/2017 9:34:00 PM,2,0,0,36.187450,-86.776100,I 24,,,,0.00,,,,,,,47.10,N,Not at Intersection, ,Non-Junction,None,,,         ,Michael,Baron,Clear,Angle,no,no,no,no,yes,False
101584131,METROPOLITAN NASHVILLE POLICE DEPT,20170237449,Davidson,Nashville,3/15/2017 8:47:00 PM,1,1,0,36.132650,-86.727160,I 24,,,,0.00,,,,,,,52.00,N,Not at Intersection,N,Non-Junction,None,,,         ,Jonathan,Cavezza,Clear,Not Collision with Motor Vehicle in Transport,yes,no,no,no,no,False
101584132,METROPOLITAN NASHVILLE POLICE DEPT,20170237390,Davidson,Nashville,3/15/2017 8:09:00 PM,3,2,0,36.096990,-86.708960,I 24,,,,0.00,,,,,,,54.80,N,Not at Intersection,N,Non-Junction,None,,,         ,Jeffrey,Livingston,Clear,Front to Rear,no,no,no,no,no,False
101584150,METROPOLITAN NASHVILLE POLICE DEPT,20170237314,Davidson,Nashville,3/15/2017 6:45:00 PM,1,0,0,36.168240,-86.782130,JAMES ROBERTSON PKWY,,,,0.00,,,GAY ST,,,,0.00,Y,OTHER, ,,None,,,         ,Samuel,White,,,no,no,no,no,no,False
101584157,METROPOLITAN NASHVILLE POLICE DEPT,20170237396,Davidson,Nashville,3/15/2017 7:59:00 PM,2,0,0,36.153310,-86.750500,HERMITAGE AV,,,,95.00,Feet,West,STANLEY ST,,,,0.00,N,Not at Intersection, ,Non-Junction,None,,,         ,John,Daugherty,Clear,Front to Rear,no,no,no,no,no,False
101584164,METROPOLITAN NASHVILLE POLICE DEPT,20170237514,Davidson,Nashville,3/15/2017 9:03:00 PM,2,0,0,36.201950,-86.734800,LITTON AV,,,,0.00,,,NORTHVIEW AV,,,,0.00,Y,T-Intersection, ,Intersection,None,,,         ,James,Smith,Clear,Front to Rear,no,no,no,no,no,False
101584165,METROPOLITAN NASHVILLE POLICE DEPT,20170237531,Davidson,Nashville,3/15/2017 9:23:00 PM,2,1,0,36.213570,-86.700650,OPRY MILLS DR,,,,0.00,,,,,,,0.00,,,N,Non-Junction,None,,,         ,Brian,Smith,Clear,Front to Rear,no,no,no,yes,no,False
101584178,METROPOLITAN NASHVILLE POLICE DEPT,20170237334,Davidson,Nashville,3/15/2017 7:15:00 PM,2,0,0,36.158810,-86.798160,CHARLOTTE AV,,,,0.00,,,17TH AVN,,,,0.00,Y,Four-Way, ,Intersection-Related,None,,,         ,Andy,Esqueda,Clear,"Sideswipe, Same Direction",no,no,no,no,yes,False
101584179,METROPOLITAN NASHVILLE POLICE DEPT,20170237265,Davidson,Nashville,3/15/2017 6:55:00 PM,2,0,0,36.086050,-86.649130,UNA ANTIOCH PKE,,,,342.00,Feet,South,MURFREESBORO PKE,,,,0.00,N,Not at Intersection,N,Non-Junction,None,,,         ,Matthew,Johnson,Clear,"Sideswipe, Opposite Direction",no,no,no,no,no,False
101584186,METROPOLITAN NASHVILLE POLICE DEPT,20170237549,Davidson,Nashville,3/15/2017 8:52:00 PM,3,0,0,36.099930,-86.711330,I 24,,,,0.00,,,,,,,54.55,N,Not at Intersection,N,Non-Junction,None,,,         ,Brandon,Vance,Clear,Front to Rear,no,no,no,no,yes,False
101584204,METROPOLITAN NASHVILLE POLICE DEPT,20170237352,Davidson,Antioch,3/15/2017 6:14:00 PM,2,0,0,36.016390,-86.619990,OLD HICKORY BLVD,,,,172.00,Feet,South,FIRESTONE PKWY,,,,0.00,N,Not at Intersection, ,Non-Junction,None,,,         ,Victoria,Cunningham,Clear,Rear to Rear,no,no,no,no,no,False
101584206,BELLE MEADE POLICE DEPT,17-0074,Davidson,Nashville,3/15/2017 8:56:00 PM,2,0,0,36.113340,-86.862880,HARDING PKE,,,,15.00,Feet,East,JACKSON BLVD,,,,0.00,N,Not at Intersection,N,Non-Junction,None,,,         ,Mack,Mangrum,Clear,Front to Rear,no,no,no,no,no,False
101584245,METROPOLITAN NASHVILLE POLICE DEPT,20170237882,Davidson,Not in City Limit,3/16/2017 1:20:00 AM,1,0,0,36.210380,-86.955510,ASHLAND CITY HWY,,,,0.00,,,,,,,0.00,,, ,,None,,,         ,Geoffrey,Daugherty,,,no,no,no,no,no,False
101584248,METROPOLITAN NASHVILLE POLICE DEPT,20170237726,Davidson,Nashville,3/16/2017 12:00:00 AM,2,0,0,36.188530,-86.776310,I24 E ENT RAMP,,,,0.00,Feet,East,I 24,,,,0.00,N,Not at Intersection, ,,None,,,         ,Kelcey,Bell,,,no,no,no,no,no,False
101584270,METROPOLITAN NASHVILLE POLICE DEPT,20170237674,Davidson,Nashville,3/15/2017 12:00:00 AM,2,0,0,0.000000,0.000000,CHARLES E DAVIS,BLVD,,,100.00,Feet,North,LAFAYETTE,ST,,,0.00,N,Not at Intersection,N,Non-Junction,None,,,         ,Justin,Chisholm,Clear,Unknown,no,no,no,no,yes,False
101584282,METROPOLITAN NASHVILLE POLICE DEPT,20170237787,Davidson,Nashville,3/16/2017 12:25:00 AM,2,0,0,36.096770,-86.654560,OLD MURFREESBORO PKE,,,,0.00,Feet,,SMITH SPRINGS RD,,,,0.00,Y,Four-Way,N,Intersection,None,,,         ,Bridget,Griepentrog,Clear,Angle,no,no,no,no,no,False
101584298,METROPOLITAN NASHVILLE POLICE DEPT,20170238162,Davidson,Nashville,3/16/2017 4:45:00 AM,2,0,0,36.175820,-86.757570,NEILL AV,,,,0.00,,,MAIN ST,,,,0.00,Y,T-Intersection,N,Intersection-Related,None,,,         ,Eric,Hall,Clear,"Sideswipe, Opposite Direction",no,no,no,no,yes,False
101584327,METROPOLITAN NASHVILLE POLICE DEPT,20170238385,Davidson,Nashville,3/16/2017 7:44:00 AM,2,0,0,36.109700,-86.838440,ABBOTT MARTIN RD,,,,311.00,Feet,West,ESTES RD,,,,0.00,N,Not at Intersection, ,Non-Junction,None,,,         ,Curtis,Rich,Clear,Front to Rear,no,no,no,no,no,False
101584337,METROPOLITAN NASHVILLE POLICE DEPT,20170238346,Davidson,Nashville,3/16/2017 7:00:00 AM,2,1,0,36.143510,-86.626620,BELL RD,,,,382.00,Feet,East,LAKERIDGE WAY,,,,0.00,N,Not at Intersection,N,Non-Junction,None,,,         ,Gerald,Gomes,Clear,Front to Rear,no,no,no,no,no,False
101584345,METROPOLITAN NASHVILLE POLICE DEPT,20170238412,Davidson,Nashville,3/16/2017 7:54:00 AM,2,0,0,36.153520,-86.752700,HERMITAGE AV,,,,148.00,Feet,East,DECATUR AV,,,,0.00,N,Not at Intersection, ,Non-Junction,None,,,         ,Kayla,Castro,Clear,Front to Rear,no,no,no,no,no,False
101584347,METROPOLITAN NASHVILLE POLICE DEPT,20170238306,Davidson,Nashville,3/16/2017 6:51:00 AM,2,0,0,36.256340,-86.757930,DUE WEST AVN,,,,0.00,,,DICKERSON PKE,,,,0.00,Y,T-Intersection, ,Intersection,None,,,         ,Jack,Crouch,Clear,Angle,no,no,no,no,no,False
101584349,METROPOLITAN NASHVILLE POLICE DEPT,20170238427,Davidson,Nashville,3/16/2017 7:55:00 AM,2,0,0,36.244840,-86.747030,I65 S EXT RAMP,,,,0.00,Feet,East,I 65,,,,0.00,N,Not at Intersection,N,Non-Junction,None,,,         ,Brian,Otto,Clear,Front to Rear,no,no,no,no,yes,False
101584354,METROPOLITAN NASHVILLE POLICE DEPT,20170238586,Davidson,Nashville,3/16/2017 7:53:00 AM,2,0,0,36.085680,-86.651470,TITAN CT,,,,300.00,Feet,North,RANSOM VILLAGE WAY,,,,0.00,N,Not at Intersection,N,Non-Junction,None,,,         ,Brian,Lamb,Clear,Front to Rear,no,no,no,no,yes,False
101584356,GOODLETTSVILLE POLICE DEPT,17-09688,Davidson,Goodlettsville,3/16/2017 8:15:00 AM,2,0,0,36.309410,-86.695500,VIETNAM VETERANS BLVD SB EXT R,,,,0.00,Feet,East,CONFERENCE DR,,,,0.00,N,Not at Intersection, ,Non-Junction,None,,,         ,Jeremy,Baker,Clear,Front to Rear,no,no,no,no,no,False
101584357,METROPOLITAN NASHVILLE POLICE DEPT,20170238547,Davidson,Nashville,3/16/2017 8:35:00 AM,2,1,0,36.068080,-86.844120,HILLSBORO PKE,,,,0.00,,,OTTER CREEK RD,,,,0.00,Y,T-Intersection,N,Intersection-Related,None,,,         ,Nathan,Kemp,Clear,Front to Rear,no,no,no,no,no,False