master_record_number,agency,agency_tracking_number,county,city,collision_date,vehicles_involved,number_injured,number_dead,latitude,longitude,roadway_name,roadway_suffix,roadway_number,roadway_local_id,distance_from_reference,miles-feet_indicator,direction_from_reference,intersection_road_name,intersection_road_name_suffix,intersection_road_number,intersection_local_id,mile_marker,intersection_indicator,intersect_type,interchange_related_indicator,relation_to_junction,work_zone_type,construction_maintenance_zone,construction_maintenance_zone_location,fatal_case_number,officer_first_name,officer_last_name,weather_condition(s),manner_of_crash,pedestrian,bicycle,scooter,parking,hitrun,mou
101593041,METROPOLITAN NASHVILLE POLICE DEPT,20170266484,Davidson,Nashville,3/25/2017 12:01:00 AM,2,0,0,36.141140,-86.721950,I40 W EXT RAMP,,,,0.00,Feet,,I 40,,,,0.00,Y,T-Intersection, ,Intersection-Related,None,,,         ,Anthony,Russo,Clear,Front to Rear,no,no,no,no,no,False
101593063,METROPOLITAN NASHVILLE POLICE DEPT,20170266759,Davidson,Nashville,3/25/2017 12:00:00 AM,1,0,0,36.143470,-86.699980,I40 E EXT RAMP,,,,0.00,Feet,East,I 40,,,,0.00,N,Not at Intersection,N,Entrance/Exit Ramp Related,None,,,         ,Anthony,Russo,Clear,Not Collision with Motor Vehicle in Transport,no,no,no,no,yes,False
101593072,METROPOLITAN NASHVILLE POLICE DEPT,20170266827,Davidson,Nashville,3/25/2017 3:01:00 AM,2,0,0,36.150660,-86.796870,BROADWAY,,,,172.00,Feet,North,LYLE AV,,,,0.00,N,Not at Intersection,N,Non-Junction,None,,,         ,Craig,Oakley,Clear,Not Collision with Motor Vehicle in Transport,no,no,no,no,no,False
101593087,METROPOLITAN NASHVILLE POLICE DEPT,20170266944,Davidson,Nashville,3/25/2017 4:06:00 AM,1,0,0,36.084820,-86.628300,BELL RD,,,,410.00,Feet,East,MOSSDALE DR,,,,0.00,N,Not at Intersection,N,Non-Junction,None,,,         ,Charles,Shaw,Clear,Not Collision with Motor Vehicle in Transport,no,no,no,no,no,False
101593088,METROPOLITAN NASHVILLE POLICE DEPT,20170266817,Davidson,Nashville,3/25/2017 3:00:00 AM,2,0,0,36.160920,-86.777130,4TH AVS,,,,0.00,,,BROADWAY,,,,0.00,Y,Four-Way, ,,None,,,         ,Jeremy,King,,,no,no,no,no,no,False
101593089,METROPOLITAN NASHVILLE POLICE DEPT,20170266784,Davidson,Nashville,3/25/2017 2:30:00 AM,2,0,0,36.161540,-86.775970,3RD AVS,,,,0.00,Feet,East,BROADWAY,,,,0.00,N,Not at Intersection,N,Non-Junction,None,,,         ,Gregory,Scott,Clear,"Sideswipe, Same Direction",no,no,no,no,yes,False
101593092,METROPOLITAN NASHVILLE POLICE DEPT,20170266957,Davidson,Nashville,3/25/2017 12:00:00 AM,1,0,0,36.231120,-86.720270,RUSKIN AV,,,,77.00,Feet,North,HAYSBORO AV,,,,0.00,N,Not at Intersection,N,Non-Junction,None,,,         ,Sara,Lober,Clear,Not Collision with Motor Vehicle in Transport,no,no,no,no,no,False
101593157,METROPOLITAN NASHVILLE POLICE DEPT,20170266926,Davidson,Nashville,3/25/2017 3:59:00 AM,2,3,0,36.231600,-86.781520,EWING DR,,,,0.00,,,BRICK CHURCH PKE,,,,0.00,Y,Four-Way,N,Intersection,None,,,         ,Rudy,Basaldua,Clear,Angle,no,no,no,no,no,False
101593168,GOODLETTSVILLE POLICE DEPT,17-10735,Davidson,Goodlettsville,3/24/2017 5:00:00 PM,2,0,0,36.324140,-86.704030,I65 N EXT RAMP,,,,23.00,Feet,East,LONG HOLLOW PKE,,,,0.00,N,Not at Intersection,N,Entrance/Exit Ramp Related,None,,,         ,George,Forbes,Clear,Front to Rear,no,no,no,no,yes,False
101593246,METROPOLITAN NASHVILLE POLICE DEPT,20170267283,Davidson,Nashville,3/25/2017 12:00:00 AM,2,0,0,36.178970,-86.799230,GARFIELD ST,,,,31.00,Feet,North,9TH AVN,,,,0.00,N,Not at Intersection,N,Non-Junction,None,,,         ,James,Jarvis,Unknown,Unknown,no,no,no,no,yes,False
101593296,METROPOLITAN NASHVILLE POLICE DEPT,20170267191,Davidson,Nashville,3/25/2017 12:00:00 AM,2,0,0,36.202840,-86.715080,RIDGECREST DR,,,,518.00,Feet,West,PIEDMONT AV,,,,0.00,N,Not at Intersection,N,Non-Junction,None,,,         ,Hillary,Sherman,Clear,"Sideswipe, Opposite Direction",no,no,no,no,yes,False
101593330,VANDERBILT UNIVERSITY POLICE,2017-0264874,Davidson,Nashville,3/24/2017 1:01:00 PM,2,0,0,36.108390,-86.764340,POWELL AV,,,,0.00,,,,,,,0.00,,, ,"Driveway, Alley Access, etc",None,,,         ,Fred,Oakley,Clear,Angle,no,no,no,yes,no,OHO
101593331,METROPOLITAN NASHVILLE POLICE DEPT,20170267425,Davidson,Nashville,3/25/2017 9:30:00 AM,2,0,0,36.193660,-86.831220,CLARKSVILLE PKE,,,,0.00,,,BUENA VISTA PKE,,,,0.00,Y,Four-Way, ,Intersection,None,,,         ,David,Robberson,Clear,Front to Rear,no,no,no,no,no,False
101593336,METROPOLITAN NASHVILLE POLICE DEPT,20170267432,Davidson,Nashville,3/25/2017 9:40:00 AM,2,0,0,36.089650,-86.806020,HARDING PL,,,,0.00,,,BELMONT PARK TER,,,,0.00,Y,Four-Way,N,Intersection,None,,,         ,Ian,Ward,Clear,Angle,no,no,no,no,no,False
101593338,METROPOLITAN NASHVILLE POLICE DEPT,20170267513,Davidson,Nashville,3/25/2017 12:00:00 AM,2,0,0,36.151010,-86.677140,ROYAL PKWY,,,,0.00,,,,,,,0.00,,,N,Non-Junction,None,,,         ,Tyler,Adcock,Unknown,Unknown,no,no,no,yes,yes,False
101593347,METROPOLITAN NASHVILLE POLICE DEPT,20170267506,Davidson,Nashville,3/25/2017 10:18:00 AM,1,1,0,36.158220,-86.818560,28TH AVN,,,,100.00,Feet,North,TORBETT ST,,,,0.00,N,Not at Intersection,N,Non-Junction,None,,,         ,Garren,Hoskins,Cloudy,Not Collision with Motor Vehicle in Transport,no,no,no,no,no,False
101593348,METROPOLITAN NASHVILLE POLICE DEPT,20170267559,Davidson,Nashville,3/25/2017 12:00:00 AM,2,0,0,36.201880,-86.761830,LISCHEY AV,,,,0.00,,,,,,,0.00,,, ,"Driveway, Alley Access, etc",None,,,         ,Andrew,Delke,Clear,"Sideswipe, Same Direction",no,no,no,yes,yes,False
101593371,METROPOLITAN NASHVILLE POLICE DEPT,20170267472,Davidson,Nashville,3/25/2017 10:00:00 AM,3,0,0,36.150710,-86.857850,OBRIEN AV,,,,0.00,Feet,East,WHITE BRIDGE PKE,,,,0.00,N,Not at Intersection,N,Non-Junction,None,,,         ,Brian,Myatt,Clear,Front to Rear,no,no,no,no,no,False
101593373,METROPOLITAN NASHVILLE POLICE DEPT,20170267671,Davidson,Nashville,3/25/2017 11:20:00 AM,2,0,0,36.108530,-86.812220,HILLSBORO PKE,,,,60.00,Feet,South,GLEN ECHO RD,,,,0.00,N,Not at Intersection, ,Non-Junction,None,,,         ,Ian,Hammond,Cloudy,Front to Rear,no,no,no,no,yes,False
101593382,GOODLETTSVILLE POLICE DEPT,17-10841,Davidson,Goodlettsville,3/25/2017 11:40:00 AM,2,0,0,36.307450,-86.694850,CONFERENCE DR,,,,23.00,Feet,West,VIETNAM VETERANS BLVDS,,,,0.00,N,Not at Intersection, ,Non-Junction,None,,,         ,George,Forbes,Cloudy,"Sideswipe, Same Direction",no,no,no,no,no,False
101593384,METROPOLITAN NASHVILLE POLICE DEPT,20170267098,Davidson,Nashville,3/25/2017 6:28:00 AM,1,2,0,36.169580,-86.678080,LEBANON PKE,,,,635.00,Feet,West,PARK DR,,,,0.00,N,Not at Intersection,N,Non-Junction,None,,,         ,Richard,Hyatt,Cloudy,Not Collision with Motor Vehicle in Transport,no,no,no,no,no,False
101593419,METROPOLITAN NASHVILLE POLICE DEPT,20170267732,Davidson,Nashville,3/25/2017 12:30:00 PM,2,0,0,36.137570,-86.800760,WEDGEWOOD AV,,,,0.00,,,21ST AVS,,,,0.00,Y,Four-Way, ,Intersection-Related,None,,,         ,Ian,Hammond,Clear,Front to Rear,no,no,no,no,no,Campus
101593434,THP District 3 - Nashville,317016893,Davidson,Nashville,3/25/2017 9:43:00 AM,1,0,0,36.126780,-86.789220,12TH AVS,,,,135.00,Feet,North,ELMWOOD AV,,,,0.00,N,Not at Intersection,N,Non-Junction,None,,,         ,Kenneth,Hackett,Cloudy,Not Collision with Motor Vehicle in Transport,no,no,no,no,no,False
101593454,METROPOLITAN NASHVILLE POLICE DEPT,20170267690,Davidson,Nashville,3/25/2017 11:32:00 AM,2,0,0,36.127070,-86.711990,MURFREESBORO PKE,,,,296.00,Feet,West,EAST THOMPSON LN,,,,0.00,N,Not at Intersection,N,OtherLocation,None,,,         ,David,Simmonds,Cloudy,Rear to Side,no,no,no,yes,yes,False
101593456,METROPOLITAN NASHVILLE POLICE DEPT,20170267762,Davidson,Not in City Limit,3/25/2017 12:56:00 PM,1,1,0,36.101480,-86.953620,CHARLOTTE PKE,,,,1454.00,Feet,East,CHARLOTTE PKE PVTDR,,,,0.00,N,Not at Intersection,N,Non-Junction,None,,,         ,Andrew,Maholland,Cloudy,Not Collision with Motor Vehicle in Transport,no,no,no,no,no,False
101593473,METROPOLITAN NASHVILLE POLICE DEPT,20170267775,Davidson,Nashville,3/25/2017 1:00:00 PM,2,0,0,36.150820,-86.749870,I 40,,,,0.00,,,,,,,211.60,N,Not at Intersection, ,,None,,,         ,Richard,Hyatt,,,no,no,no,no,no,False
101593487,METROPOLITAN NASHVILLE POLICE DEPT,20170267664,Davidson,Nashville,3/25/2017 11:52:00 AM,2,0,0,36.141360,-86.627900,BELL RD,,,,86.00,Feet,North,ELM HILL PKE,,,,0.00,N,Not at Intersection, ,Non-Junction,None,,,         ,Steven,Rowlett,Cloudy,Front to Rear,no,no,no,no,no,False
101593490,METROPOLITAN NASHVILLE POLICE DEPT,20170267401,Davidson,Nashville,3/25/2017 12:00:00 AM,2,0,0,36.138300,-86.727940,I 24,,,,0.00,,,,,,,51.40,N,Not at Intersection, ,Non-Junction,None,,,         ,Jason,Dudley,Clear,Not Collision with Motor Vehicle in Transport,no,no,no,no,yes,False
101593491,METROPOLITAN NASHVILLE POLICE DEPT,20170267796,Davidson,Nashville,3/25/2017 1:20:00 PM,2,0,0,36.135680,-86.800390,ACKLEN AV,,,,177.00,Feet,East,21ST AVS,,,,0.00,N,Not at Intersection, ,Non-Junction,None,,,         ,Kevin,Crawford,Cloudy,Rear to Side,no,no,no,no,no,False
101593495,METROPOLITAN NASHVILLE POLICE DEPT,20170267813,Davidson,Nashville,3/25/2017 1:25:00 PM,2,0,0,36.134880,-86.824460,WEST END AV,,,,0.00,Feet,East,BOWLING AV,,,,0.00,N,Not at Intersection,N,Non-Junction,None,,,         ,Brian,Myatt,Cloudy,Front to Rear,no,no,no,no,no,False
101593498,METROPOLITAN NASHVILLE POLICE DEPT,20170267822,Davidson,Nashville,3/25/2017 12:00:00 PM,2,0,0,36.142560,-86.681310,I 40,,,,0.00,,,,,,,215.80,N,Not at Intersection, ,Non-Junction,None,,,         ,Kayla,Castro,Clear,Not Collision with Motor Vehicle in Transport,no,no,no,no,no,False
101593500,METROPOLITAN NASHVILLE POLICE DEPT,20170267743,Davidson,Nashville,3/24/2017 6:25:00 PM,2,0,0,36.058880,-86.716200,NOLENSVILLE PKE,,,,69.00,Feet,South,TUSCULUM RD,,,,0.00,N,Not at Intersection, ,Non-Junction,None,,,         ,Roderic,Williams,Clear,Front to Rear,no,no,no,no,yes,False
101593510,METROPOLITAN NASHVILLE POLICE DEPT,2017-0267689,Davidson,Nashville,3/25/2017 12:00:00 PM,2,0,0,36.135800,-86.725040,I24 W EXT RAMP,,,,0.00,,,SPENCE LN,,,,0.00,Y,Four-Way, ,,None,,,         ,John,Nicholson,,,no,no,no,no,no,False
101593511,METROPOLITAN NASHVILLE POLICE DEPT,20170267846,Davidson,Nashville,3/25/2017 1:58:00 PM,1,1,0,36.131270,-86.759730,CRAIGHEAD ST,,,,953.00,Feet,North,SEMINOLE AV,,,,0.00,N,Not at Intersection,N,Non-Junction,None,,,         ,Ronald,Raynore,Cloudy,Not Collision with Motor Vehicle in Transport,no,no,no,yes,no,False
101593601,METROPOLITAN NASHVILLE POLICE DEPT,2017-0267911,Davidson,Nashville,3/25/2017 12:26:00 PM,2,0,0,36.173520,-86.602020,CENTRAL PKE,,,,0.00,,,OLD HICKORY BLVD,,,,0.00,Y,T-Intersection,N,OtherLocation,None,,,         ,Sandra,Talavera,Cloudy,Front to Rear,no,no,no,yes,yes,False
101593610,METROPOLITAN NASHVILLE POLICE DEPT,20170267973,Davidson,Nashville,3/25/2017 3:35:00 PM,2,0,0,36.124040,-86.744770,I 440,,,,0.00,,,,,,,6.55,N,Not at Intersection, ,Non-Junction,None,,,         ,Jeffrey,Livingston,Rain,"Sideswipe, Same Direction",no,no,no,no,no,False
101593613,METROPOLITAN NASHVILLE POLICE DEPT,20170268020,Davidson,Nashville,3/25/2017 4:05:00 PM,1,1,0,36.229660,-86.738550,BROADMOOR DR,,,,183.00,Feet,West,GRAYCROFT AV,,,,0.00,N,Not at Intersection,N,Non-Junction,None,,,         ,Christopher,Valdez,Rain,Not Collision with Motor Vehicle in Transport,no,no,no,no,no,False
101593637,METROPOLITAN NASHVILLE POLICE DEPT,20170267883,Davidson,Nashville,3/25/2017 2:45:00 PM,2,1,0,36.204070,-86.691510,OPRY MILLS DR,,,,0.00,,,,,,,0.00,,,N,Non-Junction,None,,,         ,Brian,Smith,Clear,"Sideswipe, Same Direction",no,no,no,yes,no,False
101593641,METROPOLITAN NASHVILLE POLICE DEPT,20170268128,Davidson,Nashville,3/25/2017 12:00:00 AM,2,0,0,36.178950,-86.808640,16TH AVN,,,,152.00,Feet,North,CENTURY ST,,,,0.00,N,Not at Intersection,N,Non-Junction,None,,,         ,Thomas,Burns,Cloudy,Unknown,no,no,no,no,yes,False
101593644,GOODLETTSVILLE POLICE DEPT,17-10867,Davidson,Goodlettsville,3/25/2017 3:52:00 PM,2,0,0,36.306790,-86.694700,VIETNAM VETERANS BLVD NB EXT R,,,,0.00,Feet,East,CONFERENCE DR,,,,0.00,N,Not at Intersection, ,Non-Junction,None,,,         ,George,Forbes,Rain,Front to Rear,no,no,no,no,no,False
101593651,METROPOLITAN NASHVILLE POLICE DEPT,20170267990,Davidson,Nashville,3/25/2017 12:00:00 AM,2,0,0,36.146550,-86.815850,30TH AVN,,,,0.00,,,BURCH AV,,,,0.00,Y,T-Intersection,N,Unknown,None,,,         ,David,Collins,Cloudy,Unknown,no,no,no,no,yes,False
101593655,METROPOLITAN NASHVILLE POLICE DEPT,20170267863,Davidson,Not in City Limit,3/25/2017 2:19:00 PM,2,1,0,36.076820,-86.944990,HIGHWAY 70S,,,,72.00,Feet,East,SAWYER BROWN RD,,,,0.00,N,Not at Intersection,N,Non-Junction,None,,,         ,Adam,Reese,Cloudy,Front to Rear,no,no,no,no,no,False
101593656,METROPOLITAN NASHVILLE POLICE DEPT,20170268214,Davidson,Not in City Limit,3/25/2017 1:30:00 PM,1,0,0,36.107510,-87.015110,OLD CHARLOTTE PKE,,,,482.00,Feet,East,SEARS RD,,,,0.00,N,Not at Intersection, ,Non-Junction,None,,,         ,Adam,Reese,Cloudy,Not Collision with Motor Vehicle in Transport,no,no,no,no,no,False
101593670,METROPOLITAN NASHVILLE POLICE DEPT,20170268116,Davidson,Nashville,3/25/2017 4:10:00 PM,2,0,0,36.254040,-86.772020,WESTCHESTER DR,,,,9.00,Feet,East,BROOKDALE DR,,,,0.00,N,Not at Intersection, ,Non-Junction,None,,,         ,Jordan,Vrbas,Cloudy,Angle,no,no,no,no,no,False
101593671,METROPOLITAN NASHVILLE POLICE DEPT,20170268197,Davidson,Nashville,3/25/2017 2:28:00 PM,2,0,0,36.227510,-86.746630,ELLINGTON PKWYN,,,,0.00,,,ELLINGTON PKWY N EXT RAMP,,,,0.00,Y,OTHER,N,Non-Junction,None,,,         ,William,Crowe,Cloudy,"Sideswipe, Same Direction",no,no,no,no,yes,False
101593675,METROPOLITAN NASHVILLE POLICE DEPT,20170268114,Davidson,Nashville,3/25/2017 4:00:00 PM,2,0,0,36.146750,-86.742900,I 40,,,,0.00,,,,,,,212.10,N,Not at Intersection, ,Non-Junction,None,,,         ,Brent,Hedgcoth,Rain,Front to Rear,no,no,no,no,no,False
101593702,METROPOLITAN NASHVILLE POLICE DEPT,20170268300,Davidson,Nashville,3/25/2017 6:20:00 PM,1,1,0,36.051140,-86.646220,BELL RD,,,,250.00,Feet,East,BENT TREE  PVTDR,,,,0.00,N,Not at Intersection,N,Non-Junction,None,,,         ,Benny,Pittman,Cloudy,Not Collision with Motor Vehicle in Transport,no,no,no,yes,no,False
101593703,METROPOLITAN NASHVILLE POLICE DEPT,20170268146,Davidson,Nashville,3/25/2017 4:49:00 PM,2,0,0,36.109600,-86.837040,ABBOTT MARTIN RD,,,,100.00,Feet,East,ESTES RD,,,,0.00,N,Not at Intersection, ,Non-Junction,None,,,         ,Paxton,Montgomery,Cloudy,Front to Rear,no,no,no,no,no,False
101593716,METROPOLITAN NASHVILLE POLICE DEPT,20170268287,Davidson,Nashville,3/25/2017 6:15:00 PM,2,0,0,36.196040,-86.735740,CAHAL AV,,,,0.00,,,NORTHVIEW AV,,,,0.00,Y,T-Intersection, ,Intersection,None,,,         ,Alexander,Georgeson,Cloudy,Front to Rear,no,no,no,no,no,False
101593717,METROPOLITAN NASHVILLE POLICE DEPT,20170268084,Davidson,Nashville,3/25/2017 4:20:00 PM,3,0,0,36.048350,-86.657250,HICKORY HOLLOW PKWY,,,,113.00,Feet,East,HICKORY HOLLOW MALL PVTDR PL,,,,0.00,N,Not at Intersection,N,Non-Junction,None,,,         ,Richard,Olive,Cloudy,Angle,no,no,no,yes,yes,False
101593743,TENNESSEE STATE UNIVERSITY ,TSU-17-20367,Davidson,Nashville,3/24/2017 12:00:00 AM,2,0,0,36.165860,-86.833350,JOHN L DRIVER BLVD,,,,0.00,,,38TH AVN,,,,0.00,Y,OTHER,N,Non-Junction,None,,,         ,James,Halkis,Clear,"Sideswipe, Same Direction",no,no,no,yes,yes,False
101593757,METROPOLITAN NASHVILLE POLICE DEPT,20170268347,Davidson,Nashville,3/25/2017 6:30:00 PM,2,0,0,36.144220,-86.760290,SHEPARD ST,,,,101.00,Feet,West,THOMAS ST,,,,0.00,N,Not at Intersection,N,Non-Junction,None,,,         ,Aimee,Ortiz,Cloudy,"Sideswipe, Same Direction",no,no,no,no,yes,False
101593759,VANDERBILT UNIVERSITY POLICE,17-0268525,Davidson,Nashville,3/25/2017 7:47:00 PM,2,0,0,36.107320,-86.764210,POWELL AV,,,,0.00,,,,,,,0.00,,, ,,None,,,         ,Nancy,Douglas,,,no,no,no,yes,no,OHO
101593768,VANDERBILT UNIVERSITY POLICE,17-0268600,Davidson,Nashville,3/24/2017 9:23:00 PM,1,0,0,36.139170,-86.807000,CHILDRENS WAY,,,,0.00,,,25TH AVS,,,,0.00,Y,Four-Way, ,Intersection,None,,,         ,Alan,Reed,Unknown,Not Collision with Motor Vehicle in Transport,no,no,no,no,no,Campus
101593795,METROPOLITAN NASHVILLE POLICE DEPT,20170268577,Davidson,Nashville,3/25/2017 8:00:00 PM,2,0,0,36.207200,-86.804310,W TRINITY LN,,,,785.00,Feet,East,DAY ST,,,,0.00,N,Not at Intersection,Y,Non-Junction,None,,,         ,Kevin,Reynolds,Clear,"Sideswipe, Same Direction",no,no,no,no,yes,False
101593818,METROPOLITAN NASHVILLE POLICE DEPT,20170268768,Davidson,Antioch,3/25/2017 9:03:00 PM,2,0,0,36.042850,-86.606550,HOBSON PKE,,,,0.00,,,MURFREESBORO PKE,,,,0.00,Y,Four-Way,Y,Intersection,None,,,         ,Benny,Pittman,Rain,Angle,no,no,no,no,no,False
101593823,METROPOLITAN NASHVILLE POLICE DEPT,20170268674,Davidson,Nashville,3/25/2017 8:45:00 PM,2,0,0,36.166300,-86.805360,DR D B TODD JR BLVD,,,,0.00,,,ALBION ST,,,,0.00,Y,T-Intersection, ,Intersection,None,,,         ,Andy,Esqueda,Cloudy,Angle,no,no,no,no,no,False
101593824,METROPOLITAN NASHVILLE POLICE DEPT,20170268784,Davidson,Nashville,3/25/2017 9:25:00 PM,1,0,0,36.085140,-86.706280,LINBAR DR,,,,166.00,Feet,South,SUNLIGHT DR,,,,0.00,N,Not at Intersection, ,Non-Junction,None,,,         ,Jeffrey,Livingston,Rain,Not Collision with Motor Vehicle in Transport,no,no,no,no,yes,False
101593825,METROPOLITAN NASHVILLE POLICE DEPT,20170268555,Davidson,Nashville,3/25/2017 8:06:00 PM,2,0,0,36.067070,-86.690130,APACHE TRL,,,,29.00,Feet,East,HICKORY LAKE APTS PVTDR,,,,0.00,N,Not at Intersection,N,Non-Junction,None,,,         ,Matthew,Johnson,Rain,"Sideswipe, Opposite Direction",no,no,no,no,no,False
101593827,METROPOLITAN NASHVILLE POLICE DEPT,20170268728,Davidson,Nashville,3/25/2017 9:00:00 PM,2,8,0,36.045770,-86.658690,I24 W ENT RAMP,,,,0.00,Feet,East,I 24,,,,0.00,N,Not at Intersection,Y,Non-Junction,None,,,         ,Andrew,Swint,Rain,"Sideswipe, Opposite Direction",no,no,no,no,no,False
101593832,GOODLETTSVILLE POLICE DEPT,17-10878,Davidson,Goodlettsville,3/25/2017 5:25:00 PM,2,0,0,36.325200,-86.701650,LONG HOLLOW,PIKE,SR174,,45.00,Feet,East,CONFERENCE,DR,SR,,0.00,N,Not at Intersection, ,Non-Junction,None,,,         ,William,Hunter,Rain,Front to Rear,no,no,no,no,no,False
101593833,METROPOLITAN NASHVILLE POLICE DEPT,20170268851,Davidson,Nashville,3/25/2017 12:00:00 AM,2,0,0,36.231010,-86.761810,OAK VALLEY DR,,,,0.00,,,,,,,0.00,,, ,Non-Junction,None,,,         ,Christopher,Valdez,Rain,Unknown,no,no,no,yes,yes,False
101593863,METROPOLITAN NASHVILLE POLICE DEPT,20170268056,Davidson,Nashville,3/25/2017 2:45:00 PM,2,0,0,36.082230,-86.727140,NOLENSVILLE PKE,,,,142.00,Feet,South,WELSHWOOD DR,,,,0.00,N,Not at Intersection,N,Non-Junction,None,,,         ,Eric,Thomas,Cloudy,Angle,no,no,no,no,no,False
101593888,METROPOLITAN NASHVILLE POLICE DEPT,20170268753,Davidson,Not in City Limit,3/25/2017 1:17:00 PM,3,0,0,36.160600,-86.573600,BRIDGECROSS PKWY,,,,357.00,Feet,East,NEW JOHN HAGAR RD,,,,0.00,N,Not at Intersection,N,Non-Junction,None,,,         ,Kyle,Burks,Rain,Front to Rear,no,no,no,no,no,False
101593901,METROPOLITAN NASHVILLE POLICE DEPT,20170268517,Davidson,Nashville,3/25/2017 7:45:00 PM,3,1,0,36.207020,-86.791600,BAPTIST WORLD CENTER DR,,,,0.00,,,W TRINITY LN,,,,0.00,Y,Four-Way,N,Intersection,None,,,         ,Brandon,Rardin,Rain,Front to Rear,no,no,no,no,yes,False
101593938,METROPOLITAN NASHVILLE POLICE DEPT,20170268944,Davidson,Nashville,3/25/2017 10:24:00 PM,2,0,0,36.216670,-86.693100,MCGAVOCK PKE,,,,0.00,,,MCGAVOCK PKE EB EXT RAMP,,,,0.00,Y,OTHER, ,,None,,,         ,Joseph,Zambardi,,,no,no,no,no,no,False
101593943,METROPOLITAN NASHVILLE POLICE DEPT,20170268865,Davidson,Nashville,3/25/2017 9:45:00 PM,2,0,0,36.207280,-86.697730,OPRY MILLS DR,,,,1175.00,Feet,North,MOSS ROSE DR,,,,0.00,N,Not at Intersection,N,Non-Junction,None,,,         ,Nicholas,Smith,Rain,"Sideswipe, Same Direction",no,no,no,no,no,False
101593954,METROPOLITAN NASHVILLE POLICE DEPT,20170269004,Davidson,Nashville,3/25/2017 11:15:00 PM,2,0,0,36.250860,-86.757300,DICKERSON PKE,,,,930.00,Feet,South,BARNETT DR,,,,0.00,N,Not at Intersection,N,Non-Junction,None,,,         ,Cheri,Cox,Rain,"Sideswipe, Opposite Direction",no,no,no,no,yes,False
101593955,METROPOLITAN NASHVILLE POLICE DEPT,20170269027,Davidson,Nashville,3/25/2017 11:05:00 PM,2,0,0,36.125430,-86.765140,ROSEDALE AV,,,,231.00,Feet,East,CRAIGHEAD ST,,,,0.00,N,Not at Intersection, ,Non-Junction,None,,,         ,Ryan,Worstall,Rain,Rear to Side,no,no,no,yes,yes,False
101593968,METROPOLITAN NASHVILLE POLICE DEPT,20170269091,Davidson,Nashville,3/25/2017 11:25:00 PM,1,0,0,36.251120,-86.742900,DUE WEST AVN,,,,0.00,,,,,,,0.00,,,Y,Intersection-Related,None,,,         ,Patrick,McGinnis,Rain,Not Collision with Motor Vehicle in Transport,no,no,no,no,no,False
101593975,METROPOLITAN NASHVILLE POLICE DEPT,20170268943,Davidson,Nashville,3/25/2017 10:23:00 PM,1,0,0,36.143430,-86.699590,I40 E ENT RAMP,,,,0.00,Feet,East,I 40,,,,0.00,N,Not at Intersection, ,,None,,,         ,Robert,Fondren,,,no,no,no,no,no,False
101593978,METROPOLITAN NASHVILLE POLICE DEPT,20170269003,Davidson,Nashville,3/25/2017 11:00:00 PM,2,0,0,36.157730,-86.781780,MCGAVOCK ST,,,,113.00,Feet,West,8TH AVS,,,,0.00,N,Not at Intersection,N,Non-Junction,None,,,         ,Darrien,Spann,Rain,Angle,no,no,no,no,no,False
101594009,METROPOLITAN NASHVILLE POLICE DEPT,20170269110,Davidson,Nashville,3/25/2017 10:30:00 PM,2,1,0,36.172610,-86.649480,LEBANON PKE,,,,0.00,,,DISSPAYNE DR,,,,0.00,Y,T-Intersection,N,Non-Junction,Construction Zone,Laneclosure,Unknown,         ,Mekisha,Page,Rain,"Sideswipe, Same Direction",no,no,no,no,no,False
101594030,THP District 3 - Nashville,317016748,Davidson,Not in City Limit,3/24/2017 8:15:00 PM,2,0,0,36.348450,-86.931810,I 24,,,,0.00,,,,,,,31.00,N,Not at Intersection, ,Non-Junction,None,,,         ,Sara,Vaughn,Clear,Front to Rear,no,no,no,no,no,False
101594053,METROPOLITAN NASHVILLE POLICE DEPT,20170269008,Davidson,Nashville,3/25/2017 11:27:00 PM,2,0,0,36.042450,-86.712940,SWISS AV,,,,0.00,,,NOLENSVILLE PKE,,,,0.00,Y,Four-Way,N,Intersection,None,,,         ,Joshua,Dickall,Rain,Angle,no,no,no,no,no,False
101594180,METROPOLITAN NASHVILLE POLICE DEPT,20170267815,Davidson,Nashville,3/25/2017 1:26:00 PM,2,0,0,36.168490,-86.813980,I40 E EXT RAMP,,,,0.00,,,I 40,,,,0.00,Y,T-Intersection,Y,Entrance/Exit Ramp Related,None,,,         ,Nathan,Mayo,Cloudy,Angle,no,no,no,no,no,False
101595492,METROPOLITAN NASHVILLE POLICE DEPT,20170246557,Davidson,Nashville,3/19/2017 1:28:00 AM,1,0,1,36.038750,-86.782610,I 65,,,,0.00,,,,,,,74.60,N,Not at Intersection,N,Non-Junction,None,,,17-0170  ,Brian,Theriac,Clear,Not Collision with Motor Vehicle in Transport,no,no,no,no,no,False
101595535,METROPOLITAN NASHVILLE POLICE DEPT,20170234353,Davidson,Nashville,3/11/2017 3:45:00 PM,1,1,0,36.106370,-86.742880,NOLENSVILLE PKE,,,,0.00,,,MORTON AV,,,,0.00,Y,Four-Way,N,Intersection,None,,,         ,Brian,Theriac,Clear,Not Collision with Motor Vehicle in Transport,yes,no,no,no,yes,False