master_record_number,agency,agency_tracking_number,county,city,collision_date,vehicles_involved,number_injured,number_dead,latitude,longitude,roadway_name,roadway_suffix,roadway_number,roadway_local_id,distance_from_reference,miles-feet_indicator,direction_from_reference,intersection_road_name,intersection_road_name_suffix,intersection_road_number,intersection_local_id,mile_marker,intersection_indicator,intersect_type,interchange_related_indicator,relation_to_junction,work_zone_type,construction_maintenance_zone,construction_maintenance_zone_location,fatal_case_number,officer_first_name,officer_last_name,weather_condition(s),manner_of_crash,pedestrian,bicycle,scooter,parking,hitrun,mou
101594836,METROPOLITAN NASHVILLE POLICE DEPT,20170271180,Davidson,Nashville,3/26/2017 10:27:00 PM,2,1,0,36.254590,-86.715630,GALLATIN PKES,,,,192.00,Feet,South,MADISON BLVD,,,,0.00,N,Not at Intersection,N,Non-Junction,None,,,         ,Douglas,Fowler,Clear,Front to Rear,no,no,no,no,yes,False
101594873,METROPOLITAN NASHVILLE POLICE DEPT,20170271478,Davidson,Nashville,3/27/2017 12:00:00 AM,2,0,0,36.109520,-86.721720,I 24,,,,0.00,,,,,,,53.70,N,Not at Intersection, ,Non-Junction,None,,,         ,Brian,Mclarty,Clear,Front to Rear,no,no,no,no,no,False
101594878,METROPOLITAN NASHVILLE POLICE DEPT,20170271543,Davidson,Nashville,3/27/2017 12:50:00 AM,2,0,0,36.070010,-86.690100,I 24,,,,0.00,,,,,,,57.00,N,Not at Intersection, ,Non-Junction,None,,,         ,Daniel,Garrett,Clear,Front to Rear,no,no,no,no,no,False
101594881,METROPOLITAN NASHVILLE POLICE DEPT,20170271251,Davidson,Nashville,3/26/2017 11:00:00 PM,2,2,0,36.117910,-86.725840,I 24,,,,0.00,,,,,,,53.10,N,Not at Intersection,N,Non-Junction,None,,,         ,Douglas,Sykes,Clear,Front to Rear,no,no,no,no,yes,False
101594905,METROPOLITAN NASHVILLE POLICE DEPT,20170271198,Davidson,Nashville,3/26/2017 10:28:00 PM,3,0,0,36.149840,-86.845520,ELKINS AV,,,,72.00,Feet,East,49TH AVN,,,,0.00,N,Not at Intersection,N,Non-Junction,None,,,         ,Kristen,Morgan,Clear,Angle,no,no,no,no,no,False
101594914,METROPOLITAN NASHVILLE POLICE DEPT,20170271666,Davidson,Nashville,3/27/2017 2:22:00 AM,1,1,0,36.249580,-86.686580,NEELYS BEND RD,,,,0.00,,,LARKIN SPRINGS RD,,,,0.00,Y,T-Intersection,N,Intersection,None,,,         ,Jason,Sweeney,Clear,Not Collision with Motor Vehicle in Transport,no,no,no,no,no,False
101594916,METROPOLITAN NASHVILLE POLICE DEPT,2017-0271700,Davidson,Nashville,3/27/2017 2:41:00 AM,2,0,0,36.154880,-86.788780,I 40,,,,0.00,,,,,,,209.20,N,Not at Intersection,N,Non-Junction,None,,,         ,Matthew,Moses,Cloudy,"Sideswipe, Same Direction",no,no,no,no,no,False
101594937,METROPOLITAN NASHVILLE POLICE DEPT,20170271920,Davidson,Nashville,3/27/2017 5:10:00 AM,1,1,0,36.034060,-86.642710,I 24,,,,0.00,,,,,,,60.60,N,Not at Intersection,N,Non-Junction,None,,,         ,Douglas,Sykes,Clear,Not Collision with Motor Vehicle in Transport,no,no,no,no,no,False
101594962,METROPOLITAN NASHVILLE POLICE DEPT,2017-272095,Davidson,Nashville,3/27/2017 6:10:00 AM,2,0,0,36.156230,-86.800370,19TH AVN,,,,0.00,,,PATTERSON ST,,,,0.00,Y,Four-Way, ,Intersection,None,,,         ,Erik,Wagner,Cloudy,Angle,no,no,no,no,no,False
101594965,METROPOLITAN NASHVILLE POLICE DEPT,20170272146,Davidson,Nashville,3/27/2017 7:15:00 AM,2,0,0,36.129700,-86.816590,I 440,,,,0.00,,,,,,,2.00,N,Not at Intersection, ,Non-Junction,None,,,         ,Ian,Hammond,Clear,Front to Rear,no,no,no,no,no,False
101594967,METROPOLITAN NASHVILLE POLICE DEPT,20170272196,Davidson,Nashville,3/27/2017 7:33:00 AM,2,0,0,36.153020,-86.842250,46TH AVN,,,,101.00,Feet,South,I40 E ENT RAMP,,,,0.00,N,Not at Intersection, ,Non-Junction,None,,,         ,Curtis,Rich,Cloudy,Angle,no,no,no,no,yes,False
101594991,METROPOLITAN NASHVILLE POLICE DEPT,2017-272246,Davidson,Nashville,3/27/2017 7:57:00 AM,2,0,0,36.130540,-86.837110,WEST END AV,,,,101.00,Feet,West,LAUDERDALE RD,,,,0.00,N,Not at Intersection,N,Non-Junction,None,,,         ,Erik,Wagner,Cloudy,Angle,no,no,no,no,yes,False
101595004,METROPOLITAN NASHVILLE POLICE DEPT,20170272074,Davidson,Nashville,3/27/2017 5:30:00 AM,2,0,0,36.067410,-86.696610,KEELEY DR,,,,272.00,Feet,South,CREEKSIDE DR,,,,0.00,N,Not at Intersection,N,Non-Junction,None,,,         ,Stanley,Collins,Clear,Angle,no,no,no,no,yes,False
101595005,METROPOLITAN NASHVILLE POLICE DEPT,20170272076,Davidson,Nashville,3/27/2017 6:24:00 AM,2,0,0,36.147990,-86.744800,I 40,,,,0.00,,,,,,,212.00,N,Not at Intersection,N,Non-Junction,None,,,         ,James,Curtis,Cloudy,Front to Rear,no,no,no,no,no,False
101595016,METROPOLITAN NASHVILLE POLICE DEPT,20170272383,Davidson,Nashville,3/27/2017 8:46:00 AM,2,0,0,36.061330,-86.719500,MCMURRAY DR,,,,32.00,Feet,West,HASTY DR,,,,0.00,N,Not at Intersection, ,Non-Junction,None,,,         ,Gary,Peters,Cloudy,Angle,no,no,no,no,no,False
101595025,METROPOLITAN NASHVILLE POLICE DEPT,20170272438,Davidson,Nashville,3/27/2017 9:10:00 AM,2,0,0,36.153070,-86.856840,I40 E EXT RAMP,,,,0.00,,,I 40,,,,0.00,Y,OTHER,N,Non-Junction,None,,,         ,Michael,Phelps,Cloudy,Other,no,no,no,no,no,False
101595033,METROPOLITAN NASHVILLE POLICE DEPT,2017-0272111,Davidson,Nashville,3/27/2017 7:04:00 AM,2,0,0,36.155230,-86.818630,28TH AVN,,,,100.00,Feet,North,FELICIA ST,,,,0.00,N,Not at Intersection,N,Non-Junction,None,,,         ,Joseph,Jakes,Cloudy,Front to Rear,no,no,no,no,yes,False
101595034,METROPOLITAN NASHVILLE POLICE DEPT,20170272206,Davidson,Nashville,3/27/2017 7:45:00 AM,2,0,0,36.155000,-86.779370,8TH AVS,,,,75.00,Feet,West,KOREAN VETERANS BLVD,,,,0.00,N,Not at Intersection,N,Non-Junction,None,,,         ,Seth,Quiles,Cloudy,"Sideswipe, Same Direction",no,no,no,no,no,False
101595035,METROPOLITAN NASHVILLE POLICE DEPT,20170272437,Davidson,Nashville,3/27/2017 8:15:00 AM,2,0,0,36.151370,-86.799330,20TH AVS,,,,0.00,,,WEST END AV,,,,0.00,Y,Four-Way, ,Intersection,None,,,         ,Ian,Hammond,Cloudy,Angle,no,no,no,no,no,Campus
101595036,METROPOLITAN NASHVILLE POLICE DEPT,20170272474,Davidson,Nashville,3/27/2017 9:25:00 AM,2,0,0,36.081820,-86.761870,I65 N EXT RAMP,,,,0.00,,,HARDING PL,,,,0.00,Y,Four-Way, ,Intersection-Related,None,,,         ,Earl,Davis,Cloudy,Front to Rear,no,no,no,no,no,False
101595037,METROPOLITAN NASHVILLE POLICE DEPT,20170272447,Davidson,Nashville,3/27/2017 9:13:00 AM,2,0,0,36.153430,-86.764520,I 40,,,,0.00,,,,,,,210.70,N,Not at Intersection, ,,None,,,         ,Christian,Martin,,,no,no,no,no,no,False
101595045,METROPOLITAN NASHVILLE POLICE DEPT,20170272361,Davidson,Nashville,3/27/2017 8:40:00 AM,2,2,0,36.116410,-86.697360,MURFREESBORO PKE,,,,0.00,,,MCGAVOCK PKE,,,,0.00,Y,T-Intersection,Y,Intersection,None,,,         ,Richard,Hyatt,Cloudy,Angle,no,no,no,no,no,False
101595076,METROPOLITAN NASHVILLE POLICE DEPT,20170272591,Davidson,Nashville,3/27/2017 10:15:00 AM,2,0,0,36.079600,-86.726320,NOLENSVILLE PKE,,,,0.00,,,HARDING PL,,,,0.00,Y,Four-Way,N,Intersection-Related,None,,,         ,Earl,Davis,Cloudy,Front to Rear,no,no,no,no,yes,False
101595085,METROPOLITAN NASHVILLE POLICE DEPT,20170272657,Davidson,Nashville,3/27/2017 10:10:00 AM,2,0,0,36.155570,-86.789890,BROADWAY,,,,103.00,Feet,East,15TH AVS,,,,0.00,N,Not at Intersection,N,Non-Junction,None,,,         ,Seth,Quiles,Cloudy,"Sideswipe, Same Direction",no,no,no,no,no,False
101595091,METROPOLITAN NASHVILLE POLICE DEPT,20170272648,Davidson,Nashville,3/27/2017 10:49:00 AM,2,0,0,36.074970,-86.920980,OLD HICKORY BLVD,,,,180.00,Feet,North,HIGHWAY 70S,,,,0.00,N,Not at Intersection, ,Non-Junction,None,,,         ,Curtis,Rich,Cloudy,Other,no,no,no,no,no,False
101595096,METROPOLITAN NASHVILLE POLICE DEPT,20170272413,Davidson,Nashville,3/27/2017 9:00:00 AM,2,0,0,36.156760,-86.807410,22ND AVN,,,,170.00,Feet,North,CHARLOTTE AV,,,,0.00,N,Not at Intersection, ,Non-Junction,None,,,         ,Edmond,Strickling,Clear,Front to Rear,no,no,no,no,no,False
101595106,METROPOLITAN NASHVILLE POLICE DEPT,2017-0272333,Davidson,Nashville,3/27/2017 7:35:00 AM,1,0,0,36.049100,-86.665750,I 24,,,,0.00,,,,,,,59.00,N,Not at Intersection, ,Non-Junction,None,,,         ,William,Whitworth,Cloudy,Not Collision with Motor Vehicle in Transport,no,no,no,no,no,False
101595107,METROPOLITAN NASHVILLE POLICE DEPT,2017-0272487,Davidson,Nashville,3/27/2017 9:35:00 AM,3,1,0,36.083050,-86.709320,HARDING PL,,,,327.00,Feet,South,LARGO DR,,,,0.00,N,Not at Intersection,N,Non-Junction,Construction Zone,Lane Shift-Crossover,Before First Warning Area,         ,William,Whitworth,Cloudy,Front to Rear,no,no,no,no,no,False
101595124,METROPOLITAN NASHVILLE POLICE DEPT,20170272783,Davidson,Nashville,3/27/2017 11:40:00 AM,1,0,0,36.231050,-86.781560,BRICK CHURCH PKE,,,,202.00,Feet,South,EWING DR,,,,0.00,N,Not at Intersection, ,Non-Junction,None,,,         ,Spencer,Pittman,Cloudy,Not Collision with Motor Vehicle in Transport,no,no,no,yes,no,False
101595127,METROPOLITAN NASHVILLE POLICE DEPT,20170272254,Davidson,Nashville,3/27/2017 6:29:00 AM,2,0,0,36.124080,-86.751680,NOLENSVILLE PKE,,,,0.00,,,I440 W EXT RAMP,,,,0.00,Y,OTHER,N,Intersection,None,,,         ,Stephen,Soule,Clear,Front to Rear,no,no,no,no,no,False
101595128,METROPOLITAN NASHVILLE POLICE DEPT,20170272683,Davidson,Nashville,3/27/2017 11:00:00 AM,2,1,0,36.183500,-86.610760,OLD HICKORY BLVD,,,,0.00,,,DODSON CHAPEL RD,,,,0.00,Y,Four-Way,N,Intersection,None,,,         ,Wesley,Young,Cloudy,Angle,no,no,no,no,no,False
101595130,METROPOLITAN NASHVILLE POLICE DEPT,20170272826,Davidson,Nashville,3/27/2017 12:05:00 PM,1,1,0,36.074680,-86.753610,BLACKMAN RD,,,,350.00,Feet,East,TIMBERHILL DR,,,,0.00,N,Not at Intersection,N,Non-Junction,None,,,         ,Earl,Davis,Cloudy,Not Collision with Motor Vehicle in Transport,no,no,no,no,no,False
101595132,METROPOLITAN NASHVILLE POLICE DEPT,20170272698,Davidson,Nashville,3/27/2017 11:00:00 AM,2,1,0,36.086790,-86.695250,HARDING PL,,,,330.00,Feet,East,S PERIMETER PARK DR,,,,0.00,N,Not at Intersection,N,Non-Junction,None,,,         ,Brian,Lamb,Clear,Front to Rear,no,no,no,yes,yes,False
101595154,METROPOLITAN NASHVILLE POLICE DEPT,20170272730,Davidson,Nashville,3/27/2017 11:25:00 AM,2,0,0,36.168150,-86.777420,JAMES ROBERTSON PKWY,,,,0.00,,,GAY ST,,,,0.00,Y,Four-Way, ,,None,,,         ,Steven,Folliard,,,no,no,no,no,no,False
101595160,METROPOLITAN NASHVILLE POLICE DEPT,20170272503,Davidson,Nashville,3/27/2017 9:10:00 AM,2,0,0,36.161680,-86.774000,1ST AVS,,,,212.00,Feet,North,DOWNTOWN GRNWY,,,,0.00,N,Not at Intersection,N,Non-Junction,None,,,         ,Shawn,Taylor,Cloudy,"Sideswipe, Same Direction",no,no,no,no,no,False
101595206,METROPOLITAN NASHVILLE POLICE DEPT,20170272247,Davidson,Nashville,3/27/2017 8:04:00 AM,2,1,1,36.307050,-86.861840,WHITES CREEK PKE,,,,2532.00,Feet,North,BEAR HOLLOW RD PVTDR,,,,0.00,N,Not at Intersection,N,Non-Junction,None,,,17-0187  ,Jessie,Loy,Rain,HeadOn,no,no,no,no,no,False
101595208,METROPOLITAN NASHVILLE POLICE DEPT,20170272934,Davidson,Nashville,3/27/2017 12:30:00 PM,2,0,0,36.164650,-86.663840,DONELSON PKE,,,,0.00,,,BLUEFIELD AV,,,,0.00,Y,T-Intersection, ,Intersection,None,,,         ,Wesley,Young,Cloudy,Front to Rear,no,no,no,no,no,False
101595209,METROPOLITAN NASHVILLE POLICE DEPT,2017-272971,Davidson,Nashville,3/27/2017 1:11:00 PM,2,0,0,36.160760,-86.793690,CHARLOTTE AV,,,,0.00,,,14TH AVN,,,,0.00,Y,T-Intersection,Y,Entrance/Exit Ramp Related,None,,,         ,Erik,Wagner,Cloudy,Front to Rear,no,no,no,no,yes,False
101595224,VANDERBILT UNIVERSITY POLICE,17-0016843,Davidson,Nashville,3/27/2017 10:35:00 AM,1,0,0,36.139380,-86.803540,CHILDRENS WAY,,,,0.00,,,,,,,0.00,,, ,Non-Junction,None,,,         ,Shaneithia,Lewis,Clear,Not Collision with Motor Vehicle in Transport,no,no,no,yes,no,Campus
101595231,METROPOLITAN NASHVILLE POLICE DEPT,20170272744,Davidson,Not in City Limit,3/27/2017 11:34:00 AM,1,1,0,36.262030,-86.712270,GALLATIN PKES,,,,67.00,Feet,South,E OLD HICKORY BLVD,,,,0.00,N,Not at Intersection,N,Non-Junction,None,,,         ,Michael,Agee,Cloudy,Not Collision with Motor Vehicle in Transport,yes,no,no,yes,yes,False
101595233,METROPOLITAN NASHVILLE POLICE DEPT,20170272807,Davidson,Nashville,3/27/2017 12:00:00 AM,3,1,0,36.155290,-86.812060,CHARLOTTE AV,,,,0.00,,,25TH AVN,,,,0.00,Y,T-Intersection,N,Intersection,None,,,         ,Nicholas,MacDougall,Clear,Angle,no,no,no,no,no,False
101595273,METROPOLITAN NASHVILLE POLICE DEPT,20170273085,Davidson,Nashville,3/27/2017 2:05:00 PM,2,0,0,36.135380,-86.801040,21ST AVS,,,,87.00,Feet,South,ACKLEN AV,,,,0.00,N,Not at Intersection, ,Non-Junction,None,,,         ,Benjamin,Williams,Clear,Front to Rear,no,no,no,no,no,Campus
101595282,METROPOLITAN NASHVILLE POLICE DEPT,2017-0272997,Davidson,Nashville,3/27/2017 1:23:00 PM,2,2,0,36.086130,-86.729410,ELYSIAN FIELDS RD,,,,0.00,,,NOLENSVILLE PKE,,,,0.00,Y,T-Intersection,N,Intersection,None,,,         ,William,Whitworth,Cloudy,Angle,no,no,no,no,no,False
101595311,METROPOLITAN NASHVILLE POLICE DEPT,20170273091,Davidson,Nashville,3/27/2017 2:07:00 PM,2,0,0,36.153710,-86.721560,SPENCE LN,,,,0.00,,,LEBANON PKE,,,,0.00,Y,Four-Way, ,Intersection-Related,None,,,         ,Tyler,Adcock,Clear,Front to Rear,no,no,no,no,no,False
101595344,METROPOLITAN NASHVILLE POLICE DEPT,20170273103,Davidson,Nashville,3/27/2017 1:24:00 PM,2,0,0,36.068320,-86.706800,HAYWOOD LN,,,,197.00,Feet,East,CHAMBERS DR,,,,0.00,N,Not at Intersection, ,Non-Junction,None,,,         ,Alyson,Cook,Clear,Front to Rear,no,no,no,no,no,False
101595368,METROPOLITAN NASHVILLE POLICE DEPT,20170272912,Davidson,Nashville,3/27/2017 12:38:00 PM,2,1,0,36.157110,-86.803610,20TH AVN,,,,0.00,,,CHARLOTTE AV,,,,0.00,Y,Four-Way,N,Intersection-Related,None,,,         ,Phillip,Murphy,Clear,Front to Rear,no,no,no,no,no,False
101595369,METROPOLITAN NASHVILLE POLICE DEPT,20170273148,Davidson,Nashville,3/27/2017 2:01:00 PM,2,0,0,36.045950,-86.658970,I24 W ENT RAMP,,,,0.00,Feet,East,I 24,,,,0.00,N,Not at Intersection,N,Non-Junction,None,,,         ,Alyson,Cook,Clear,"Sideswipe, Same Direction",no,no,no,no,yes,False
101595378,METROPOLITAN NASHVILLE POLICE DEPT,20170273193,Davidson,Nashville,3/27/2017 2:13:00 PM,2,0,0,36.047490,-86.713520,NOLENSVILLE PKE,,,,476.00,Feet,South,HICKORYVIEW DR,,,,0.00,N,Not at Intersection,N,Non-Junction,None,,,         ,Alyson,Cook,Clear,Angle,no,no,no,yes,no,False
101595381,METROPOLITAN NASHVILLE POLICE DEPT,20170273191,Davidson,Nashville,3/27/2017 3:02:00 PM,2,0,0,36.163930,-86.776500,2ND AVN,,,,279.00,Feet,North,COMMERCE ST,,,,0.00,N,Not at Intersection,N,Non-Junction,None,,,         ,Michael,Baron,Clear,"Sideswipe, Same Direction",no,no,no,no,yes,False
101595388,METROPOLITAN NASHVILLE POLICE DEPT,20170273268,Davidson,Nashville,3/27/2017 12:00:00 AM,2,0,0,36.160180,-86.760130,I 24,,,,0.00,,,,,,,49.45,N,Not at Intersection, ,Non-Junction,None,,,         ,Christopher,Valdez,Cloudy,"Sideswipe, Same Direction",no,no,no,no,yes,False
101595391,METROPOLITAN NASHVILLE POLICE DEPT,20170273208,Davidson,Nashville,3/27/2017 3:06:00 PM,2,2,0,36.150150,-86.857950,CHARLOTTE PKE,,,,0.00,Feet,,WHITE BRIDGE PKE,,,,0.00,Y,Four-Way,N,Intersection-Related,None,,,         ,Jessica,Scott,Cloudy,Front to Rear,no,no,no,no,no,False
101595399,METROPOLITAN NASHVILLE POLICE DEPT,20170273397,Davidson,Nashville,3/27/2017 4:00:00 PM,1,0,0,36.102450,-86.835000,HOBBS RD,,,,249.00,Feet,West,WALLACE LN,,,,0.00,N,Not at Intersection,N,Non-Junction,None,,,         ,Ethan,Usherwood,Rain,Not Collision with Motor Vehicle in Transport,no,no,no,no,no,False
101595405,METROPOLITAN NASHVILLE POLICE DEPT,20170273242,Davidson,Nashville,3/27/2017 2:25:00 PM,2,0,0,0.000000,0.000000,4560 HARDING PK,,,,60.00,Feet,North,HARDING PK,,,,0.00,N,Not at Intersection, ,Non-Junction,None,,,         ,Jeremy,Huffine,Cloudy,Angle,no,no,no,yes,no,False
101595429,METROPOLITAN NASHVILLE POLICE DEPT,20170273218,Davidson,Nashville,3/27/2017 3:00:00 PM,2,1,0,36.077510,-86.773880,TYNE BLVD,,,,232.00,Feet,West,FRANKLIN PKE,,,,0.00,N,Not at Intersection,N,Non-Junction,None,,,         ,Jed,Baldoni,Rain,Front to Rear,no,no,no,no,no,False
101595445,METROPOLITAN NASHVILLE POLICE DEPT,2017-0273367,Davidson,Nashville,3/27/2017 4:10:00 PM,3,1,0,36.193070,-86.624180,JACKSONIAN DR,,,,125.00,Feet,West,LEBANON PKE,,,,0.00,N,Not at Intersection,N,Non-Junction,None,,,         ,Sandra,Talavera,Rain,Angle,no,no,no,no,no,False
101595447,METROPOLITAN NASHVILLE POLICE DEPT,20170273417,Davidson,Nashville,3/27/2017 4:24:00 PM,2,0,0,36.121930,-86.760100,I 440,,,,0.00,,,,,,,5.80,N,Not at Intersection, ,Non-Junction,None,,,         ,Katelin,Ehrhardt,Rain,Front to Rear,no,no,no,no,no,False
101595462,METROPOLITAN NASHVILLE POLICE DEPT,20170273534,Davidson,Nashville,3/27/2017 4:58:00 PM,2,0,0,36.042670,-86.654180,I 24,,,,0.00,,,,,,,59.70,N,Not at Intersection, ,Non-Junction,None,,,         ,Kevin,Keating,Rain,Front to Rear,no,no,no,no,no,False
101595463,METROPOLITAN NASHVILLE POLICE DEPT,20170273532,Davidson,Nashville,3/27/2017 4:56:00 PM,2,0,0,36.101290,-86.870670,HARDING PKE,,,,348.00,Feet,South,HARDING PL,,,,0.00,N,Not at Intersection, ,Non-Junction,None,,,         ,Jeremy,Huffine,Rain,Front to Rear,no,no,no,no,no,False
101595467,METROPOLITAN NASHVILLE POLICE DEPT,20170273458,Davidson,Nashville,3/27/2017 4:35:00 PM,2,0,0,36.143580,-86.655030,ELM HILL PKE,,,,0.00,,,MCCRORY CREEK RD,,,,0.00,Y,Four-Way,N,Intersection,None,,,         ,Brent,Hedgcoth,Rain,Front to Rear,no,no,no,no,no,False
101595468,METROPOLITAN NASHVILLE POLICE DEPT,20170273493,Davidson,Nashville,3/27/2017 4:29:00 PM,2,0,0,36.086110,-86.691190,ANTIOCH PKE,,,,248.00,Feet,North,PERIMETER HILL DR,,,,0.00,N,Not at Intersection, ,Non-Junction,None,,,         ,Alyson,Cook,Rain,Angle,no,no,no,no,no,False
101595473,METROPOLITAN NASHVILLE POLICE DEPT,20170273468,Davidson,Nashville,3/27/2017 4:44:00 PM,3,0,0,36.155040,-86.797520,18TH AVN,,,,0.00,,,CHURCH ST,,,,0.00,Y,Four-Way,N,Intersection,None,,,         ,Nicholas,Smith,Cloudy,Angle,no,no,no,no,no,False
101595482,METROPOLITAN NASHVILLE POLICE DEPT,20170273669,Davidson,Nashville,3/27/2017 5:05:00 PM,2,0,0,36.081360,-86.759350,HARDING PL,,,,308.00,Feet,West,TROUSDALE DR,,,,0.00,N,Not at Intersection, ,Non-Junction,None,,,         ,Miguel,Garcia,Rain,Front to Rear,no,no,no,no,no,False
101595497,METROPOLITAN NASHVILLE POLICE DEPT,20170273354,Davidson,Nashville,3/27/2017 4:03:00 PM,2,0,0,36.200940,-86.776780,I 65,,,,0.00,,,,,,,86.95,N,Not at Intersection,N,Non-Junction,None,,,         ,Michael,Brooks,Rain,Front to Rear,no,no,no,no,yes,False
101595498,METROPOLITAN NASHVILLE POLICE DEPT,20170273432,Davidson,Nashville,3/27/2017 4:23:00 PM,3,0,0,36.168210,-86.796260,I 40,,,,0.00,,,,,,,208.15,N,Not at Intersection,N,Non-Junction,None,,,         ,Michael,Brooks,Rain,Front to Rear,no,no,no,no,no,False
101595499,METROPOLITAN NASHVILLE POLICE DEPT,20170273464,Davidson,Nashville,3/27/2017 4:28:00 PM,2,0,0,36.121960,-86.760460,I 440,,,,0.00,,,,,,,5.75,N,Not at Intersection, ,Non-Junction,None,,,         ,Katelin,Ehrhardt,Rain,Front to Rear,no,no,no,no,no,False
101595505,METROPOLITAN NASHVILLE POLICE DEPT,20170273775,Davidson,Nashville,3/27/2017 7:08:00 PM,1,0,0,36.050580,-86.647450,BELL RD,,,,172.00,Feet,West,HICKORY HOLLOW TER,,,,0.00,N,Not at Intersection,N,Non-Junction,None,,,         ,Kevin,Keating,Rain,Not Collision with Motor Vehicle in Transport,no,no,no,no,no,False
101595511,METROPOLITAN NASHVILLE POLICE DEPT,20170273677,Davidson,Nashville,3/27/2017 4:30:00 PM,1,1,0,36.142480,-86.630740,ELM HILL PKE,,,,77.00,Feet,West,WEMBERTON DR,,,,0.00,N,Not at Intersection,N,Non-Junction,None,,,         ,Reuben,Hewit,Unknown,Not Collision with Motor Vehicle in Transport,no,no,no,no,no,False
101595512,VANDERBILT UNIVERSITY POLICE,17-0273535,Davidson,Nashville,3/27/2017 4:30:00 PM,2,0,0,36.147260,-86.807690,WEST END AV,,,,0.00,,,,,,,0.00,,, ,Non-Junction,None,,,         ,Stephen,Adams,Rain,Rear to Rear,no,no,no,yes,no,Campus
101595520,METROPOLITAN NASHVILLE POLICE DEPT,20170273511,Davidson,Nashville,3/27/2017 4:58:00 PM,3,1,0,36.111060,-86.747360,THOMPSON LN,,,,0.00,,,LOUISE DR,,,,0.00,Y,T-Intersection,N,Non-Junction,None,,,         ,William,Taylor,Cloudy,Angle,no,no,no,no,no,False
101595522,METROPOLITAN NASHVILLE POLICE DEPT,20170273762,Davidson,Nashville,3/27/2017 6:07:00 PM,2,0,0,36.099000,-86.739150,NOLENSVILLE PKE,,,,81.00,Feet,North,RAYMOND ST,,,,0.00,N,Not at Intersection, ,Non-Junction,None,,,         ,Miguel,Garcia,Rain,Front to Rear,no,no,no,no,yes,False
101595524,METROPOLITAN NASHVILLE POLICE DEPT,20170273654,Davidson,Nashville,3/27/2017 6:16:00 PM,3,0,0,36.171390,-86.807430,DR D B TODD JR BLVD,,,,0.00,,,HEIMAN ST,,,,0.00,Y,Four-Way,N,Intersection,None,,,         ,Michael,Brooks,Rain,Angle,no,no,no,no,no,False
101595525,METROPOLITAN NASHVILLE POLICE DEPT,20170273298,Davidson,Nashville,3/27/2017 3:44:00 PM,3,0,0,36.156580,-86.787480,BROADWAY,,,,0.00,,,12TH AVN,,,,0.00,Y,Four-Way,N,Intersection,None,,,         ,Michael,Douglas,Cloudy,Angle,no,no,no,no,no,False
101595526,METROPOLITAN NASHVILLE POLICE DEPT,2017-0273392,Davidson,Nashville,3/27/2017 4:10:00 PM,2,0,0,36.156580,-86.787480,12TH AVS,,,,0.00,,,BROADWAY,,,,0.00,Y,Four-Way, ,Intersection,None,,,         ,Cory,West,Rain,Front to Rear,no,no,no,no,no,False
101595534,GOODLETTSVILLE POLICE DEPT,17-11158,Davidson,Goodlettsville,3/27/2017 6:18:00 PM,2,1,0,36.311010,-86.702000,I 65,,,,0.00,,,,,,,96.10,N,Not at Intersection,N,Non-Junction,None,,,         ,Jeffery,Hunter,Rain,Front to Rear,no,no,no,no,no,False
101595538,METROPOLITAN NASHVILLE POLICE DEPT,20170273500,Davidson,Nashville,3/27/2017 4:06:00 PM,3,0,0,36.146620,-86.822320,I 440,,,,0.00,,,,,,,1.20,N,Not at Intersection,N,Non-Junction,None,,,         ,Benjamin,Spees,Rain,Front to Rear,no,no,no,no,no,False
101595541,METROPOLITAN NASHVILLE POLICE DEPT,20170273781,Davidson,Nashville,3/27/2017 7:15:00 PM,2,0,0,36.142880,-86.791950,VILLA PL,,,,133.00,Feet,South,EDGEHILL AV,,,,0.00,N,Not at Intersection, ,Non-Junction,None,,,         ,Nicholas,Smith,Rain,Front to Rear,no,no,no,no,no,False
101595547,METROPOLITAN NASHVILLE POLICE DEPT,20170273799,Davidson,Nashville,3/27/2017 7:31:00 PM,1,0,0,36.245520,-86.760080,SKYLINE COMMONS PVTDR,,,,0.00,Feet,East,DOVERSIDE DR,,,,0.00,N,Not at Intersection,N,Non-Junction,None,,,         ,Samuel,Miller,Rain,Not Collision with Motor Vehicle in Transport,no,no,no,yes,yes,False
101595554,METROPOLITAN NASHVILLE POLICE DEPT,20170273679,Davidson,Nashville,3/27/2017 6:43:00 PM,2,0,0,36.035170,-86.768710,CLOVERLAND DR,,,,0.00,,,VALLEY VIEW RD,,,,0.00,Y,T-Intersection, ,Non-Junction,None,,,         ,Jed,Baldoni,Rain,Front to Rear,no,no,no,no,no,False
101595560,METROPOLITAN NASHVILLE POLICE DEPT,20170273813,Davidson,Nashville,3/27/2017 7:43:00 PM,2,1,0,36.074300,-86.921580,BELLEVUE VALLEY PLAZA PVTDR,,,,126.00,Feet,East,HIGHWAY 70S,,,,0.00,N,Not at Intersection,N,OtherLocation,None,,,         ,Brandon,Pedigo,Rain,Angle,no,no,no,yes,no,False
101595562,METROPOLITAN NASHVILLE POLICE DEPT,20170273547,Davidson,Not in City Limit,3/27/2017 5:12:00 PM,2,0,0,36.263800,-86.732370,S GRAYCROFT AV,,,,250.00,Feet,South,N GRAYCROFT AV,,,,0.00,N,Not at Intersection, ,Non-Junction,None,,,         ,Samuel,Miller,Cloudy,Angle,no,no,no,no,no,False