master_record_number,agency,agency_tracking_number,county,city,collision_date,vehicles_involved,number_injured,number_dead,latitude,longitude,roadway_name,roadway_suffix,roadway_number,roadway_local_id,distance_from_reference,miles-feet_indicator,direction_from_reference,intersection_road_name,intersection_road_name_suffix,intersection_road_number,intersection_local_id,mile_marker,intersection_indicator,intersect_type,interchange_related_indicator,relation_to_junction,work_zone_type,construction_maintenance_zone,construction_maintenance_zone_location,fatal_case_number,officer_first_name,officer_last_name,weather_condition(s),manner_of_crash,pedestrian,bicycle,scooter,parking,hitrun,mou
101596134,METROPOLITAN NASHVILLE POLICE DEPT,20170275928,Davidson,Nashville,3/28/2017 1:15:00 PM,2,0,0,36.164800,-86.819820,I40 W EXT RAMP,,,,0.00,,,I 40,,,,0.00,Y,Y-Intersection, ,Non-Junction,None,,,         ,Darryl,Morton,Cloudy,Front to Rear,no,no,no,no,no,False
101596144,METROPOLITAN NASHVILLE POLICE DEPT,20170275318,Davidson,Nashville,3/28/2017 8:46:00 AM,2,3,0,36.153390,-86.820880,CITY AV,,,,0.00,,,CHARLOTTE AV,,,,0.00,Y,Four-Way,N,Intersection,None,,,         ,Darrell,Osment,Cloudy,Front to Rear,no,no,no,no,no,False
101596171,METROPOLITAN NASHVILLE POLICE DEPT,20170276081,Davidson,Nashville,3/28/2017 2:24:00 PM,1,1,0,36.046720,-86.713420,NOLENSVILLE PKE,,,,495.00,Feet,North,OLD HICKORY BLVD,,,,0.00,N,Not at Intersection,N,Non-Junction,None,,,         ,Gary,Peters,,Not Collision with Motor Vehicle in Transport,yes,no,no,yes,yes,False
101596187,METROPOLITAN NASHVILLE POLICE DEPT,20170276001,Davidson,Nashville,3/28/2017 1:55:00 PM,1,0,0,36.033520,-86.619750,PRESERVE BLVD,,,,75.00,Feet,South,RAINGLEN CV,,,,0.00,N,Not at Intersection,N,Non-Junction,None,,,         ,Jessie,Meadows,Clear,Not Collision with Motor Vehicle in Transport,no,no,no,no,yes,False
101596209,METROPOLITAN NASHVILLE POLICE DEPT,20170275903,Davidson,Nashville,3/28/2017 1:07:00 PM,2,2,0,36.105460,-86.772790,CALDWELL LN,,,,0.00,,,FRANKLIN PKE,,,,0.00,Y,T-Intersection,N,Intersection,None,,,         ,Phillip,Murphy,Clear,HeadOn,no,no,no,no,no,False
101596245,METROPOLITAN NASHVILLE POLICE DEPT,20170276265,Davidson,Nashville,3/28/2017 3:07:00 PM,2,0,0,36.205920,-86.769070,W TRINITY LN,,,,135.00,Feet,West,E TRINITY LN,,,,0.00,N,Not at Intersection, ,Non-Junction,None,,,         ,Christopher,Valdez,Cloudy,Angle,no,no,no,no,yes,False
101596248,METROPOLITAN NASHVILLE POLICE DEPT,20170276288,Davidson,Nashville,3/28/2017 3:45:00 PM,2,0,0,36.154900,-86.627220,I40 E EXT RAMP,,,,0.00,Feet,East,I 40,,,,0.00,N,Not at Intersection, ,,None,,,         ,Noah,Melton,,,no,no,no,no,no,False
101596270,METROPOLITAN NASHVILLE POLICE DEPT,20170276240,Davidson,Nashville,3/28/2017 3:28:00 PM,2,0,0,36.164090,-86.779230,4TH AVN,,,,166.00,Feet,North,CHURCH ST,,,,0.00,N,Not at Intersection, ,Non-Junction,None,,,         ,Tyler,Manivong,Clear,Angle,no,no,no,no,no,False
101596278,METROPOLITAN NASHVILLE POLICE DEPT,20170276208,Davidson,Nashville,3/28/2017 3:13:00 PM,2,0,0,36.076230,-86.767640,I 65,,,,0.00,,,,,,,77.40,N,Not at Intersection,N,Non-Junction,None,,,         ,Tien,Nguyen,Clear,Front to Rear,no,no,no,no,no,False
101596284,METROPOLITAN NASHVILLE POLICE DEPT,20170276270,Davidson,Nashville,3/28/2017 3:40:00 PM,3,2,0,36.139300,-86.778400,8TH AVS,,,,30.00,Feet,North,HAMILTON AV,,,,0.00,N,Not at Intersection,N,Non-Junction,None,,,         ,Katelin,Ehrhardt,Clear,Front to Rear,no,no,no,no,no,False
101596287,METROPOLITAN NASHVILLE POLICE DEPT,20170276268,Davidson,Nashville,3/28/2017 3:37:00 PM,2,2,0,36.158670,-86.791650,I 40,,,,0.00,,,,,,,208.90,N,Not at Intersection,N,Non-Junction,None,,,         ,Eric,Burford,Clear,Front to Rear,no,no,no,no,no,False
101596297,METROPOLITAN NASHVILLE POLICE DEPT,20170276187,Davidson,Nashville,3/28/2017 3:07:00 PM,4,2,0,36.227930,-86.625130,OLD HICKORY BLVD,,,,68.00,Feet,South,CLEVELAND HALL BLVD,,,,0.00,N,Not at Intersection,N,Non-Junction,None,,,         ,Codey,Mullins,Clear,Front to Rear,no,no,no,no,no,False
101596303,METROPOLITAN NASHVILLE POLICE DEPT,20170276413,Davidson,Nashville,3/28/2017 4:30:00 PM,2,0,0,36.172420,-86.794810,10TH AVN,,,,0.00,,,JEFFERSON ST,,,,0.00,Y,Four-Way, ,Intersection,Construction Zone,,,         ,Landon,Bagwell,Clear,Angle,no,no,no,no,no,False
101596322,METROPOLITAN NASHVILLE POLICE DEPT,20170276487,Davidson,Nashville,3/28/2017 4:47:00 PM,2,0,0,36.110760,-86.770830,I 65,,,,0.00,,,,,,,79.80,N,Not at Intersection,N,Non-Junction,None,,,         ,Ralph,Smith IV,Clear,Front to Rear,no,no,no,no,no,False
101596323,METROPOLITAN NASHVILLE POLICE DEPT,20170276246,Davidson,Nashville,3/28/2017 3:30:00 PM,2,0,0,36.160330,-86.821450,I 40,,,,0.00,,,,,,,206.15,N,Not at Intersection,N,Non-Junction,None,,,         ,Barrett,Teague,Clear,"Sideswipe, Same Direction",no,no,no,no,no,False
101596326,METROPOLITAN NASHVILLE POLICE DEPT,20170276471,Davidson,Nashville,3/28/2017 4:50:00 PM,2,0,0,36.171120,-86.769930,JAMES ROBERTSON PKWY,,,,176.00,Feet,West,MAIN ST,,,,0.00,N,Not at Intersection,N,Non-Junction,None,,,         ,Joshua,Reece,Clear,Angle,no,no,no,no,no,False
101596333,METROPOLITAN NASHVILLE POLICE DEPT,20170276464,Davidson,Nashville,3/28/2017 4:43:00 PM,2,0,0,36.046780,-86.669550,BEECHWOOD TER,,,,729.00,Feet,North,CEDAR POINTE PKWY,,,,0.00,N,Not at Intersection,N,Non-Junction,None,,,         ,Alyson,Cook,Clear,Angle,no,no,no,no,no,False
101596341,METROPOLITAN NASHVILLE POLICE DEPT,2017-0276095,Davidson,Nashville,3/28/2017 2:28:00 PM,1,0,0,36.069590,-86.693910,HAYWOOD LN,,,,0.00,,,APACHE TRL,,,,0.00,Y,Four-Way,N,Intersection,None,,,         ,William,Whitworth,Clear,Not Collision with Motor Vehicle in Transport,no,no,no,no,yes,False
101596345,METROPOLITAN NASHVILLE POLICE DEPT,20170276549,Davidson,Nashville,3/28/2017 4:02:00 PM,2,0,0,36.142070,-86.793380,16TH AVS,,,,472.00,Feet,South,EDGEHILL AV,,,,0.00,N,Not at Intersection, ,Non-Junction,None,,,         ,Tien,Nguyen,Clear,Angle,no,no,no,no,no,False
101596346,METROPOLITAN NASHVILLE POLICE DEPT,20170276426,Davidson,Old Hickory,3/28/2017 4:28:00 PM,1,0,0,36.250410,-86.645760,ROBINSON,RD,,,0.01,Feet,North,ELLISTON,ST,,,0.00,N,Not at Intersection, ,Non-Junction,None,,,         ,Codey,Mullins,Clear,Not Collision with Motor Vehicle in Transport,no,no,no,no,no,False
101596349,METROPOLITAN NASHVILLE POLICE DEPT,20170276545,Davidson,Nashville,3/28/2017 3:52:00 PM,2,0,0,36.135130,-86.805420,24TH AVS,,,,201.00,Feet,North,FAIRFAX AV,,,,0.00,N,Not at Intersection, ,Non-Junction,None,,,         ,Nicholas,Smith,Clear,Angle,no,no,no,no,no,Campus
101596350,METROPOLITAN NASHVILLE POLICE DEPT,20170276533,Davidson,Not in City Limit,3/28/2017 5:00:00 PM,2,0,0,36.265130,-86.830850,WHITES CREEK PKE,,,,51.00,Feet,North,JUDY CREEK RD,,,,0.00,N,Not at Intersection, ,Non-Junction,None,,,         ,Nathaniel,Myers,Clear,"Sideswipe, Same Direction",no,no,no,no,no,False
101596351,METROPOLITAN NASHVILLE POLICE DEPT,20170276450,Davidson,Not in City Limit,3/28/2017 2:30:00 PM,2,0,0,36.306920,-86.685550,GALLATIN PKEN,,,,247.00,Feet,West,NORTHSIDE MARKETPLACE PVTDR,,,,0.00,N,Not at Intersection, ,Non-Junction,None,,,         ,Jerry,Pirtle,Cloudy,Angle,no,no,no,no,no,False
101596352,METROPOLITAN NASHVILLE POLICE DEPT,20170276519,Davidson,Nashville,3/28/2017 5:13:00 PM,3,2,0,36.058830,-86.641480,BELL RD,,,,298.00,Feet,South,THE OVERLOOK PVTDR,,,,0.00,N,Not at Intersection,N,Non-Junction,None,,,         ,Alyson,Cook,Clear,Front to Rear,no,no,no,no,no,False
101596356,METROPOLITAN NASHVILLE POLICE DEPT,20170276559,Davidson,Nashville,3/28/2017 5:27:00 PM,2,0,0,36.191950,-86.782010,I 65,,,,0.00,,,,,,,86.20,N,Not at Intersection, ,Non-Junction,None,,,         ,Kevin,Reynolds,Clear,Front to Rear,no,no,no,no,no,False
101596360,METROPOLITAN NASHVILLE POLICE DEPT,20170276649,Davidson,Nashville,3/28/2017 5:50:00 PM,2,0,0,36.133230,-86.801310,PORTLAND AV,,,,0.00,,,MAGNOLIA BLVD,,,,0.00,Y,Four-Way, ,Intersection-Related,None,,,         ,Tien,Nguyen,Clear,Angle,no,no,no,no,no,False
101596364,METROPOLITAN NASHVILLE POLICE DEPT,20170276403,Davidson,Nashville,3/28/2017 4:28:00 PM,2,0,0,36.188010,-86.798060,DOMINICAN DR,,,,130.00,Feet,East,ROSA L PARKS BLVD,,,,0.00,N,Not at Intersection, ,Non-Junction,None,,,         ,Michael,Brooks,Clear,Angle,no,no,no,no,no,False
101596370,METROPOLITAN NASHVILLE POLICE DEPT,20170276475,Davidson,Nashville,3/28/2017 4:02:00 PM,2,0,0,36.145380,-86.765680,3RD AVS,,,,0.00,,,CHESTNUT ST,,,,0.00,Y,Four-Way, ,Intersection-Related,None,,,         ,Brandon,Vance,Clear,Angle,no,no,no,no,no,False
101596380,METROPOLITAN NASHVILLE POLICE DEPT,20170276489,Davidson,Nashville,3/28/2017 4:16:00 PM,2,0,0,36.140740,-86.793640,16TH AVS,,,,0.00,,,HORTON AV,,,,0.00,Y,Four-Way,N,Intersection,None,,,         ,Maria,Cortez,Clear,Angle,no,no,no,no,no,False
101596381,METROPOLITAN NASHVILLE POLICE DEPT,2017-0276517,Davidson,Nashville,3/28/2017 4:27:00 PM,2,0,0,36.168500,-86.766140,I 24,,,,0.00,,,,,,,48.80,N,Not at Intersection, ,Non-Junction,None,,,         ,Tyler,Manivong,Clear,Front to Rear,no,no,no,no,no,False
101596382,METROPOLITAN NASHVILLE POLICE DEPT,20170276336,Davidson,Antioch,3/28/2017 4:53:00 PM,2,1,0,36.066880,-86.599780,MT VIEW RD,,,,10.00,Feet,West,TRU LONG DR,,,,0.00,N,Not at Intersection,N,Non-Junction,None,,,         ,Jessie,Meadows,Clear,Front to Rear,no,no,no,no,no,False
101596383,METROPOLITAN NASHVILLE POLICE DEPT,20170276506,Davidson,Antioch,3/28/2017 5:15:00 PM,2,0,0,36.069780,-86.593940,MT VIEW RD,,,,41.00,Feet,West,DOVE CREEK RD,,,,0.00,N,Not at Intersection,N,Non-Junction,None,,,         ,Jessie,Meadows,Clear,Angle,no,no,no,no,no,False
101596384,METROPOLITAN NASHVILLE POLICE DEPT,20170276501,Davidson,Nashville,3/28/2017 5:01:00 PM,2,0,0,36.182110,-86.812030,DR D B TODD JR BLVD,,,,0.00,,,SEIFRIED ST,,,,0.00,Y,T-Intersection,N,Non-Junction,None,,,         ,Michael,Brooks,Clear,Front to Rear,no,no,no,no,no,False
101596391,BERRY HILL POLICE DEPT,17-1045,Davidson,Berry Hill,3/28/2017 2:15:00 PM,2,0,0,36.120900,-86.775290,FRANKLIN PKE,,,,176.00,Feet,South,KIRKWOOD AV,,,,0.00,N,Not at Intersection,N,Non-Junction,None,,,         ,John,Gleixner,Cloudy,Angle,no,no,no,no,no,False
101596395,METROPOLITAN NASHVILLE POLICE DEPT,20170276630,Davidson,Nashville,3/28/2017 5:44:00 PM,2,0,0,36.137080,-86.726760,I 24,,,,0.00,,,,,,,52.30,N,Not at Intersection, ,,None,,,         ,Brian,Smith,,,no,no,no,no,no,False
101596400,VANDERBILT UNIVERSITY POLICE,17-0276286,Davidson,Nashville,3/28/2017 3:40:00 PM,2,0,0,36.138720,-86.804980,24TH AVS,,,,0.00,,,,,,,0.00,,, ,,None,,,         ,Donald,Dennis,,,no,no,no,yes,no,Campus
101596401,METROPOLITAN NASHVILLE POLICE DEPT,20170276083,Davidson,Nashville,3/28/2017 3:00:00 PM,2,0,0,36.201820,-86.776600,I 65,,,,0.00,,,,,,,87.00,N,Not at Intersection, ,Non-Junction,None,,,         ,Jacob,Paul,Clear,Front to Rear,no,no,no,no,no,False
101596402,METROPOLITAN NASHVILLE POLICE DEPT,20170276608,Davidson,Nashville,3/28/2017 5:45:00 PM,2,0,0,36.172610,-86.810380,UNDERWOOD ST,,,,25.00,Feet,West,21ST AVN,,,,0.00,N,Not at Intersection,N,Non-Junction,None,,,         ,Kyle,Berkheiser,Clear,Front to Rear,no,no,no,no,no,False
101596404,METROPOLITAN NASHVILLE POLICE DEPT,20170276817,Davidson,Nashville,3/28/2017 6:15:00 PM,2,0,0,36.090320,-86.687430,HARDING PL,,,,30.00,Feet,North,OLD EZELL RD,,,,0.00,N,Not at Intersection,N,Non-Junction,None,,,         ,Brandon,Vance,Clear,Front to Rear,no,no,no,no,no,False
101596405,METROPOLITAN NASHVILLE POLICE DEPT,20170276651,Davidson,Nashville,3/28/2017 6:07:00 PM,2,0,0,36.187920,-86.798480,DOMINICAN DR,,,,0.00,,,ROSA L PARKS BLVD,,,,0.00,Y,Four-Way,N,Intersection,None,,,         ,Michael,Brooks,Clear,"Sideswipe, Opposite Direction",no,no,no,no,yes,False
101596414,METROPOLITAN NASHVILLE POLICE DEPT,20170276724,Davidson,Nashville,3/28/2017 5:18:00 PM,2,0,0,36.058960,-86.641430,BELL RD,,,,249.00,Feet,South,CAMBRIDGE APTS PVTDR,,,,0.00,N,Not at Intersection,N,Non-Junction,None,,,         ,Alyson,Cook,Clear,"Sideswipe, Same Direction",no,no,no,no,yes,False
101596427,METROPOLITAN NASHVILLE POLICE DEPT,20170276541,Davidson,Nashville,3/28/2017 4:50:00 PM,2,1,0,36.153760,-86.787860,I 40,,,,0.00,,,,,,,209.30,N,Not at Intersection,N,Non-Junction,None,,,         ,Robert,Magner,Clear,Front to Rear,no,no,no,no,no,False
101596437,METROPOLITAN NASHVILLE POLICE DEPT,20170276660,Davidson,Nashville,3/28/2017 6:13:00 PM,2,4,0,36.155490,-86.669690,LAKELAND DR,,,,412.00,Feet,North,EMERY DR,,,,0.00,N,Not at Intersection,N,Non-Junction,None,,,         ,Mikala,Moore,Clear,Not Collision with Motor Vehicle in Transport,no,no,no,no,no,False
101596450,METROPOLITAN NASHVILLE POLICE DEPT,20170276613,Davidson,Nashville,3/28/2017 5:44:00 PM,2,0,0,36.140730,-86.732280,I 40,,,,0.00,,,,,,,213.00,N,Not at Intersection,N,Non-Junction,None,,,         ,Jonathan,Cavezza,Clear,Front to Rear,no,no,no,no,yes,False
101596454,METROPOLITAN NASHVILLE POLICE DEPT,2017-0276488,Davidson,Nashville,3/28/2017 4:40:00 PM,2,0,0,36.215080,-86.589970,LEBANON PKE,,,,443.00,Feet,West,BIG HORN DR,,,,0.00,N,Not at Intersection, ,,None,,,         ,Sandra,Talavera,,,no,no,no,no,no,False
101596475,METROPOLITAN NASHVILLE POLICE DEPT,20170276658,Davidson,Nashville,3/28/2017 6:12:00 PM,2,0,0,36.116020,-86.789620,I 440,,,,0.00,,,,,,,4.00,N,Not at Intersection, ,Non-Junction,None,,,         ,Katelin,Ehrhardt,Clear,Front to Rear,no,no,no,no,no,False
101596498,GOODLETTSVILLE POLICE DEPT,17-11270,Davidson,Goodlettsville,3/28/2017 5:30:00 PM,2,2,0,36.296260,-86.715580,I 65,,,,0.00,,,,,,,94.80,N,Not at Intersection,Y,Entrance/Exit Ramp Related,None,,,         ,James,Wells,Clear,Front to Rear,no,no,no,no,no,False
101596512,METROPOLITAN NASHVILLE POLICE DEPT,20170277101,Davidson,Nashville,3/28/2017 9:07:00 PM,2,1,0,36.077470,-86.773100,FRANKLIN PKE,,,,0.00,,,TYNE BLVD,,,,0.00,Y,Four-Way,N,Intersection-Related,None,,,         ,Tien,Nguyen,Clear,Angle,no,no,no,no,no,False
101596514,METROPOLITAN NASHVILLE POLICE DEPT,20170276541,Davidson,Nashville,3/28/2017 4:55:00 PM,2,1,0,36.158180,-86.791010,I 40,,,,0.00,,,,,,,209.00,N,Not at Intersection,N,Non-Junction,None,,,         ,Michael,Osuna,Clear,Front to Rear,no,no,no,no,no,False
101596537,METROPOLITAN NASHVILLE POLICE DEPT,20170277141,Davidson,Nashville,3/28/2017 8:47:00 PM,2,0,0,36.169190,-86.758050,SHELBY AV,,,,59.00,Feet,West,S 7TH ST,,,,0.00,N,Not at Intersection, ,Non-Junction,None,,,         ,Christopher,Valdez,Cloudy,Front to Rear,no,no,no,no,yes,False
101596539,METROPOLITAN NASHVILLE POLICE DEPT,20170277060,Davidson,Goodlettsville,3/28/2017 8:55:00 PM,2,1,0,36.302750,-86.691850,GALLATIN PKEN,,,,0.00,,,CONFERENCE DR,,,,0.00,Y,Four-Way,N,Intersection,None,,,         ,George,Oden,Clear,Angle,no,no,no,no,no,False
101596541,METROPOLITAN NASHVILLE POLICE DEPT,2017-0276172,Davidson,Nashville,3/28/2017 2:33:00 PM,2,0,0,36.164130,-86.779250,4TH AVN,,,,179.00,Feet,North,CHURCH ST,,,,0.00,N,Not at Intersection, ,Non-Junction,Work Zone,,,         ,Cory,West,Clear,"Sideswipe, Same Direction",no,no,no,no,no,False
101596547,METROPOLITAN NASHVILLE POLICE DEPT,20170276703,Davidson,Nashville,3/28/2017 6:11:00 PM,2,1,0,0.000000,0.000000,HWY 100,,,,0.00,,,COLLINS RD,,,,0.00,Y,Four-Way,N,Intersection,None,,,         ,Jeremy,Huffine,Clear,Angle,no,no,no,no,no,False
101596548,METROPOLITAN NASHVILLE POLICE DEPT,20170276472,Davidson,Nashville,3/28/2017 4:53:00 PM,2,1,0,36.171190,-86.766430,WOODLAND ST,,,,0.00,,,I24 W ENT RAMP,,,,0.00,Y,T-Intersection,N,Non-Junction,None,,,         ,Michael,Douglas,Clear,Front to Rear,no,no,no,no,no,False
101596556,METROPOLITAN NASHVILLE POLICE DEPT,20170277017,Davidson,Nashville,3/28/2017 8:36:00 PM,2,0,0,36.150110,-86.858130,CHARLOTTE PKE,,,,53.00,Feet,West,WHITE BRIDGE PKE,,,,0.00,N,Not at Intersection, ,,None,,,         ,Ethan,Usherwood,,,no,no,no,no,no,False
101596580,METROPOLITAN NASHVILLE POLICE DEPT,20170277227,Davidson,Nashville,3/28/2017 10:00:00 PM,3,0,0,36.169810,-86.794380,WARREN ST,,,,182.00,Feet,South,JACKSON ST,,,,0.00,N,Not at Intersection, ,Non-Junction,None,,,         ,Landon,Bagwell,Clear,Front to Rear,no,no,no,no,no,False
101596588,METROPOLITAN NASHVILLE POLICE DEPT,20170277289,Davidson,Nashville,3/28/2017 10:45:00 PM,2,0,0,36.106210,-86.673060,MURFREESBORO PKE,,,,0.00,,,DONELSON PKE,,,,0.00,Y,Four-Way,N,Intersection,None,,,         ,William,Williams,Clear,"Sideswipe, Same Direction",no,no,no,no,yes,False
101596602,METROPOLITAN NASHVILLE POLICE DEPT,2017-0277290,Davidson,Nashville,3/28/2017 9:45:00 PM,2,0,0,36.042550,-86.744050,EDMONDSON PKE,,,,101.00,Feet,North,BRENTWOOD SQ,,,,0.00,N,Not at Intersection, ,,None,,,         ,Thomas,Miller,,,no,no,no,no,no,False
101596607,METROPOLITAN NASHVILLE POLICE DEPT,20170277283,Davidson,Nashville,3/28/2017 9:45:00 PM,2,0,0,36.125950,-86.804980,21ST AVS,,,,36.00,Feet,North,SWEETBRIAR AV,,,,0.00,N,Not at Intersection, ,Non-Junction,None,,,         ,Eugene,Martino,Clear,Angle,no,no,no,no,no,False
101596614,METROPOLITAN NASHVILLE POLICE DEPT,20170277318,Davidson,Nashville,3/28/2017 9:58:00 PM,2,0,0,36.040010,-86.743470,OLD HICKORY BLVD,,,,0.00,,,EDMONDSON PKE,,,,0.00,Y,Four-Way,Y,Intersection,None,,,         ,Ryan,Worstall,Clear,Front to Rear,no,no,no,no,no,False
101596634,METROPOLITAN NASHVILLE POLICE DEPT,20170277294,Davidson,Nashville,3/28/2017 9:35:00 PM,2,0,0,36.109780,-86.817730,CRESTMOOR RD,,,,0.00,,,CLEGHORN AV,,,,0.00,Y,OTHER, ,Non-Junction,None,,,         ,Kenneth,Bray,Clear,Front to Rear,no,no,no,no,no,False
101596651,METROPOLITAN NASHVILLE POLICE DEPT,20170277292,Davidson,Nashville,3/28/2017 9:42:00 PM,2,0,0,36.206250,-86.773530,I65 N EXT RAMP,,,,0.00,,,W TRINITY LN,,,,0.00,Y,T-Intersection, ,Entrance/Exit Ramp Related,None,,,         ,Audrean,Manquero,Clear,"Sideswipe, Same Direction",no,no,no,no,no,False
101596700,METROPOLITAN NASHVILLE POLICE DEPT,20170277737,Davidson,Nashville,3/29/2017 2:31:00 AM,1,0,0,36.081160,-86.765430,I65 S ENT RAMP,,,,356.00,Feet,South,I 65,,,,0.00,N,Not at Intersection,N,Non-Junction,None,,,         ,Samuel,Galluzzi,Clear,Not Collision with Motor Vehicle in Transport,no,no,no,no,no,False
101596701,METROPOLITAN NASHVILLE POLICE DEPT,20170277950,Davidson,Nashville,3/29/2017 4:40:00 AM,1,0,0,36.082750,-86.883410,HIGHWAY 100,,,,620.00,Feet,East,PERCY WARNER BLVD,,,,0.00,N,Not at Intersection,N,Non-Junction,None,,,         ,Kenneth,Bray,Clear,Not Collision with Motor Vehicle in Transport,no,no,no,no,no,False
101596712,METROPOLITAN NASHVILLE POLICE DEPT,2017-0277411,Davidson,Nashville,3/28/2017 11:30:00 PM,2,0,0,36.153390,-86.788280,DEMONBREUN ST,,,,0.00,,,14TH AVS,,,,0.00,Y,Four-Way, ,,None,,,         ,Matthew,Moses,,,no,no,no,no,no,False
101596735,METROPOLITAN NASHVILLE POLICE DEPT,20170277917,Davidson,Nashville,3/29/2017 4:20:00 AM,2,0,0,36.180970,-86.816170,24TH AVN,,,,134.00,Feet,South,ST LOUIS ST,,,,0.00,N,Not at Intersection,N,Non-Junction,None,,,         ,Nicholas,Carter,Clear,Front to Rear,no,no,no,no,no,False
101596774,METROPOLITAN NASHVILLE POLICE DEPT,20170278151,Davidson,Nashville,3/29/2017 7:01:00 AM,2,0,0,36.152200,-86.625830,BLACKWOOD DR,,,,224.00,Feet,West,BELL RD,,,,0.00,N,Not at Intersection,N,Non-Junction,None,,,         ,James,Curtis,Clear,Angle,no,no,no,no,no,False
101596792,METROPOLITAN NASHVILLE POLICE DEPT,20170278174,Davidson,Nashville,3/29/2017 7:00:00 AM,2,0,0,36.239780,-86.780770,BRICK CHURCH PKE,,,,40.00,Feet,North,BRILEY PKWY W EXT RAMP,,,,0.00,N,Not at Intersection, ,,None,,,         ,Brian,Otto,,,no,no,no,no,no,False
101596814,METROPOLITAN NASHVILLE POLICE DEPT,2017-0278065,Davidson,Nashville,3/29/2017 5:50:00 AM,2,1,0,36.045480,-86.647290,CROSSINGS BLVD,,,,0.00,,,MT VIEW RD,,,,0.00,Y,Four-Way,N,Intersection,None,,,         ,William,Whitworth,Clear,Angle,no,no,no,no,no,False
101596815,METROPOLITAN NASHVILLE POLICE DEPT,20170278164,Davidson,Goodlettsville,3/29/2017 7:00:00 AM,2,0,0,36.302330,-86.692440,GALLATIN PKEN,,,,108.00,Feet,East,RIVERGATE MALL PVTDR,,,,0.00,N,Not at Intersection, ,Non-Junction,None,,,         ,DuJuan,Kendrick,Cloudy,Front to Rear,no,no,no,no,no,False
101596823,METROPOLITAN NASHVILLE POLICE DEPT,20170278156,Davidson,Goodlettsville,3/29/2017 7:15:00 AM,2,0,0,36.296710,-86.699020,MYATT DR,,,,83.00,Feet,South,GALLATIN PKEN,,,,0.00,N,Not at Intersection, ,,None,,,         ,Joshua,Borum,,,no,no,no,no,no,False
101596830,METROPOLITAN NASHVILLE POLICE DEPT,20170278223,Davidson,Nashville,3/29/2017 7:05:00 AM,2,0,0,36.067720,-86.718690,NOLENSVILLE PKE,,,,215.00,Feet,South,HAYWOOD LN,,,,0.00,N,Not at Intersection,N,Non-Junction,None,,,         ,Gary,Peters,Clear,"Sideswipe, Opposite Direction",no,no,no,no,no,False
101596849,METROPOLITAN NASHVILLE POLICE DEPT,20170278236,Davidson,Nashville,3/29/2017 7:28:00 AM,3,1,0,36.124410,-86.737170,I 440,,,,0.00,,,,,,,7.00,N,Not at Intersection,N,Non-Junction,None,,,         ,Todd,Watson,Clear,Front to Rear,no,no,no,no,no,False
101596864,METROPOLITAN NASHVILLE POLICE DEPT,20170278367,Davidson,Nashville,3/29/2017 8:05:00 AM,3,0,0,36.142240,-86.678600,I 40,,,,0.00,,,,,,,215.95,N,Not at Intersection, ,Non-Junction,None,,,         ,James,Curtis,Clear,"Sideswipe, Same Direction",no,no,no,no,no,False
101596871,METROPOLITAN NASHVILLE POLICE DEPT,20170278357,Davidson,Nashville,3/29/2017 8:10:00 AM,2,1,0,36.101250,-86.764610,I 65,,,,0.00,,,,,,,79.15,N,Not at Intersection,N,Non-Junction,None,,,         ,Abbey,Sawl,Clear,Front to Rear,no,no,no,no,no,False
101596872,METROPOLITAN NASHVILLE POLICE DEPT,20170278285,Davidson,Nashville,3/29/2017 7:53:00 AM,3,0,0,36.143710,-86.689060,I 40,,,,0.00,,,,,,,215.35,N,Not at Intersection, ,Non-Junction,None,,,         ,Tyler,Adcock,Clear,Front to Rear,no,no,no,no,no,False
101596879,METROPOLITAN NASHVILLE POLICE DEPT,20170278352,Davidson,Nashville,3/29/2017 8:17:00 AM,2,0,0,36.209070,-86.777940,AVONDALE CIR,,,,0.00,,,BRICK CHURCH PKE,,,,0.00,Y,T-Intersection, ,Intersection,None,,,         ,Michael,McCord,Clear,Angle,no,no,no,no,no,False
101596890,METROPOLITAN NASHVILLE POLICE DEPT,20170278328,Davidson,Nashville,3/29/2017 8:04:00 AM,2,0,0,36.143960,-86.722570,SPENCE LN,,,,0.00,,,ELM HILL PKE,,,,0.00,Y,Four-Way, ,Intersection,None,,,         ,Wesley,Young,Clear,Angle,no,no,no,no,no,False
101596891,METROPOLITAN NASHVILLE POLICE DEPT,110822774,Davidson,Nashville,3/29/2017 7:21:00 AM,2,0,0,36.153290,-86.764800,I 40,,,,0.00,,,,,,,210.70,N,Not at Intersection,N,Non-Junction,None,,,         ,Trenton,Searcy,Clear,Front to Rear,no,no,no,no,no,False
101596894,METROPOLITAN NASHVILLE POLICE DEPT,20170278437,Davidson,Nashville,3/29/2017 8:33:00 AM,2,0,0,36.141680,-86.776600,I 65,,,,0.00,,,,,,,81.90,N,Not at Intersection, ,Entrance/Exit Ramp Related,None,,,         ,Darrell,Osment,Clear,"Sideswipe, Same Direction",no,no,no,no,no,False
101596898,METROPOLITAN NASHVILLE POLICE DEPT,20170278491,Davidson,Nashville,3/29/2017 8:53:00 AM,2,0,0,36.168200,-86.657350,LEBANON PKE,,,,155.00,Feet,West,MUNN RD,,,,0.00,N,Not at Intersection, ,Non-Junction,None,,,         ,Wesley,Young,Clear,Front to Rear,no,no,no,no,no,False