master_record_number,agency,agency_tracking_number,county,city,collision_date,vehicles_involved,number_injured,number_dead,latitude,longitude,roadway_name,roadway_suffix,roadway_number,roadway_local_id,distance_from_reference,miles-feet_indicator,direction_from_reference,intersection_road_name,intersection_road_name_suffix,intersection_road_number,intersection_local_id,mile_marker,intersection_indicator,intersect_type,interchange_related_indicator,relation_to_junction,work_zone_type,construction_maintenance_zone,construction_maintenance_zone_location,fatal_case_number,officer_first_name,officer_last_name,weather_condition(s),manner_of_crash,pedestrian,bicycle,scooter,parking,hitrun,mou
101598472,METROPOLITAN NASHVILLE POLICE DEPT,20170283129,Davidson,Nashville,3/30/2017 4:29:00 PM,4,0,0,36.135840,-86.822690,WEST END AV,,,,199.00,Feet,North,I440 WEST END AV ENT RAMP,,,,0.00,N,Not at Intersection,N,Non-Junction,None,,,         ,Paxton,Montgomery,Cloudy,Front to Rear,no,no,no,no,yes,False
101598480,METROPOLITAN NASHVILLE POLICE DEPT,20170283048,Davidson,Nashville,3/30/2017 3:20:00 PM,2,0,0,36.176790,-86.812440,OSAGE ST,,,,0.00,,,22ND AVN,,,,0.00,Y,Four-Way, ,Intersection,None,,,         ,Roy,Sain Jr.,Cloudy,Angle,no,no,no,no,no,False
101598486,METROPOLITAN NASHVILLE POLICE DEPT,20170283047,Davidson,Nashville,3/30/2017 3:45:00 PM,3,0,0,36.177400,-86.800780,I 65,,,,0.00,,,,,,,84.80,N,Not at Intersection, ,Non-Junction,None,,,         ,Clayton,Lewis,Cloudy,Front to Rear,no,no,no,no,no,False
101598493,METROPOLITAN NASHVILLE POLICE DEPT,20170283051,Davidson,Nashville,3/30/2017 3:58:00 PM,2,0,0,36.135600,-86.778980,8TH AVS,,,,218.00,Feet,South,EAST ARGYLE AV,,,,0.00,N,Not at Intersection, ,Non-Junction,None,,,         ,Katelin,Ehrhardt,Cloudy,Front to Rear,no,no,no,no,no,False
101598523,METROPOLITAN NASHVILLE POLICE DEPT,20170283452,Davidson,Nashville,3/30/2017 6:32:00 PM,2,0,0,36.155650,-86.789720,I40 E EXT RAMP,,,,0.00,,,BROADWAY,,,,0.00,Y,Y-Intersection, ,Intersection,None,,,         ,David,Collins,Cloudy,Front to Rear,no,no,no,no,no,False
101598524,METROPOLITAN NASHVILLE POLICE DEPT,20170283566,Davidson,Nashville,3/30/2017 7:25:00 PM,2,1,0,36.124270,-86.738780,I 440,,,,0.00,,,,,,,6.90,N,Not at Intersection,N,Non-Junction,None,,,         ,Alyson,Cook,Clear,Front to Rear,no,no,no,no,yes,False
101598540,METROPOLITAN NASHVILLE POLICE DEPT,20170283712,Davidson,Nashville,3/30/2017 8:00:00 PM,2,0,0,36.183440,-86.744890,EASTLAND AV,,,,0.00,,,N 14TH ST,,,,0.00,Y,Four-Way, ,Intersection,None,,,         ,Cressie,Prill,Cloudy,Angle,no,no,no,no,yes,False
101598562,METROPOLITAN NASHVILLE POLICE DEPT,20170283719,Davidson,Nashville,3/30/2017 8:15:00 PM,2,0,0,36.163250,-86.776070,2ND AVN,,,,0.00,,,COMMERCE ST,,,,0.00,Y,T-Intersection, ,Intersection,None,,,         ,Kendra,Cowper,Cloudy,"Sideswipe, Same Direction",no,no,no,no,yes,False
101598623,METROPOLITAN NASHVILLE POLICE DEPT,20170283924,Davidson,Nashville,3/30/2017 9:21:00 PM,1,1,0,36.156010,-86.788850,BROADWAY,,,,0.00,,,GEORGE L DAVIS BLVD,,,,0.00,Y,Four-Way,N,Intersection,None,,,         ,Michael,Baron,Rain,Not Collision with Motor Vehicle in Transport,yes,no,no,no,yes,False
101598650,Metro Park Police,2017-0280142,Davidson,Nashville,3/29/2017 6:35:00 PM,1,1,0,36.151040,-86.811200,25TH AVN,,,,0.00,,,PATTERSON ST,,,,0.00,Y,OTHER,N,Non-Junction,None,,,         ,Richard,Ellington,Clear,Not Collision with Motor Vehicle in Transport,yes,no,no,no,no,False
101598651,METROPOLITAN NASHVILLE POLICE DEPT,20170283911,Davidson,Nashville,3/30/2017 9:14:00 PM,2,0,0,36.129630,-86.795560,BELMONT BLVD,,,,0.00,,,BLAIR BLVD,,,,0.00,Y,T-Intersection, ,Intersection-Related,None,,,         ,Tien,Nguyen,Rain,Angle,no,no,no,no,no,False
101598668,METROPOLITAN NASHVILLE POLICE DEPT,20170284005,Davidson,Nashville,3/30/2017 12:00:00 AM,2,0,0,36.176620,-86.755520,MAIN ST,,,,0.00,,,MCFERRIN AV,,,,0.00,Y,Four-Way, ,Intersection,None,,,         ,Kendra,Cowper,Clear,"Sideswipe, Same Direction",no,no,no,no,yes,False
101598669,METROPOLITAN NASHVILLE POLICE DEPT,20170283929,Davidson,Nashville,3/30/2017 9:24:00 PM,2,1,0,36.158850,-86.819810,CLIFTON AV,,,,0.00,,,29TH AVN,,,,0.00,Y,T-Intersection,N,Intersection,None,,,         ,Michael,Brooks,Cloudy,Angle,no,no,no,no,yes,False
101598674,METROPOLITAN NASHVILLE POLICE DEPT,20170283987,Davidson,Nashville,3/30/2017 10:45:00 PM,2,0,0,36.156950,-86.775030,KOREAN VETERANS BLVD,,,,122.00,Feet,West,4TH AVS,,,,0.00,N,Not at Intersection, ,,None,,,         ,Pedro,Rivera Chaparro,,,no,no,no,no,no,False
101598678,METROPOLITAN NASHVILLE POLICE DEPT,20170283828,Davidson,Nashville,3/30/2017 8:51:00 PM,2,1,0,36.139650,-86.704500,KAREN DR,,,,170.00,Feet,East,ELISSA DR,,,,0.00,N,Not at Intersection,N,Non-Junction,None,,,         ,Thomas,Barnes,Clear,HeadOn,no,no,no,no,no,False
101598681,METROPOLITAN NASHVILLE POLICE DEPT,20170284016,Davidson,Nashville,3/30/2017 9:55:00 PM,1,0,0,36.150260,-86.584060,S NEW HOPE RD,,,,198.00,Feet,North,CAPE HOPE PASS,,,,0.00,N,Not at Intersection,N,Non-Junction,None,,,         ,Noah,Melton,Cloudy,Not Collision with Motor Vehicle in Transport,no,no,no,no,yes,False
101598708,METROPOLITAN NASHVILLE POLICE DEPT,20170284138,Davidson,Nashville,3/30/2017 10:58:00 PM,1,0,0,36.218410,-86.834220,HAYNES PARK DR,,,,140.00,Feet,South,KINGS LN,,,,0.00,N,Not at Intersection,N,Non-Junction,None,,,         ,James,Murphy,Rain,Not Collision with Motor Vehicle in Transport,no,no,no,no,no,False
101598714,METROPOLITAN NASHVILLE POLICE DEPT,20170283863,Davidson,Nashville,3/30/2017 7:50:00 PM,2,0,0,36.173950,-86.588940,CENTRAL VALLEY DR,,,,421.00,Feet,East,GINA BROOKE DR,,,,0.00,N,Not at Intersection,N,Non-Junction,None,,,         ,Kyle,Burks,Cloudy,Angle,no,no,no,no,yes,False
101598716,VANDERBILT UNIVERSITY POLICE,17-0284130,Davidson,Nashville,3/30/2017 7:35:00 PM,1,0,0,36.142670,-86.806560,HIGHLAND AV,,,,0.00,,,25TH AVS,,,,0.00,Y,Four-Way,N,Intersection,None,,,         ,William,West,Rain,Not Collision with Motor Vehicle in Transport,no,yes,no,no,no,Campus
101598717,METROPOLITAN NASHVILLE POLICE DEPT,20170284284,Davidson,Nashville,3/30/2017 11:40:00 PM,2,0,0,36.238810,-86.723860,GALLATIN PKES,,,,0.00,,,GALLATIN PKE,,,,0.00,Y,T-Intersection, ,Intersection,None,,,         ,Caesar,Harris,Rain,Angle,no,no,no,no,no,False
101598739,METROPOLITAN NASHVILLE POLICE DEPT,20170284275,Davidson,Nashville,3/30/2017 11:49:00 PM,1,1,0,36.203570,-86.738720,E TRINITY LN,,,,59.00,Feet,West,GALLATIN PKE,,,,0.00,N,Not at Intersection,N,Non-Junction,None,,,         ,Robert,Crow,Rain,Not Collision with Motor Vehicle in Transport,no,no,no,no,no,False
101598740,METROPOLITAN NASHVILLE POLICE DEPT,20170284133,Davidson,Nashville,3/30/2017 10:22:00 PM,1,0,0,36.081200,-86.758810,HARDING PL,,,,139.00,Feet,West,TROUSDALE DR,,,,0.00,N,Not at Intersection, ,,None,,,         ,Cody,Jaworski,,,no,no,no,no,no,False
101598749,METROPOLITAN NASHVILLE POLICE DEPT,20170284285,Davidson,Nashville,3/30/2017 11:53:00 PM,2,1,0,36.144930,-86.766660,4TH AVS,,,,0.00,Feet,,CHESTNUT ST,,,,0.00,Y,Four-Way,Y,Intersection-Related,None,,,         ,Stephen,Waterman,Rain,Angle,no,no,no,no,no,False
101598753,METROPOLITAN NASHVILLE POLICE DEPT,20170284505,Davidson,Nashville,3/31/2017 1:40:00 AM,1,0,0,36.175590,-86.766640,ELLINGTON PKWYN,,,,109.00,Feet,North,ELLINGTON PKWY N ENT RAMP,,,,0.00,N,Not at Intersection,Y,Entrance/Exit Ramp Related,None,,,         ,Eric,Hall,Rain,Not Collision with Motor Vehicle in Transport,no,no,no,no,no,False
101598755,METROPOLITAN NASHVILLE POLICE DEPT,20170284484,Davidson,Nashville,3/31/2017 1:01:00 AM,1,0,0,36.072070,-86.699210,WILLARD DR,,,,309.00,Feet,West,EAST RIDGE DR,,,,0.00,N,Not at Intersection,N,Non-Junction,None,,,         ,David,Moser,Rain,Not Collision with Motor Vehicle in Transport,no,no,no,no,no,False
101598759,METROPOLITAN NASHVILLE POLICE DEPT,20170284414,Davidson,Nashville,3/30/2017 11:45:00 PM,2,0,0,36.044950,-86.659750,I24 E EXT RAMP,,,,0.00,,,I 24,,,,0.00,Y,Four-Way,N,Intersection,None,,,         ,Dezmond,Hughes,Rain,Front to Rear,no,no,no,no,yes,False
101598760,METROPOLITAN NASHVILLE POLICE DEPT,20170284320,Davidson,Nashville,3/31/2017 12:15:00 AM,1,2,0,36.039070,-86.778440,STONE BROOK DR,,,,0.00,,,SUMMIT VIEW DR,,,,0.00,Y,T-Intersection,N,Non-Junction,None,,,         ,Charles,Wingo,Rain,Not Collision with Motor Vehicle in Transport,no,no,no,no,no,False
101598773,METROPOLITAN NASHVILLE POLICE DEPT,20170284467,Davidson,Nashville,3/31/2017 1:21:00 AM,2,0,0,36.182140,-86.607790,OLD HICKORY BLVD,,,,71.00,Feet,East,ANDREW JACKSON WAY,,,,0.00,N,Not at Intersection,N,Non-Junction,None,,,         ,Gregory,Julia,Rain,Front to Rear,no,no,no,no,yes,False
101598814,METROPOLITAN NASHVILLE POLICE DEPT,20170284776,Davidson,Not in City Limit,3/31/2017 3:50:00 AM,2,0,0,36.263070,-86.711920,STATE RT 45,,,,0.00,,,GALLATIN PKEN,,,,0.00,Y,Four-Way,N,Intersection,None,,,         ,Caesar,Harris,Clear,Angle,no,no,no,no,no,False
101598818,METROPOLITAN NASHVILLE POLICE DEPT,20170284794,Davidson,Nashville,3/31/2017 4:30:00 AM,3,0,0,36.208780,-86.584460,ROWENA DR,,,,103.00,Feet,West,ROWENA CT,,,,0.00,N,Not at Intersection,N,Non-Junction,None,,,         ,Daniel,Caruth,Clear,Front to Rear,no,no,no,no,no,False
101598828,Nashville Airport Police,2017-01016,Davidson,Nashville,3/30/2017 10:26:00 PM,2,0,0,36.106820,-86.667910,FAIRCLOTH LN,,,,0.00,,,,,,,0.00,,, ,Non-Junction,None,,,         ,William,Hodge,Rain,"Sideswipe, Same Direction",no,no,no,yes,yes,False
101598844,METROPOLITAN NASHVILLE POLICE DEPT,20170284922,Davidson,Nashville,3/31/2017 5:40:00 AM,2,0,0,36.143500,-86.794410,EDGEHILL AV,,,,0.00,,,17TH AVS,,,,0.00,Y,Four-Way,N,Intersection,None,,,         ,Craig,Oakley,Clear,Angle,no,no,no,no,no,Campus
101598845,METROPOLITAN NASHVILLE POLICE DEPT,20170284901,Davidson,Nashville,3/31/2017 12:00:00 AM,1,0,0,36.154450,-86.822970,I40 W EXT RAMP,,,,0.00,,,I 440,,,,0.00,Y,OTHER,N,Non-Junction,None,,,         ,Terrance,Stuckey,Clear,Not Collision with Motor Vehicle in Transport,no,no,no,no,no,False
101598847,METROPOLITAN NASHVILLE POLICE DEPT,20170284905,Davidson,Nashville,3/31/2017 5:30:00 AM,2,1,0,36.166350,-86.780690,4TH AVN,,,,0.00,,,CHARLOTTE AV,,,,0.00,Y,Four-Way,N,Intersection,None,,,         ,Damon,Hutcheson,Cloudy,HeadOn,no,no,no,no,no,False
101598850,METROPOLITAN NASHVILLE POLICE DEPT,20170284972,Davidson,Nashville,3/31/2017 6:14:00 AM,2,0,0,36.081070,-86.696850,I 24,,,,0.00,,,,,,,56.10,N,Not at Intersection,N,Non-Junction,None,,,         ,William,Williams,Clear,Angle,no,no,no,no,yes,False
101598859,METROPOLITAN NASHVILLE POLICE DEPT,20170282673,Davidson,Nashville,3/30/2017 11:55:00 AM,2,0,0,36.154600,-86.786200,DEMONBREUN ST,,,,0.00,,,12TH AVS,,,,0.00,Y,Four-Way,N,Intersection-Related,None,,,         ,Shawn,Taylor,Cloudy,Front to Rear,no,no,no,no,no,False
101598902,METROPOLITAN NASHVILLE POLICE DEPT,20170285030,Davidson,Nashville,3/31/2017 5:31:00 AM,2,0,0,36.144850,-86.711040,ELM HILL PKE,,,,0.00,,,MASSMAN DR,,,,0.00,Y,Four-Way, ,Intersection,None,,,         ,James,Curtis,Cloudy,Angle,no,no,no,no,yes,False
101598915,METROPOLITAN NASHVILLE POLICE DEPT,20170285029,Davidson,Nashville,3/31/2017 6:53:00 AM,2,0,0,36.109450,-86.728050,SOUTHLAKE DR,,,,0.00,,,BRILEY PKWYS,,,,0.00,Y,Four-Way, ,Intersection,None,,,         ,Todd,Watson,Clear,Front to Rear,no,no,no,no,no,False
101598925,METROPOLITAN NASHVILLE POLICE DEPT,20170285166,Davidson,Nashville,3/31/2017 7:55:00 AM,2,1,0,36.159810,-86.801390,DR D B TODD JR BLVD,,,,230.00,Feet,North,PEARL ST,,,,0.00,N,Not at Intersection,N,Non-Junction,None,,,         ,Chase,Burnett,Cloudy,Front to Rear,no,no,no,no,no,False
101598935,METROPOLITAN NASHVILLE POLICE DEPT,20170285134,Davidson,Nashville,3/31/2017 7:47:00 AM,3,0,0,36.074290,-86.638470,MURFREESBORO PKE,,,,87.00,Feet,South,RURAL HILL RD,,,,0.00,N,Not at Intersection, ,Non-Junction,None,,,         ,Steven,Rowlett,Cloudy,"Sideswipe, Same Direction",no,no,no,no,no,False
101598960,METROPOLITAN NASHVILLE POLICE DEPT,20170285261,Davidson,Nashville,3/31/2017 8:30:00 AM,2,0,0,36.154460,-86.786650,DEMONBREUN ST,,,,143.00,Feet,West,12TH AVS,,,,0.00,N,Not at Intersection, ,Non-Junction,None,,,         ,Shawn,Taylor,Cloudy,Front to Rear,no,no,no,no,no,False
101598966,METROPOLITAN NASHVILLE POLICE DEPT,20170285077,Davidson,Nashville,3/31/2017 7:25:00 AM,2,0,0,36.152400,-86.857840,I 40,,,,0.00,,,,,,,204.00,N,Not at Intersection,N,Non-Junction,None,,,         ,Michael,Pyle,Cloudy,Front to Rear,no,no,no,no,no,False
101598979,METROPOLITAN NASHVILLE POLICE DEPT,20170285304,Davidson,Nashville,3/31/2017 9:02:00 AM,2,2,0,36.186110,-86.798370,ROSA L PARKS BLVD,,,,0.00,,,I65 S EXT RAMP,,,,0.00,Y,T-Intersection,Y,Entrance/Exit Ramp Related,None,,,         ,Julie,Nabors,Cloudy,Front to Rear,no,no,no,no,no,False
101598996,THP District 9 - Administrative,317018236,Davidson,Nashville,3/29/2017 1:15:00 PM,1,0,0,36.164130,-86.784650,CHARLOTTE AV,,,,0.00,,,,,,,0.00,,Not at Intersection, ,Non-Junction,None,,,         ,Michael,Jolley,Clear,Not Collision with Motor Vehicle in Transport,no,no,no,yes,no,False
101599007,METROPOLITAN NASHVILLE POLICE DEPT,20170285347,Davidson,Nashville,3/31/2017 9:25:00 AM,2,0,0,36.089240,-86.689050,HARDING PL,,,,203.00,Feet,West,HARDING INDUSTRIAL DR,,,,0.00,N,Not at Intersection, ,Non-Junction,None,,,         ,Rickie,Corman,Cloudy,Front to Rear,no,no,no,no,no,False
101599014,METROPOLITAN NASHVILLE POLICE DEPT,20170285213,Davidson,Nashville,3/31/2017 8:15:00 AM,2,0,0,36.141710,-86.778460,CHESTNUT ST,,,,65.00,Feet,East,8TH AVS,,,,0.00,N,Not at Intersection, ,,None,,,         ,Brent,Bauer,,,no,no,no,no,no,False
101599028,METROPOLITAN NASHVILLE POLICE DEPT,20170285065,Davidson,Nashville,3/31/2017 7:18:00 AM,2,4,0,36.074570,-86.750490,BRIARWOOD DR,,,,0.00,,,BLACKMAN RD,,,,0.00,Y,Four-Way,N,Intersection,None,,,         ,Phillip,Murphy,Clear,Angle,no,no,no,no,no,False
101599099,METROPOLITAN NASHVILLE POLICE DEPT,20170285552,Davidson,Nashville,3/31/2017 10:40:00 AM,2,0,0,36.167150,-86.779610,3RD AVN,,,,0.00,,,JAMES ROBERTSON PKWY,,,,0.00,Y,Four-Way,Y,Intersection-Related,None,,,         ,Julie,Nabors,Cloudy,Angle,no,no,no,no,yes,False
101599126,BERRY HILL POLICE DEPT,17-1072,Davidson,Berry Hill,3/31/2017 11:05:00 AM,2,0,0,36.126970,-86.777350,HILLVIEW HTS,,,,0.00,,,FRANKLIN PKE,,,,0.00,Y,T-Intersection, ,,Construction Zone,,,         ,Larry,Carter,,,no,no,no,no,no,False
101599135,METROPOLITAN NASHVILLE POLICE DEPT,20170285613,Davidson,Nashville,3/31/2017 11:20:00 AM,2,0,0,36.148970,-86.779670,I 40,,,,0.00,,,,,,,209.85,N,Not at Intersection,N,Non-Junction,None,,,         ,Catherine,Poole,Clear,Front to Rear,no,no,no,no,no,False
101599157,METROPOLITAN NASHVILLE POLICE DEPT,20170285569,Davidson,Nashville,3/31/2017 10:26:00 AM,2,2,0,36.169830,-86.588950,I 40,,,,0.00,,,,,,,221.50,N,Not at Intersection,N,Non-Junction,None,,,         ,MIchael,Mihajlov,Clear,"Sideswipe, Same Direction",no,no,no,no,no,False
101599183,METROPOLITAN NASHVILLE POLICE DEPT,2017285081,Davidson,Nashville,3/31/2017 7:15:00 AM,2,0,0,36.145740,-86.764720,CHESTNUT ST,,,,0.00,,,2ND AVS,,,,0.00,Y,Four-Way,N,Intersection,None,,,         ,Brandon,O'Guin,Cloudy,Angle,no,no,no,no,no,False
101599199,METROPOLITAN NASHVILLE POLICE DEPT,20170285141,Davidson,Nashville,3/31/2017 7:00:00 AM,2,0,0,36.227360,-86.778970,I 24,,,,0.00,,,,,,,44.60,N,Not at Intersection, ,Non-Junction,None,,,         ,Michael,Parman,Cloudy,"Sideswipe, Same Direction",no,no,no,no,no,False
101599200,METROPOLITAN NASHVILLE POLICE DEPT,20170285418,Davidson,Nashville,3/31/2017 9:56:00 AM,2,0,0,36.145930,-86.666470,ROYAL PKWY,,,,0.00,,,DONELSON PKE,,,,0.00,Y,Four-Way, ,,None,,,         ,James,Curtis,,,no,no,no,no,no,False
101599201,METROPOLITAN NASHVILLE POLICE DEPT,20170285576,Davidson,Nashville,3/31/2017 11:12:00 AM,2,0,0,36.168480,-86.687450,LEBANON PKE,,,,151.00,Feet,East,BRILEY PKWY N ENT RAMP,,,,0.00,N,Not at Intersection, ,Non-Junction,None,,,         ,James,Curtis,Cloudy,"Sideswipe, Same Direction",no,no,no,no,no,False
101599243,METROPOLITAN NASHVILLE POLICE DEPT,20170285157,Davidson,Nashville,3/31/2017 7:57:00 AM,2,2,0,36.279630,-86.779730,OLD HICKORY BLVD,,,,1132.00,Feet,East,BRICK CHURCH PKE,,,,0.00,N,Not at Intersection,Y,"Driveway, Alley Access, etc",None,,,         ,Brandon,Wood,Cloudy,Front to Rear,no,no,no,no,no,False
101599245,METROPOLITAN NASHVILLE POLICE DEPT,20170285743,Davidson,Nashville,3/31/2017 12:10:00 PM,2,0,0,36.082100,-86.761700,HARDING PL,,,,0.00,,,SIDCO DR,,,,0.00,Y,Four-Way, ,Intersection,None,,,         ,Abbey,Sawl,Clear,Angle,no,no,no,no,no,False
101599251,METROPOLITAN NASHVILLE POLICE DEPT,20170285814,Davidson,Nashville,3/31/2017 12:58:00 PM,2,1,0,36.136580,-86.795150,WEDGEWOOD AV,,,,0.00,,,MAGNOLIA BLVD,,,,0.00,Y,Four-Way,N,Intersection-Related,None,,,         ,Ian,Hammond,Clear,Front to Rear,no,no,no,no,no,False
101599257,METROPOLITAN NASHVILLE POLICE DEPT,20170285449,Davidson,Nashville,3/31/2017 10:17:00 AM,2,0,0,36.134130,-86.722720,MURFREESBORO PKE,,,,60.00,Feet,West,PLUS PARK BLVD,,,,0.00,N,Not at Intersection, ,Non-Junction,Construction Zone,,,         ,Cody,O'Quinn,Cloudy,"Sideswipe, Same Direction",no,no,no,no,no,False
101599259,VANDERBILT UNIVERSITY POLICE,17-0285819,Davidson,Nashville,3/31/2017 12:00:00 AM,2,0,0,36.145700,-86.798510,SCARRITT PL,,,,0.00,,,,,,,0.00,,, ,,None,,,         ,Brent,Clark,,,no,no,no,yes,no,Campus
101599261,METROPOLITAN NASHVILLE POLICE DEPT,20170285776,Davidson,Nashville,3/31/2017 8:40:00 AM,2,0,0,36.229940,-86.725050,GALLATIN PKE,,,,0.00,,,RICHMOND DR,,,,0.00,Y,T-Intersection,N,Intersection-Related,None,,,         ,Alex,Moore,Cloudy,"Sideswipe, Same Direction",no,no,no,no,yes,False
101599265,METROPOLITAN NASHVILLE POLICE DEPT,20170285850,Davidson,Madison,3/31/2017 1:00:00 PM,2,0,0,36.262130,-86.712230,GALLATIN PKES,,,,29.00,Feet,South,E OLD HICKORY BLVD,,,,0.00,N,Not at Intersection, ,Non-Junction,None,,,         ,Brian,Otto,Cloudy,Angle,no,no,no,no,no,False
101599271,METROPOLITAN NASHVILLE POLICE DEPT,2017285250,Davidson,Nashville,3/31/2017 8:45:00 AM,2,0,0,36.044220,-86.670570,HICKORY PARK DR,,,,170.00,Feet,North,HICKORY PARK LN,,,,0.00,N,Not at Intersection, ,Non-Junction,None,,,         ,Brandon,O'Guin,Cloudy,"Sideswipe, Same Direction",no,no,no,no,no,False
101599294,METROPOLITAN NASHVILLE POLICE DEPT,20170285715,Davidson,Nashville,3/31/2017 11:55:00 AM,2,0,0,36.162740,-86.761240,I 24,,,,0.00,,,,,,,49.30,N,Not at Intersection, ,Non-Junction,None,,,         ,Daniel,Wadham,Clear,"Sideswipe, Same Direction",no,no,no,no,no,False
101599296,METROPOLITAN NASHVILLE POLICE DEPT,20170285842,Davidson,Nashville,3/31/2017 1:08:00 PM,1,0,0,36.116000,-86.781930,I 440,,,,0.00,,,,,,,4.40,N,Not at Intersection,Y,Entrance/Exit Ramp Related,None,,,         ,Darrell,Osment,Cloudy,Not Collision with Motor Vehicle in Transport,no,no,no,no,no,False
101599298,METROPOLITAN NASHVILLE POLICE DEPT,20170285824,Davidson,Nashville,3/31/2017 12:55:00 PM,2,1,0,36.069410,-86.722970,COTTON LN,,,,411.00,Feet,South,NOLENSVILLE PKE,,,,0.00,N,Not at Intersection,N,"Driveway, Alley Access, etc",None,,,         ,Ian,Ward,Cloudy,Angle,no,no,no,no,no,False
101599320,METROPOLITAN NASHVILLE POLICE DEPT,20170285945,Davidson,Nashville,3/31/2017 2:02:00 PM,2,0,0,36.131410,-86.773900,I 65,,,,0.00,,,,,,,81.15,N,Not at Intersection,N,Non-Junction,None,,,         ,Phillip,Murphy,Clear,Front to Rear,no,no,no,no,yes,False
101599321,METROPOLITAN NASHVILLE POLICE DEPT,20170285922,Davidson,Nashville,3/31/2017 1:40:00 PM,2,0,0,36.111240,-86.767380,OLD POWELL AV,,,,118.00,Feet,North,POWELL AV,,,,0.00,N,Not at Intersection, ,Non-Junction,None,,,         ,Abbey,Sawl,Clear,"Sideswipe, Same Direction",no,no,no,yes,yes,False
101599324,METROPOLITAN NASHVILLE POLICE DEPT,20170285800,Davidson,Nashville,3/31/2017 1:00:00 PM,2,0,0,36.253220,-86.716800,GALLATIN PKES,,,,0.00,,,MADISON SQ,,,,0.00,Y,Four-Way, ,Intersection-Related,None,,,         ,Nathaniel,Carroll,Clear,"Sideswipe, Same Direction",no,no,no,no,no,False
101599325,METROPOLITAN NASHVILLE POLICE DEPT,20170285770,Davidson,Nashville,3/31/2017 12:30:00 PM,2,0,0,36.206730,-86.612590,LEBANON PKE,,,,316.00,Feet,North,MCKENDREE CIR,,,,0.00,N,Not at Intersection, ,Non-Junction,None,,,         ,Cody,O'Quinn,Cloudy,Front to Rear,no,no,no,no,no,False
101599347,METROPOLITAN NASHVILLE POLICE DEPT,20170285513,Davidson,Nashville,3/31/2017 10:25:00 AM,2,0,0,36.118150,-86.700130,MURFREESBORO PKE,,,,39.00,Feet,East,BRILEY PKWYN,,,,0.00,N,Not at Intersection, ,Non-Junction,None,,,         ,Brandon,O'Guin,Cloudy,Front to Rear,no,no,no,no,no,False
101599373,METROPOLITAN NASHVILLE POLICE DEPT,20170285691,Davidson,Nashville,3/31/2017 1:10:00 PM,3,0,0,36.086080,-86.648190,MURFREESBORO PKE,,,,334.00,Feet,South,UNA ANTIOCH PKE,,,,0.00,N,Not at Intersection, ,Non-Junction,None,,,         ,Jessie,Meadows,Clear,"Sideswipe, Same Direction",no,no,no,no,no,False
101599464,METROPOLITAN NASHVILLE POLICE DEPT,20170285101,Davidson,Nashville,3/31/2017 7:30:00 AM,2,0,0,36.211400,-86.775860,I 65,,,,0.00,,,,,,,87.70,N,Not at Intersection, ,Non-Junction,None,,,         ,Royce,McLester,Cloudy,"Sideswipe, Same Direction",no,no,no,no,no,False
101599465,METROPOLITAN NASHVILLE POLICE DEPT,20170285628,Davidson,Nashville,3/31/2017 11:34:00 AM,1,1,0,36.241260,-86.785850,I 24,,,,0.00,,,,,,,43.30,N,Not at Intersection,N,Entrance/Exit Ramp Related,None,,,         ,Royce,McLester,Cloudy,Not Collision with Motor Vehicle in Transport,no,no,no,no,no,False
101599467,METROPOLITAN NASHVILLE POLICE DEPT,20170286042,Davidson,Nashville,3/31/2017 3:01:00 PM,2,1,0,36.129060,-86.816470,I 440,,,,0.00,,,,,,,2.10,N,Not at Intersection,N,Non-Junction,None,,,         ,Jessica,Scott,Clear,Front to Rear,no,no,no,no,no,False
101599474,METROPOLITAN NASHVILLE POLICE DEPT,20170286049,Davidson,Nashville,3/31/2017 2:30:00 PM,2,0,0,36.171980,-86.798930,I65 N ENT RAMP,,,,0.00,Feet,East,I 40,,,,0.00,N,Not at Intersection, ,Entrance/Exit Ramp Related,None,,,         ,Landon,Bagwell,Cloudy,"Sideswipe, Same Direction",no,no,no,no,no,False
101599487,METROPOLITAN NASHVILLE POLICE DEPT,20170285984,Davidson,Nashville,3/31/2017 2:15:00 PM,2,0,0,36.174930,-86.756630,S 9TH ST,,,,0.00,,,WOODLAND ST,,,,0.00,Y,Four-Way, ,Intersection,Construction Zone,,,         ,Alexander,Georgeson,Cloudy,Angle,no,no,no,no,no,False
101599502,METROPOLITAN NASHVILLE POLICE DEPT,20170286040,Davidson,Not in City Limit,3/31/2017 1:15:00 PM,2,0,0,36.264160,-86.735550,I65 N EXT RAMP,,,,0.00,Feet,East,OLD HICKORY BLVDW,,,,0.00,N,Not at Intersection, ,,None,,,         ,Jerry,Pirtle,,,no,no,no,no,no,False
101599507,METROPOLITAN NASHVILLE POLICE DEPT,20170286147,Davidson,Nashville,3/31/2017 3:44:00 PM,2,0,0,36.148470,-86.780890,I 40,,,,0.00,,,,,,,209.80,N,Not at Intersection, ,Non-Junction,None,,,         ,Jed,Baldoni,Clear,Front to Rear,no,no,no,no,no,False
101599508,METROPOLITAN NASHVILLE POLICE DEPT,2017-0285959,Davidson,Nashville,3/31/2017 2:10:00 PM,2,1,0,36.151900,-86.784230,12TH AVS,,,,0.00,,,11TH AVS,,,,0.00,Y,T-Intersection,N,Non-Junction,None,,,         ,Nicholas,McCluskey,Clear,Front to Rear,no,no,no,no,no,False