master_record_number,agency,agency_tracking_number,county,city,collision_date,vehicles_involved,number_injured,number_dead,latitude,longitude,roadway_name,roadway_suffix,roadway_number,roadway_local_id,distance_from_reference,miles-feet_indicator,direction_from_reference,intersection_road_name,intersection_road_name_suffix,intersection_road_number,intersection_local_id,mile_marker,intersection_indicator,intersect_type,interchange_related_indicator,relation_to_junction,work_zone_type,construction_maintenance_zone,construction_maintenance_zone_location,fatal_case_number,officer_first_name,officer_last_name,weather_condition(s),manner_of_crash,pedestrian,bicycle,scooter,parking,hitrun,mou
101599518,METROPOLITAN NASHVILLE POLICE DEPT,20170286008,Davidson,Nashville,3/31/2017 2:08:00 PM,2,0,0,36.238070,-86.783940,BRILEY PKWYE,,,,235.00,Feet,West,I24 W EXT RAMP,,,,0.00,N,Not at Intersection, ,Non-Junction,None,,,         ,Broderick,Jones,Clear,"Sideswipe, Same Direction",no,no,no,no,no,False
101599522,GOODLETTSVILLE POLICE DEPT,17-11599,Davidson,Goodlettsville,3/31/2017 3:22:00 PM,2,1,0,36.302861,-86.719695,DICKERSON,RD,SR41,,0.00,Feet,West,DICKERSON,RD,SR41,914 SOUTH DICKERSON ROAD,0.00,N,Not at Intersection,N,Non-Junction,None,,,         ,Brian,Hajdu,Cloudy,"Sideswipe, Same Direction",no,no,no,no,no,False
101599526,METROPOLITAN NASHVILLE POLICE DEPT,20170285942,Davidson,Nashville,3/31/2017 2:02:00 PM,2,0,0,36.070490,-86.734440,EDMONDSON PKE,,,,252.00,Feet,North,DURRETT DR,,,,0.00,N,Not at Intersection,N,Non-Junction,None,,,         ,Edin,Plancic,Cloudy,Front to Rear,no,no,no,no,no,False
101599527,METROPOLITAN NASHVILLE POLICE DEPT,20170286190,Davidson,Nashville,3/31/2017 3:45:00 PM,2,0,0,36.170630,-86.801960,JEFFERSON ST,,,,195.00,Feet,West,14TH AVN,,,,0.00,N,Not at Intersection, ,Non-Junction,None,,,         ,Andy,Esqueda,Cloudy,Front to Rear,no,no,no,no,no,False
101599528,METROPOLITAN NASHVILLE POLICE DEPT,20170286023,Davidson,Nashville,3/31/2017 2:46:00 PM,2,0,0,36.148660,-86.807040,ELLISTON PL,,,,0.00,,,24TH AVN,,,,0.00,Y,Four-Way,N,Intersection,None,,,         ,David,Collins,Cloudy,Angle,no,no,no,no,no,Campus
101599562,METROPOLITAN NASHVILLE POLICE DEPT,20170286115,Davidson,Nashville,3/31/2017 3:30:00 PM,2,0,0,36.171720,-86.790400,ROSA L PARKS BLVD,,,,149.00,Feet,North,LOCKLAYER ST,,,,0.00,N,Not at Intersection, ,Non-Junction,None,,,         ,Kendra,Cowper,Cloudy,Front to Rear,no,no,no,no,no,False
101599570,GOODLETTSVILLE POLICE DEPT,17-11592,Davidson,Goodlettsville,3/31/2017 2:13:00 PM,3,0,0,36.306840,-86.703570,RIVERGATE PKWY,,,,101.00,Feet,North,RIVERGATE PKWY PVTDR,,,,0.00,N,Not at Intersection, ,Non-Junction,None,,,         ,James,Wells,Cloudy,Front to Rear,no,no,no,no,no,False
101599578,METROPOLITAN NASHVILLE POLICE DEPT,20170285826,Davidson,Nashville,3/31/2017 12:50:00 PM,2,0,0,36.233170,-86.814710,BRILEY PKWY E EXT RAMP,,,,0.00,,,BRILEY PKWY E ENT RAMP,,,,0.00,Y,T-Intersection, ,Non-Junction,None,,,         ,Royce,McLester,Cloudy,Front to Rear,no,no,no,no,no,False
101599589,METROPOLITAN NASHVILLE POLICE DEPT,20170286318,Davidson,Nashville,3/31/2017 4:49:00 PM,2,0,0,36.205930,-86.769180,W TRINITY LN,,,,169.00,Feet,West,E TRINITY LN,,,,0.00,N,Not at Intersection, ,Non-Junction,None,,,         ,Amanda,Fox,Cloudy,Front to Rear,no,no,no,no,no,False
101599591,METROPOLITAN NASHVILLE POLICE DEPT,20170286423,Davidson,Not in City Limit,3/31/2017 3:20:00 PM,2,0,0,36.268920,-86.755880,DICKERSON PKE,,,,131.00,Feet,South,OLD HICKORY BLVD,,,,0.00,N,Not at Intersection, ,Non-Junction,None,,,         ,Jordan,Vrbas,Cloudy,Angle,no,no,no,no,no,False
101599597,METROPOLITAN NASHVILLE POLICE DEPT,20170286305,Davidson,Not in City Limit,3/31/2017 4:49:00 PM,2,0,0,36.282530,-86.702860,EDGEMEADE DR,,,,295.00,Feet,North,AURORA AV,,,,0.00,N,Not at Intersection,N,Non-Junction,None,,,         ,Cecilia,Gomez,Cloudy,Angle,no,no,no,no,no,False
101599598,METROPOLITAN NASHVILLE POLICE DEPT,20170286241,Davidson,Nashville,3/31/2017 12:00:00 AM,2,1,0,36.150900,-86.797700,LYLE AV,,,,253.00,Feet,North,BROADWAY,,,,0.00,N,Not at Intersection,N,Non-Junction,None,,,         ,Akira,McSwain,Clear,Angle,no,no,no,no,no,False
101599606,METROPOLITAN NASHVILLE POLICE DEPT,20170286270,Davidson,Nashville,3/31/2017 4:34:00 PM,2,0,0,36.043870,-86.661600,CANE RIDGE RD,,,,145.00,Feet,North,CANEWOOD DR,,,,0.00,N,Not at Intersection, ,"Driveway, Alley Access, etc",None,,,         ,Kevin,Keating,Cloudy,Angle,no,no,no,no,no,False
101599607,METROPOLITAN NASHVILLE POLICE DEPT,20170286456,Davidson,Nashville,3/31/2017 4:55:00 PM,2,0,0,36.043880,-86.656280,I 24,,,,0.00,,,,,,,59.60,N,Not at Intersection,N,Entrance/Exit Ramp Related,None,,,         ,Kevin,Keating,Cloudy,"Sideswipe, Same Direction",no,no,no,no,yes,False
101599608,METROPOLITAN NASHVILLE POLICE DEPT,20170286363,Davidson,Nashville,3/31/2017 2:30:00 PM,2,0,0,36.130360,-86.785710,10TH AVS,,,,50.00,Feet,South,SOUTH DOUGLAS AV,,,,0.00,N,Not at Intersection,N,Non-Junction,None,,,         ,Jonathan,Frith,Clear,"Sideswipe, Same Direction",no,no,no,no,yes,False
101599609,METROPOLITAN NASHVILLE POLICE DEPT,20170285998,Davidson,Nashville,3/31/2017 2:50:00 PM,3,0,0,36.201980,-86.739400,GALLATIN PKE,,,,8.00,Feet,South,DOZIER PL,,,,0.00,N,Not at Intersection,N,Non-Junction,None,,,         ,Kevin,Johnson,Clear,Front to Rear,no,no,no,no,no,False
101599628,METROPOLITAN NASHVILLE POLICE DEPT,20170286243,Davidson,Nashville,3/31/2017 4:00:00 PM,2,0,0,36.052770,-86.714750,NOLENSVILLE PKE,,,,330.00,Feet,South,BREWER DR,,,,0.00,N,Not at Intersection, ,Non-Junction,None,,,         ,Darryl,Williams,Clear,Front to Rear,no,no,no,no,no,False
101599636,METROPOLITAN NASHVILLE POLICE DEPT,20170286125,Davidson,Nashville,3/31/2017 3:36:00 PM,3,4,0,36.216280,-86.584890,LEBANON PKE,,,,378.00,Feet,West,LADY NASHVILLE DR,,,,0.00,N,Not at Intersection,N,Non-Junction,None,,,         ,Cody,O'Quinn,Cloudy,HeadOn,no,no,no,no,no,False
101599639,BERRY HILL POLICE DEPT,17-1075,Davidson,Berry Hill,3/31/2017 5:05:00 PM,2,0,0,36.115430,-86.766510,BRANSFORD AV,,,,448.00,Feet,South,E IRIS DR,,,,0.00,N,Not at Intersection, ,,None,,,         ,Stephen,Reece,,,no,no,no,no,no,False
101599646,METROPOLITAN NASHVILLE POLICE DEPT,20170286407,Davidson,Not in City Limit,3/31/2017 3:20:00 PM,2,0,0,36.261220,-86.712540,GALLATIN PKES,,,,6.00,Feet,South,MAPLE ST,,,,0.00,N,Not at Intersection, ,Non-Junction,None,,,         ,Broderick,Jones,Clear,Front to Rear,no,no,no,no,no,False
101599648,METROPOLITAN NASHVILLE POLICE DEPT,20170285953,Davidson,Not in City Limit,3/31/2017 2:09:00 PM,3,2,0,36.262620,-86.684380,E OLD HICKORY BLVD,,,,0.00,,,LARKIN SPRINGS RD,,,,0.00,Y,Four-Way,Y,Intersection,None,,,         ,Samuel,Miller,Cloudy,Angle,no,no,no,no,no,False
101599651,BERRY HILL POLICE DEPT,17-1074,Davidson,Berry Hill,3/31/2017 4:55:00 PM,2,0,0,36.119810,-86.775240,GALE LN,,,,120.00,Feet,South,FRANKLIN PKE,,,,0.00,N,Not at Intersection, ,Non-Junction,None,,,         ,John,Gleixner,Cloudy,Angle,no,no,no,no,no,False
101599660,METROPOLITAN NASHVILLE POLICE DEPT,20170286228,Davidson,Nashville,3/31/2017 4:20:00 PM,2,0,0,36.163380,-86.787800,10TH AVN,,,,0.00,,,10TH CIRN,,,,0.00,Y,Four-Way,N,Intersection-Related,None,,,         ,Jason,Thomas,Cloudy,Angle,no,no,no,no,no,False
101599663,METROPOLITAN NASHVILLE POLICE DEPT,20170286468,Davidson,Nashville,3/31/2017 5:36:00 PM,3,1,0,36.251690,-86.829890,BUENA VISTA PKE,,,,292.00,Feet,South,WHITES CREEK PKE,,,,0.00,N,Not at Intersection,N,Non-Junction,None,,,         ,Christopher,Templin,Clear,Front to Rear,no,no,no,no,no,False
101599664,METROPOLITAN NASHVILLE POLICE DEPT,20170286315,Davidson,Nashville,3/31/2017 4:18:00 PM,2,0,0,36.165540,-86.696980,LEBANON PKE,,,,0.00,,,DONELSON HILLS DR,,,,0.00,Y,T-Intersection,Y,Intersection,None,,,         ,Brian,Smith,Cloudy,Front to Rear,no,no,no,no,no,False
101599674,METROPOLITAN NASHVILLE POLICE DEPT,20170286605,Davidson,Antioch,3/31/2017 6:38:00 PM,2,0,0,36.068150,-86.596380,MT VIEW RIDGE DR,,,,0.00,,,MT VIEW RD,,,,0.00,Y,T-Intersection, ,Intersection-Related,None,,,         ,Benny,Pittman,Clear,Front to Rear,no,no,no,no,no,False
101599680,METROPOLITAN NASHVILLE POLICE DEPT,20170286403,Davidson,Nashville,3/31/2017 5:05:00 PM,2,0,0,36.117760,-86.748680,NOLENSVILLE PKE,,,,0.00,,,LUTIE ST,,,,0.00,Y,T-Intersection,Y,Intersection,None,,,         ,Jedidayah,Merriweather,Cloudy,Angle,no,no,no,no,no,False
101599682,METROPOLITAN NASHVILLE POLICE DEPT,20170286634,Davidson,Nashville,3/31/2017 12:00:00 AM,2,1,0,36.210110,-86.873300,ASHLAND CITY HWY,,,,59.00,Feet,West,ASHLAND CITY HWY WB ENT RAMP,,,,0.00,N,Not at Intersection,N,Non-Junction,None,,,         ,Melvin,Taylor,Cloudy,Front to Rear,no,no,no,no,no,False
101599702,METROPOLITAN NASHVILLE POLICE DEPT,20170286152,Davidson,Nashville,3/31/2017 3:47:00 PM,2,1,0,36.248460,-86.720050,GALLATIN PKES,,,,170.00,Feet,North,DUE WEST AVE,,,,0.00,N,Not at Intersection,N,Non-Junction,None,,,         ,George,Oden,Clear,Front to Rear,no,no,no,no,no,False
101599703,METROPOLITAN NASHVILLE POLICE DEPT,20170286222,Davidson,Nashville,3/31/2017 3:20:00 PM,2,0,0,36.123270,-86.749600,I 440,,,,0.00,,,,,,,6.40,N,Not at Intersection, ,Non-Junction,None,,,         ,Eric,Thomas,Clear,Front to Rear,no,no,no,no,no,False
101599708,METROPOLITAN NASHVILLE POLICE DEPT,20170286218,Davidson,Nashville,3/31/2017 4:20:00 PM,3,0,0,36.117870,-86.725820,I 24,,,,0.00,,,,,,,53.10,N,Not at Intersection,N,Non-Junction,None,,,         ,Jessie,Meadows,Clear,"Sideswipe, Same Direction",no,no,no,no,no,False
101599709,METROPOLITAN NASHVILLE POLICE DEPT,20170286398,Davidson,Nashville,3/31/2017 6:21:00 PM,2,0,0,36.131550,-86.726740,I24 W ENT RAMP,,,,0.00,Feet,East,I 24,,,,0.00,N,Not at Intersection, ,Non-Junction,None,,,         ,Jessie,Meadows,Clear,"Sideswipe, Same Direction",no,no,no,no,no,False
101599710,METROPOLITAN NASHVILLE POLICE DEPT,20170286477,Davidson,Nashville,3/31/2017 5:29:00 PM,2,2,0,36.088300,-86.649540,MURFREESBORO PKE,,,,310.00,Feet,South,RANSOM PL,,,,0.00,N,Not at Intersection,N,Non-Junction,None,,,         ,Marcus,Darden,Clear,Angle,no,no,no,no,no,False
101599711,METROPOLITAN NASHVILLE POLICE DEPT,20170286432,Davidson,Nashville,3/31/2017 5:30:00 PM,2,0,0,36.158060,-86.877010,ROBERTSON AV,,,,0.00,Feet,,JAMES AV,,,,0.00,Y,OTHER,N,Intersection,None,,,         ,Joseph,Patricio,Cloudy,Angle,no,no,no,no,no,False
101599714,METROPOLITAN NASHVILLE POLICE DEPT,20170286394,Davidson,Nashville,3/31/2017 2:04:00 PM,2,0,0,36.140870,-86.817430,WEST END AV,,,,0.00,,,ACKLEN PARK DR,,,,0.00,Y,T-Intersection, ,Intersection,None,,,         ,Eric,Burford,Clear,Angle,no,no,no,no,no,False
101599719,METROPOLITAN NASHVILLE POLICE DEPT,20170286488,Davidson,Nashville,3/31/2017 5:52:00 PM,2,0,0,36.150240,-86.772050,I40 W ENT RAMP,,,,0.00,Feet,East,I 40,,,,0.00,N,Not at Intersection,N,Non-Junction,None,,,         ,Tyler,Manivong,Clear,Front to Rear,no,no,no,no,no,False
101599724,METROPOLITAN NASHVILLE POLICE DEPT,20170286446,Davidson,Nashville,3/31/2017 5:35:00 PM,2,0,0,36.150220,-86.777660,7TH AVS,,,,145.00,Feet,North,DIVISION ST,,,,0.00,N,Not at Intersection,N,Non-Junction,None,,,         ,Jason,Thomas,Cloudy,Angle,no,no,no,no,yes,False
101599727,Nashville Airport Police,2017-00986,Davidson,Nashville,3/28/2017 8:15:00 PM,2,0,0,36.109690,-86.671460,KNAPP BLVD,,,,0.00,,,DONELSON PKE,,,,0.00,Y,Four-Way, ,Intersection-Related,None,,,         ,Daniel,Winter,Clear,HeadOn,no,no,no,no,no,False
101599730,METROPOLITAN NASHVILLE POLICE DEPT,20170285975,Davidson,Nashville,3/31/2017 2:36:00 PM,2,2,0,36.143240,-86.685930,I 40,,,,0.00,,,,,,,215.50,N,Not at Intersection,N,Non-Junction,None,,,         ,Jefferson,Hughes,Clear,Front to Rear,no,no,no,no,no,False
101599731,METROPOLITAN NASHVILLE POLICE DEPT,20170286803,Davidson,Nashville,3/31/2017 12:00:00 AM,2,0,0,36.231790,-86.801610,CLAYMILLE BLVD,,,,36.00,Feet,South,EWING DR,,,,0.00,N,Not at Intersection, ,Non-Junction,None,,,         ,Melvin,Taylor,Cloudy,"Sideswipe, Opposite Direction",no,no,no,no,no,False
101599733,METROPOLITAN NASHVILLE POLICE DEPT,20170286555,Davidson,Nashville,3/31/2017 6:16:00 PM,2,0,0,36.134250,-86.774730,I65 N EXT RAMP,,,,0.00,,,I 65,,,,0.00,Y,Four-Way, ,Non-Junction,None,,,         ,Akira,McSwain,Clear,Front to Rear,no,no,no,no,no,False
101599734,METROPOLITAN NASHVILLE POLICE DEPT,20170286665,Davidson,Not in City Limit,3/31/2017 6:45:00 PM,2,0,0,36.280610,-86.732890,I 65,,,,0.00,,,,,,,93.40,N,Not at Intersection,N,Non-Junction,None,,,         ,Jerry,Pirtle,Cloudy,"Sideswipe, Same Direction",no,no,no,no,no,False
101599742,METROPOLITAN NASHVILLE POLICE DEPT,20170286869,Davidson,Nashville,3/31/2017 8:33:00 PM,2,1,0,36.151820,-86.678510,ELM HILL PKE,,,,446.00,Feet,West,ROYAL PKWY,,,,0.00,N,Not at Intersection,N,Non-Junction,None,,,         ,Brian,Smith,Clear,Front to Rear,no,no,no,no,no,False
101599753,METROPOLITAN NASHVILLE POLICE DEPT,20170286558,Davidson,Nashville,3/31/2017 6:17:00 PM,2,2,0,36.245160,-86.722080,GALLATIN PKES,,,,257.00,Feet,North,LAKEWOOD DR,,,,0.00,N,Not at Intersection,N,Non-Junction,None,,,         ,Samuel,Miller,Cloudy,Angle,no,no,no,no,no,False
101599754,METROPOLITAN NASHVILLE POLICE DEPT,20170286278,Davidson,Nashville,3/31/2017 4:36:00 PM,2,2,0,36.046430,-86.654700,HICKORY HOLLOW PKWY,,,,0.00,,,HICKORY HOLLOW LN,,,,0.00,Y,Four-Way,N,Intersection,None,,,         ,Alyson,Cook,Clear,Angle,no,no,no,no,yes,False
101599755,METROPOLITAN NASHVILLE POLICE DEPT,20170286663,Davidson,Nashville,3/31/2017 7:00:00 PM,2,0,0,36.193040,-86.737200,STRAIGHTWAY AV,,,,0.00,Feet,West,N 16TH ST,,,,0.00,N,Not at Intersection,N,Non-Junction,None,,,         ,Phillip,Box,Clear,"Sideswipe, Same Direction",no,no,no,no,yes,False
101599757,METROPOLITAN NASHVILLE POLICE DEPT,20170286219,Davidson,Not in City Limit,3/31/2017 4:13:00 PM,6,3,0,36.316800,-86.834860,I 24,,,,0.00,,,,,,,37.00,N,Not at Intersection,N,Non-Junction,None,,,         ,Nathaniel,Myers,Cloudy,Front to Rear,no,no,no,no,no,False
101599761,METROPOLITAN NASHVILLE POLICE DEPT,20170286843,Davidson,Nashville,3/31/2017 8:05:00 PM,2,0,0,36.161050,-86.777220,4TH AVN,,,,17.00,Feet,South,BROADWAY,,,,0.00,N,Not at Intersection, ,Non-Junction,None,,,         ,Jonathan,Weeks,Clear,"Sideswipe, Same Direction",no,no,no,no,no,False
101599762,METROPOLITAN NASHVILLE POLICE DEPT,20170286750,Davidson,Nashville,3/31/2017 7:24:00 PM,2,1,0,36.151800,-86.771250,LAFAYETTE ST,,,,0.00,Feet,West,4TH AVS,,,,0.00,N,Not at Intersection,N,Non-Junction,None,,,         ,Tyler,Manivong,Clear,Front to Rear,no,no,no,no,no,False
101599769,METROPOLITAN NASHVILLE POLICE DEPT,20170286079,Davidson,Nashville,3/31/2017 3:30:00 PM,2,0,0,36.152870,-86.765270,I 40,,,,0.00,,,,,,,210.65,N,Not at Intersection,N,Non-Junction,None,,,         ,Brent,Hedgcoth,Clear,Front to Rear,no,no,no,no,no,False
101599772,METROPOLITAN NASHVILLE POLICE DEPT,20170286122,Davidson,Goodlettsville,3/31/2017 3:31:00 PM,2,1,0,36.295780,-86.726670,DICKERSON PKES,,,,0.00,,,ROBERT CARTWRIGHT DR,,,,0.00,Y,T-Intersection,Y,Intersection,None,,,         ,Samuel,Miller,Cloudy,Angle,no,no,no,no,no,False
101599790,METROPOLITAN NASHVILLE POLICE DEPT,20170286994,Davidson,Nashville,3/31/2017 9:14:00 PM,2,0,0,36.047070,-86.647990,MT VIEW RD,,,,0.00,,,BELL FORGE LNE,,,,0.00,Y,Four-Way,N,Non-Junction,None,,,         ,Alyson,Cook,Clear,Angle,no,no,no,no,yes,False
101599792,METROPOLITAN NASHVILLE POLICE DEPT,20170286734,Davidson,Not in City Limit,3/31/2017 7:30:00 PM,2,0,0,36.263100,-86.712320,OLD HICKORY BLVDW,,,,80.00,Feet,East,OLD TIME VILLAGE PVTDR,,,,0.00,N,Not at Intersection, ,Non-Junction,None,,,         ,Samuel,Miller,Cloudy,Angle,no,no,no,no,no,False
101599803,METROPOLITAN NASHVILLE POLICE DEPT,20170287010,Davidson,Nashville,3/31/2017 9:02:00 PM,2,0,0,36.070410,-86.634560,MURFREESBORO PKE,,,,713.00,Feet,South,BELL RD,,,,0.00,N,Not at Intersection, ,Non-Junction,None,,,         ,Kevin,Keating,Clear,"Sideswipe, Same Direction",no,no,no,no,no,False
101599804,METROPOLITAN NASHVILLE POLICE DEPT,20170287065,Davidson,Nashville,3/31/2017 9:40:00 PM,2,2,0,36.050730,-86.646910,BELL RD,,,,0.00,Feet,,HICKORY HOLLOW TER,,,,0.00,Y,Four-Way,N,Intersection-Related,None,,,         ,Alyson,Cook,Clear,Angle,no,no,no,no,no,False
101599805,METROPOLITAN NASHVILLE POLICE DEPT,20170286802,Davidson,Not in City Limit,3/31/2017 7:30:00 PM,2,0,0,36.263520,-86.711760,GALLATIN PKEN,,,,100.00,Feet,South,OLD TIME VILLAGE PVTDR,,,,0.00,N,Not at Intersection,N,Non-Junction,None,,,         ,Samuel,Miller,Cloudy,Angle,no,no,no,no,no,False
101599806,METROPOLITAN NASHVILLE POLICE DEPT,20170286256,Davidson,Nashville,3/31/2017 2:20:00 PM,2,0,0,36.171590,-86.768590,JAMES ROBERTSON PKWY,,,,144.00,Feet,East,INTERSTATE DR,,,,0.00,N,Not at Intersection, ,Non-Junction,None,,,         ,David,Snowden,Clear,Front to Rear,no,no,no,no,no,False
101599848,METROPOLITAN NASHVILLE POLICE DEPT,20170286232,Davidson,Nashville,3/31/2017 4:10:00 PM,2,0,0,36.144370,-86.656860,ELM HILL PKE,,,,122.00,Feet,East,HURT DR,,,,0.00,N,Not at Intersection,N,Non-Junction,None,,,         ,Jefferson,Hughes,Clear,Front to Rear,no,no,no,no,no,False
101599864,METROPOLITAN NASHVILLE POLICE DEPT,20170283520,Davidson,Nashville,3/30/2017 12:00:00 AM,2,0,0,36.152580,-86.784880,PINE ST,,,,0.00,,,,,,,0.00,,, ,OtherLocation,None,,,         ,Michael,Douglas,Unknown,Front to Rear,no,no,no,yes,yes,False
101599881,METROPOLITAN NASHVILLE POLICE DEPT,20170287265,Davidson,Nashville,3/31/2017 10:40:00 PM,2,0,0,36.097880,-86.728420,COLBY DR,,,,239.00,Feet,South,MCCALL ST,,,,0.00,N,Not at Intersection, ,Non-Junction,None,,,         ,Erik,Dabbs,Clear,Rear to Rear,no,no,no,no,no,False
101599900,METROPOLITAN NASHVILLE POLICE DEPT,20170287415,Davidson,Not in City Limit,3/31/2017 10:50:00 PM,1,0,0,36.256570,-86.812030,KNIGHT DR,,,,0.88,Miles,North,PARMLEY LN,,,,0.00,N,Not at Intersection,N,Non-Junction,None,,,         ,Geoffrey,Daugherty,Clear,Not Collision with Motor Vehicle in Transport,no,no,no,no,no,False
101599913,METROPOLITAN NASHVILLE POLICE DEPT,20170287284,Davidson,Nashville,3/31/2017 10:57:00 PM,2,1,0,36.140640,-86.732040,I 40,,,,0.00,,,,,,,213.00,N,Not at Intersection,Y,Non-Junction,None,,,         ,Joseph,Zambardi,Clear,Front to Rear,no,no,no,no,no,False
101599915,METROPOLITAN NASHVILLE POLICE DEPT,20170287288,Davidson,Nashville,3/31/2017 10:53:00 PM,2,0,0,36.134530,-86.825410,WEST END AV,,,,42.00,Feet,West,BOWLING AV,,,,0.00,N,Not at Intersection, ,Non-Junction,None,,,         ,Je-Marc,Sears,Clear,Front to Rear,no,no,no,no,no,False
101599947,METROPOLITAN NASHVILLE POLICE DEPT,20170287322,Davidson,Nashville,3/31/2017 11:13:00 PM,2,2,0,36.113050,-86.800030,WOODMONT BLVD,,,,0.00,,,BELMONT BLVD,,,,0.00,Y,Four-Way,Y,Intersection,None,,,         ,Joshua,Billotte,Clear,Angle,no,no,no,no,no,False
101599950,METROPOLITAN NASHVILLE POLICE DEPT,2017-0287305,Davidson,Nashville,3/31/2017 9:59:00 PM,1,0,0,36.040600,-86.781970,I65 N EXT RAMP,,,,0.00,Feet,East,I 65,,,,0.00,N,Not at Intersection,N,Non-Junction,None,,,         ,Thomas,Miller,Clear,Not Collision with Motor Vehicle in Transport,no,no,no,no,no,False
101599951,METROPOLITAN NASHVILLE POLICE DEPT,20170287435,Davidson,Nashville,3/31/2017 10:30:00 PM,2,0,0,36.224210,-86.824650,KINGS CIR,,,,163.00,Feet,East,MEADOW HILL DR,,,,0.00,N,Not at Intersection, ,Non-Junction,None,,,         ,James,Murphy,Clear,"Sideswipe, Same Direction",no,no,no,no,yes,False
101599954,METROPOLITAN NASHVILLE POLICE DEPT,20170287174,Davidson,Nashville,3/31/2017 2:13:00 AM,2,2,0,36.238780,-86.630010,PITTS AV,,,,0.00,,,LAKESHORE DR,,,,0.00,Y,Four-Way,N,Intersection,None,,,         ,Michael,Richardson,Clear,Front to Rear,no,no,no,no,no,False
101600194,THP District 3 - Nashville,317018358,Davidson,Goodlettsville,3/31/2017 2:10:00 PM,2,1,0,36.296340,-86.698730,MYATT DR,,,,152.00,Feet,North,RIVERGATE STATION PVTDR,,,,0.00,N,Not at Intersection,N,Non-Junction,None,,,         ,Randall retired,Cole retired,Cloudy,Angle,no,no,no,no,no,False
101600313,METROPOLITAN NASHVILLE POLICE DEPT,20170286337,Davidson,Not in City Limit,3/31/2017 3:30:00 PM,2,0,0,36.260950,-86.738220,I 65,,,,0.00,,,,,,,92.00,N,Not at Intersection,N,Non-Junction,None,,,         ,Christopher,Littles,Cloudy,"Sideswipe, Same Direction",no,no,no,no,yes,False
101600442,Nashville Airport Police,2017-01025,Davidson,Nashville,3/31/2017 6:04:00 PM,3,0,0,0.000000,0.000000,DONELSON,PIKE,SR255,,0.20,Miles,North,KNAPP,BLVD,SR255,,0.00,N,Not at Intersection, ,Non-Junction,None,,,         ,Steve,Wright,Clear,Front to Rear,no,no,no,no,no,False
101600478,VANDERBILT UNIVERSITY POLICE,2017-0276483,Davidson,Nashville,3/28/2017 4:15:00 PM,2,0,0,36.139670,-86.806010,CHILDRENS WAY,,,,0.00,,,,,,,0.00,,, ,Non-Junction,None,,,         ,Jordan,Thompson,Clear,Angle,no,no,no,yes,no,Campus
101600546,GOODLETTSVILLE POLICE DEPT,17-11291,Davidson,Goodlettsville,3/29/2017 10:34:00 PM,2,2,0,36.318430,-86.702520,I 65,,,,0.00,,,,,,,96.60,N,Not at Intersection,N,Entrance/Exit Ramp Related,None,,,         ,Wesley,Kinnaird,Clear,"Sideswipe, Same Direction",no,no,no,no,no,False
101600978,Nashville Airport Police,2017-1018,Davidson,Nashville,3/31/2017 12:47:00 PM,2,0,0,36.130300,-86.665560,TERMINAL DR,,,,427.00,Feet,North,DONELSON PKE S ENT RAMP,,,,0.00,N,Not at Intersection, ,Non-Junction,Construction Zone,,,         ,George,Rusho,Clear,"Sideswipe, Same Direction",no,no,no,no,no,False
101602232,BERRY HILL POLICE DEPT,17-1078,Davidson,Nashville,3/31/2017 8:50:00 PM,2,0,0,36.111620,-86.773770,FRANKLIN PKE,,,,0.00,,,,,,,0.00,,, ,Non-Junction,None,,,         ,John,Gleixner,Cloudy,HeadOn,no,no,no,yes,yes,False
101602391,BRENTWOOD POLICE DEPT,201700010981,Davidson,Nashville,3/31/2017 4:19:00 PM,2,0,0,36.035560,-86.787450,FRANKLIN RD,,,,0.00,,,TOWN CENTER WAY,,,,0.00,Y,Four-Way, ,Intersection-Related,None,,,         ,Isaac,Hulan,Cloudy,"Sideswipe, Same Direction",no,no,no,no,no,False
101602522,METROPOLITAN NASHVILLE POLICE DEPT,20170273413,Davidson,Nashville,3/27/2017 4:00:00 PM,2,0,0,36.140310,-86.829200,MURPHY RD,,,,0.00,,,37TH AVN,,,,0.00,Y,OTHER,N,Non-Junction,None,,,         ,Edward,Rucker,Clear,Front to Rear,no,no,no,no,no,False
101602709,TENNESSEE STATE UNIVERSITY ,17-TSU-21023,Davidson,Nashville,3/26/2017 9:10:00 PM,2,0,0,36.169680,-86.821300,W HEIMAN ST,,,,0.00,,,ED TEMPLE BLVD,,,,0.00,Y,OTHER, ,Non-Junction,None,,,         ,Harold,Taylor,Clear,Angle,no,no,no,yes,yes,False
101610863,METROPOLITAN NASHVILLE POLICE DEPT,20170285046,Davidson,Nashville,3/31/2017 7:03:00 AM,1,0,1,36.087460,-86.943410,I 40,,,,0.00,,,,,,,197.20,N,Not at Intersection,N,Non-Junction,None,,,17-0212  ,Carey,Steel,Cloudy,Not Collision with Motor Vehicle in Transport,no,no,no,no,no,False
101612855,THP District 7 - Lawrenceburg,317017387,Davidson,Nashville,3/27/2017 5:03:00 PM,2,0,0,36.116300,-86.770430,I440 E ENT RAMP,,,,0.00,,,I 65,,,,0.00,Y,Y-Intersection, ,Intersection-Related,None,,,         ,Trent,Sutherland,Rain,"Sideswipe, Same Direction",no,no,no,no,no,False
101624019,METROPOLITAN NASHVILLE POLICE DEPT,20170300131,Davidson,Nashville,3/26/2017 11:30:00 AM,2,0,0,36.045220,-86.714790,BRENTWOOD EAST DR,,,,0.00,,,OLD HICKORY BLVD,,,,0.00,Y,OTHER,N,Non-Junction,None,,,         ,Joseph,Jakes,Unknown,Angle,no,no,no,yes,yes,False